canonical_id,canonical_name_ko,raw_name,volume_ml,non_unit,price_krw,market,channel,branch,date,source_family,source_file,status,exclude_reason
w007,글렌피딕 15년,글렌피딕 15년 700ml,700,False,99800,KR,트레이더스,,2026-03(추정),youtube_martweb,2026-03.csv,matched,
w005,글렌피딕 12년,글렌피딕 12년 700ml,700,False,84800,KR,트레이더스,,2026-03(추정),youtube_martweb,2026-03.csv,matched,
w008,발베니 12년 더블우드,발베니 12년 더블우드,,False,96800,KR,트레이더스,,2026-03(추정),youtube_martweb,2026-03.csv,matched,
w061,제임슨,제임슨 아이리시 위스키 700ml,700,False,26690,KR,코스트코,,2026-03-01,youtube_martweb,2026-03.csv,matched,
w026,로얄 브라클라 12년,로얄 브라클라 12년 700ml,700,False,82900,KR,코스트코,,2026-03-01,youtube_martweb,2026-03.csv,matched,
w053,조니워커 블루라벨,조니워커 블루 700ml,700,False,256900,KR,코스트코,,2026-03-24,youtube_martweb,2026-03.csv,matched,
w047,발렌타인 21년,발렌타인 21년 700ml,700,False,186900,KR,코스트코,,2026-03-24,youtube_martweb,2026-03.csv,matched,
w090,발렌타인 17년,발렌타인 17년 700ml,700,False,118900,KR,코스트코,,2026-03-24,youtube_martweb,2026-03.csv,matched,
w007,글렌피딕 15년,글렌피딕 15년 싱글 몰트 위스키 700ml,700,False,96900,KR,코스트코,,2026-03-24,youtube_martweb,2026-03.csv,matched,
w020,글렌모렌지 12년,글렌모렌지 D 오리지널 12년 700ml,700,False,79900,KR,코스트코,,2026-03-24,youtube_martweb,2026-03.csv,matched,
w026,로얄 브라클라 12년,로얄 브라클라 12년 700ml,700,False,82900,KR,코스트코,,2026-03-24,youtube_martweb,2026-03.csv,matched,
w012,맥캘란 12년 더블캐스크,맥캘란 12년 더블 캐스크 싱글 모트 위스키 700ml,700,False,96900,KR,코스트코,,2026-03-24,youtube_martweb,2026-03.csv,matched,
w146,달모어 12년 셰리캐스크,달모어 12년 쉐리케스크 싱글 모트 위스키 700ml,700,False,144900,KR,코스트코,,2026-03-24,youtube_martweb,2026-03.csv,matched,
w041,몽키숄더,몽키 숄더 700ml,700,False,49790,KR,코스트코,,2026-03-24,youtube_martweb,2026-03.csv,matched,
w042,조니워커 그린라벨 15년,조니워커 그린 700ml,700,False,66900,KR,코스트코,,2026-03-24,youtube_martweb,2026-03.csv,matched,
w009,발베니 14년 캐리비안 캐스크,발베니 14년 캐리비안 캐스크 700ml,700,False,134900,KR,코스트코,,2026-03-24,youtube_martweb,2026-03.csv,matched,
w008,발베니 12년 더블우드,발베니 12년 더블로드 700ml,700,False,94900,KR,코스트코,,2026-03-24,youtube_martweb,2026-03.csv,matched,
w067,잭다니엘 애플,잭다니엘 애플 1L,1000,False,44690,KR,코스트코,,2026-03-24,youtube_martweb,2026-03.csv,matched,
w072,우드포드 리저브,우드포드 리저브 1L,1000,False,79900,KR,코스트코,,2026-03-24,youtube_martweb,2026-03.csv,matched,
w083,산토리 가쿠빈,가쿠빈 700ml,700,False,27690,KR,코스트코,,2026-03-24,youtube_martweb,2026-03.csv,matched,
w061,제임슨,제임스 나이시 위스키 700ml,700,False,26690,KR,코스트코,,2026-03-24,youtube_martweb,2026-03.csv,matched,
w065,짐빔 화이트,진빔 법원이스키 1L,1000,False,35390,KR,코스트코,,2026-03-24,youtube_martweb,2026-03.csv,matched,
w047,발렌타인 21년,발렌타인 21년 700ml,700,False,186900,KR,코스트코,,2026-03-16,youtube_martweb,2026-03.csv,matched,
w090,발렌타인 17년,발렌타인 17년 700ml,700,False,118900,KR,코스트코,,2026-03-16,youtube_martweb,2026-03.csv,matched,
w012,맥캘란 12년 더블캐스크,맥캘란 12년 더블 캐스크 700ml,700,False,96900,KR,코스트코,,2026-03-16,youtube_martweb,2026-03.csv,matched,
w146,달모어 12년 셰리캐스크,달모어 12년 쉐리케스크 싱글 몰트 위스키 700ml,700,False,144900,KR,코스트코,,2026-03-16,youtube_martweb,2026-03.csv,matched,
w041,몽키숄더,몽키 숄더 700ml,700,False,49790,KR,코스트코,,2026-03-16,youtube_martweb,2026-03.csv,matched,
w091,잭다니엘 허니,잭다니엘 허니 1L,1000,False,57900,KR,코스트코,,2026-03-16,youtube_martweb,2026-03.csv,matched,
w072,우드포드 리저브,우드포드 리저브 1L,1000,False,79900,KR,코스트코,,2026-03-16,youtube_martweb,2026-03.csv,matched,
w112,커클랜드 바틀드 인 본드 버번,커클랜드 시그니처 바틀 인본드 버뉴스키 1L,1000,False,62900,KR,코스트코,,2026-03-16,youtube_martweb,2026-03.csv,matched,
,,커클랜드 시그니처 런던 드라이진,,False,28990,KR,코스트코,,2026-03-16,youtube_martweb,2026-03.csv,excluded,gin
w061,제임슨,제임슨 아이리시 위스키 700ml,700,False,26690,KR,코스트코,,2026-03-16,youtube_martweb,2026-03.csv,matched,
w065,짐빔 화이트,진빈 법원 유스키 1L,1000,False,25390,KR,코스트코,,2026-03-16,youtube_martweb,2026-03.csv,matched,
w083,산토리 가쿠빈,가쿠빈 700ml,700,False,32590,KR,코스트코,,2026-03-16,youtube_martweb,2026-03.csv,matched,
w009,발베니 14년 캐리비안 캐스크,발베니 14년 캐리비안 캐스크 700ml,700,False,134900,KR,코스트코,,2026-03-16,youtube_martweb,2026-03.csv,matched,
w008,발베니 12년 더블우드,발베니 12년 싱글트 위스키 700ml,700,False,94900,KR,코스트코,,2026-03-16,youtube_martweb,2026-03.csv,matched,
w007,글렌피딕 15년,글렌피딕 15년 싱글트 위스키 700ml,700,False,96900,KR,코스트코,,2026-03-16,youtube_martweb,2026-03.csv,matched,
w020,글렌모렌지 12년,글램 모렌지 D 오리지널 12년 700ml,700,False,79900,KR,코스트코,,2026-03-16,youtube_martweb,2026-03.csv,matched,
w026,로얄 브라클라 12년,브라클라 12년 700ml,700,False,82900,KR,코스트코,,2026-03-16,youtube_martweb,2026-03.csv,matched,
w065,짐빔 화이트,진빔 700ml,700,False,19800,KR,이마트,,2026-03-11,youtube_martweb,2026-03.csv,matched,
w105,발베니 16년 프렌치 오크,발베니 16년 프렌치오크 700ml,700,False,249800,KR,이마트,,2026-03-11,youtube_martweb,2026-03.csv,matched,
w108,부쉬밀 12년 싱글몰트,부시밀 12년 싱글트 700ml,700,False,59400,KR,이마트,,2026-03-11,youtube_martweb,2026-03.csv,matched,
w102,라프로익 오크 셀렉트,라프로익 오크셀렉트 700ml,700,False,69800,KR,이마트,,2026-03-11,youtube_martweb,2026-03.csv,matched,
w110,에반 윌리엄스 싱글배럴,에반 윌리엄스 싱글 베럴 750ml,750,False,69800,KR,이마트,,2026-03-11,youtube_martweb,2026-03.csv,matched,
w113,코발 밀레,코발 밀레 위스키 500ml,500,False,53400,KR,이마트,,2026-03-11,youtube_martweb,2026-03.csv,matched,
w114,코발 라이,코발라이 위스키 500ml,500,False,53400,KR,이마트,,2026-03-11,youtube_martweb,2026-03.csv,matched,
w068,잭다니엘 라이,잭다니엘스 BB라이 700ml,700,False,55840,KR,이마트,,2026-03-11,youtube_martweb,2026-03.csv,matched,
w109,블랙보트,블랙보트 스카치 위스키 700ml,700,False,19800,KR,이마트,,2026-03-11,youtube_martweb,2026-03.csv,matched,
w055,듀어스 12년,듀어스 12년 퍼스트필 버번 캐스크 700ml,700,False,42800,KR,이마트,,2026-03-11,youtube_martweb,2026-03.csv,matched,
w035,라프로익 10년,라프로익 10년 750ml,750,False,69800,KR,이마트,,2026-03-11,youtube_martweb,2026-03.csv,matched,
w080,에반 윌리엄스 블랙,에반 윌리엄스 블랙 750mml,,False,25800,KR,이마트,,2026-03-11,youtube_martweb,2026-03.csv,matched,
w111,에반 윌리엄스 BIB,에반윌리엄스 BIB 750ml,750,False,31800,KR,이마트,,2026-03-11,youtube_martweb,2026-03.csv,matched,
w050,조니워커 블랙라벨 12년,조니워커 블랙라베 700ml,700,False,47800,KR,이마트,,2026-03-11,youtube_martweb,2026-03.csv,matched,
w103,린도어스 1494 코어,린도어스 1494 코어 위스키 700ml,700,False,69800,KR,이마트,,2026-03-11,youtube_martweb,2026-03.csv,matched,
w095,러셀스 리저브 10년,러셀 리저브 10년 750ml,750,False,69800,KR,이마트,,2026-03-11,youtube_martweb,2026-03.csv,matched,
w061,제임슨,제임슨 아이리시 위스키,,False,26690,KR,코스트코,,2026-03-06,youtube_martweb,2026-03.csv,matched,
w041,몽키숄더,몽키 숄더,,False,42290,KR,코스트코,,2026-03-06,youtube_martweb,2026-03.csv,matched,
w026,로얄 브라클라 12년,로얄 브라클라 12년 700ml,700,False,82900,KR,코스트코,,2026-03-06,youtube_martweb,2026-03.csv,matched,
w043,발렌타인 파이니스트,발렌타인 파이니스트,,False,28980,KR,트레이더스,,2026-04-03,youtube_martweb,2026-04.csv,matched,
w065,짐빔 화이트,짐빔 화이트,,False,27980,KR,트레이더스,,2026-04-03,youtube_martweb,2026-04.csv,matched,
w066,잭다니엘 No.7,잭다니엘 No.7,,False,34980,KR,트레이더스,,2026-04-03,youtube_martweb,2026-04.csv,matched,
w067,잭다니엘 애플,잭다니엘 애플,,False,37980,KR,트레이더스,,2026-04-03,youtube_martweb,2026-04.csv,matched,
w083,산토리 가쿠빈,산토리 가쿠빈,,False,39800,KR,트레이더스,,2026-04-03,youtube_martweb,2026-04.csv,matched,
w063,골든블루 다이아몬드,골든블루 다이아몬드,,False,39980,KR,트레이더스,,2026-04-03,youtube_martweb,2026-04.csv,matched,
w070,1792 스몰배치,1792 스몰배치,,False,44980,KR,트레이더스,,2026-04-03,youtube_martweb,2026-04.csv,matched,
w049,조니워커 레드라벨,조니워커 레드 1.75L,1750,False,47980,KR,트레이더스,,2026-04-03,youtube_martweb,2026-04.csv,matched,
w069,버팔로 트레이스,버팔로 트레이스,,False,49800,KR,트레이더스,,2026-04-03,youtube_martweb,2026-04.csv,matched,
w041,몽키숄더,몽키숄더,,False,50000,KR,트레이더스,,2026-04-03,youtube_martweb,2026-04.csv,matched,
w013,글렌그란트 12년,글렌그란트 12년,,False,59800,KR,트레이더스,,2026-04-03,youtube_martweb,2026-04.csv,matched,
w051,조니워커 더블블랙,조니워커 더블블랙 1L,1000,False,59800,KR,트레이더스,,2026-04-03,youtube_martweb,2026-04.csv,matched,
w042,조니워커 그린라벨 15년,조니워커 그린 15년,,False,74800,KR,트레이더스,,2026-04-03,youtube_martweb,2026-04.csv,matched,
w018,글렌드로낙 12년,글렌드로낙 12년,,False,82800,KR,트레이더스,,2026-04-03,youtube_martweb,2026-04.csv,matched,
w008,발베니 12년 더블우드,발베니 12년 더블우드,,False,96800,KR,트레이더스,,2026-04-03,youtube_martweb,2026-04.csv,matched,
w014,글렌그란트 15년,글렌그란트 15년,,False,97800,KR,트레이더스,,2026-04-03,youtube_martweb,2026-04.csv,matched,
w019,오반 14년,오반 14년,,False,99800,KR,트레이더스,,2026-04-03,youtube_martweb,2026-04.csv,matched,
w070,1792 스몰배치,1792 스몰배치,,False,39980,KR,트레이더스,,2026-04-13,youtube_martweb,2026-04.csv,matched,
w063,골든블루 다이아몬드,골든블루 다이아몬드,,False,44980,KR,트레이더스,,2026-04-13,youtube_martweb,2026-04.csv,matched,
w064,골든블루 사피루스,골든블루 사파이러스,,False,28980,KR,트레이더스,,2026-04-13,youtube_martweb,2026-04.csv,matched,
w020,글렌모렌지 12년,글렌모렌지 12년,,False,69800,KR,트레이더스,,2026-04-13,youtube_martweb,2026-04.csv,matched,
w021,글렌모렌지 15년,글렌모렌지 15년,,False,97800,KR,트레이더스,,2026-04-13,youtube_martweb,2026-04.csv,matched,
w022,글렌모렌지 익스플로전 No.1,글렌모렌지 익스플로전 #1,,False,99800,KR,트레이더스,,2026-04-13,youtube_martweb,2026-04.csv,matched,
w018,글렌드로낙 12년,글렌드로낙 12년,,False,79800,KR,트레이더스,,2026-04-13,youtube_martweb,2026-04.csv,matched,
w001,글렌리벳 12년,글렌리벳 12년 1L,1000,False,69800,KR,트레이더스,,2026-04-13,youtube_martweb,2026-04.csv,matched,
w002,글렌리벳 15년,글렌리벳 15년,,False,94800,KR,트레이더스,,2026-04-13,youtube_martweb,2026-04.csv,matched,
w005,글렌피딕 12년,글렌피딕 12년,,False,84800,KR,트레이더스,,2026-04-13,youtube_martweb,2026-04.csv,matched,
w006,글렌피딕 14년 버번배럴,글렌피딕 14년,,False,99800,KR,트레이더스,,2026-04-13,youtube_martweb,2026-04.csv,matched,
w055,듀어스 12년,듀어스 12년,,False,45980,KR,트레이더스,,2026-04-13,youtube_martweb,2026-04.csv,matched,
w056,듀어스 15년,듀어스 15년,,False,59400,KR,트레이더스,,2026-04-13,youtube_martweb,2026-04.csv,matched,
w036,라가불린 11년 오퍼맨 스위트피트,라가불린 11년 스위트 피트,,False,89800,KR,트레이더스,,2026-04-13,youtube_martweb,2026-04.csv,matched,
w077,러셀스 리저브 싱글배럴,러셀스 리저브 싱글배럴,,False,99800,KR,트레이더스,,2026-04-13,youtube_martweb,2026-04.csv,matched,
w026,로얄 브라클라 12년,로얄 브라클라 12년,,False,89800,KR,트레이더스,,2026-04-13,youtube_martweb,2026-04.csv,matched,
w012,맥캘란 12년 더블캐스크,맥캘란 12년 더블캐스크,,False,99800,KR,트레이더스,,2026-04-13,youtube_martweb,2026-04.csv,matched,
w041,몽키숄더,몽키숄더,,False,44980,KR,트레이더스,,2026-04-13,youtube_martweb,2026-04.csv,matched,
w044,발렌타인 10년,발렌타인 10년,,False,39980,KR,트레이더스,,2026-04-13,youtube_martweb,2026-04.csv,matched,
w046,발렌타인 싱글몰트 15년,발렌타인 싱글몰트 15년,,False,94800,KR,트레이더스,,2026-04-13,youtube_martweb,2026-04.csv,matched,
w043,발렌타인 파이니스트,발렌타인 파이니스트,,False,28980,KR,트레이더스,,2026-04-13,youtube_martweb,2026-04.csv,matched,
w008,발베니 12년 더블우드,발베니 12년 더블우드,,False,96800,KR,트레이더스,,2026-04-13,youtube_martweb,2026-04.csv,matched,
w009,발베니 14년 캐리비안 캐스크,발베니 14년 캐리비안 캐스크,,False,139800,KR,트레이더스,,2026-04-13,youtube_martweb,2026-04.csv,matched,
w040,뱅크홀 싱글몰트,뱅크홀 싱글몰트,,False,37980,KR,트레이더스,,2026-04-13,youtube_martweb,2026-04.csv,matched,
w069,버팔로 트레이스,버팔로 트레이스,,False,49980,KR,트레이더스,,2026-04-13,youtube_martweb,2026-04.csv,matched,
w083,산토리 가쿠빈,산토리 가쿠빈,,False,32980,KR,트레이더스,,2026-04-13,youtube_martweb,2026-04.csv,matched,
w031,아란 셰리 캐스크,아란 셰리 캐스크,,False,99800,KR,트레이더스,,2026-04-13,youtube_martweb,2026-04.csv,matched,
w081,에반 윌리엄스 12년,에반 윌리엄스 12년,,False,99800,KR,트레이더스,,2026-04-13,youtube_martweb,2026-04.csv,matched,
w080,에반 윌리엄스 블랙,에반 윌리엄스 블랙 1L,1000,False,33980,KR,트레이더스,,2026-04-13,youtube_martweb,2026-04.csv,matched,
w080,에반 윌리엄스 블랙,에반 윌리엄스 블랙 1.75L,1750,False,47980,KR,트레이더스,,2026-04-13,youtube_martweb,2026-04.csv,matched,
w082,에반 윌리엄스 14년,에반 윌리엄스 14년,,False,89400,KR,트레이더스,,2026-04-13,youtube_martweb,2026-04.csv,matched,
w074,와일드터키 레어브리드,와일드터키 레어브리드,,False,79800,KR,트레이더스,,2026-04-13,youtube_martweb,2026-04.csv,matched,
w075,와일드터키 켄터키 스피릿 싱글배럴,와일드터키 켄터키 스피릿 싱글배럴,,False,69400,KR,트레이더스,,2026-04-13,youtube_martweb,2026-04.csv,matched,
w037,오큰토션 10년,오큰토션 10년,,False,74800,KR,트레이더스,,2026-04-13,youtube_martweb,2026-04.csv,matched,
w068,잭다니엘 라이,잭다니엘 라이,,False,39980,KR,트레이더스,,2026-04-13,youtube_martweb,2026-04.csv,matched,
w066,잭다니엘 No.7,잭다니엘 No.7,,False,39980,KR,트레이더스,,2026-04-13,youtube_martweb,2026-04.csv,matched,
w061,제임슨,제임슨 스탠다드,,False,27980,KR,트레이더스,,2026-04-13,youtube_martweb,2026-04.csv,matched,
w042,조니워커 그린라벨 15년,조니워커 그린,,False,74800,KR,트레이더스,,2026-04-13,youtube_martweb,2026-04.csv,matched,
w051,조니워커 더블블랙,조니워커 더블블랙,,False,59800,KR,트레이더스,,2026-04-13,youtube_martweb,2026-04.csv,matched,
w049,조니워커 레드라벨,조니워커 레드 1.75L,1750,False,54800,KR,트레이더스,,2026-04-13,youtube_martweb,2026-04.csv,matched,
w050,조니워커 블랙라벨 12년,조니워커 블랙 1.75L,1750,False,94800,KR,트레이더스,,2026-04-13,youtube_martweb,2026-04.csv,matched,
w052,조니워커 블랙 루비,조니워커 블랙 루비,,False,54800,KR,트레이더스,,2026-04-13,youtube_martweb,2026-04.csv,matched,
w050,조니워커 블랙라벨 12년,조니워커 블랙 700ml,700,False,39980,KR,트레이더스,,2026-04-13,youtube_martweb,2026-04.csv,matched,
w065,짐빔 화이트,짐빔,,False,27980,KR,트레이더스,,2026-04-13,youtube_martweb,2026-04.csv,matched,
w084,카발란 디스틸러리 셀렉트,카발란 디스틸러리 셀렉트 싱글몰트,,False,69800,KR,트레이더스,,2026-04-13,youtube_martweb,2026-04.csv,matched,
w058,커티삭 프로히비션,쿠티삭 프로히비션,,False,39940,KR,트레이더스,,2026-04-13,youtube_martweb,2026-04.csv,matched,
w025,클라이넬리시 14년,클라이넬리시 14년,,False,79400,KR,트레이더스,,2026-04-13,youtube_martweb,2026-04.csv,matched,
w033,탈리스커 9년,탈리스커 9년,,False,25980,KR,트레이더스,,2026-04-13,youtube_martweb,2026-04.csv,matched,
,,탈리스커 1L,1000,False,16980,KR,트레이더스,,2026-04-13,youtube_martweb,2026-04.csv,unmatched,
w032,탈리스커 10년,탈리스커 10년,,False,69800,KR,트레이더스,,2026-04-13,youtube_martweb,2026-04.csv,matched,
w089,탈리스커 와일드 블루,탈리스커 와일드 블루,,False,74800,KR,트레이더스,,2026-04-13,youtube_martweb,2026-04.csv,matched,
w057,듀어스 18년,듀어스 18년,,False,99800,KR,트레이더스,,2026-04-13,youtube_martweb,2026-04.csv,matched,
w024,달모어 2005 빈티지,달모어 2005 빈티지,,False,670800,KR,트레이더스,,2026-04-13,youtube_martweb,2026-04.csv,matched,
w059,로얄 살루트 21년,로얄 살루트 21년 700ml,700,False,279800,KR,트레이더스,,2026-04-13,youtube_martweb,2026-04.csv,matched,
w047,발렌타인 21년,발렌타인 21년,,False,224800,KR,트레이더스,,2026-04-13,youtube_martweb,2026-04.csv,matched,
w053,조니워커 블루라벨,조니워커 블루라벨 500ml,500,False,189800,KR,트레이더스,,2026-04-13,youtube_martweb,2026-04.csv,matched,
w053,조니워커 블루라벨,조니워커 블루 750ml,750,False,259800,KR,트레이더스,,2026-04-13,youtube_martweb,2026-04.csv,matched,
w011,아벨라워 아부나흐,아벨라워 셰리 캐스크 에디션,,False,235800,KR,트레이더스,,2026-04-13,youtube_martweb,2026-04.csv,matched,
w070,1792 스몰배치,1792 풀프루프가,,False,90000,KR,이마트,,2026-04-30,youtube_martweb,2026-04.csv,matched,
w020,글렌모렌지 12년,글렌모렌지 D 오리지널 12년 700ml,700,False,79900,KR,코스트코,,2026-04-25,youtube_martweb,2026-04.csv,matched,
w090,발렌타인 17년,발렌타인 17년 700ml,700,False,146900,KR,코스트코,,2026-04-25,youtube_martweb,2026-04.csv,matched,
w047,발렌타인 21년,발렌타인 21년 700ml,700,False,22900,KR,코스트코,,2026-04-25,youtube_martweb,2026-04.csv,outlier,price_vs_havg(169014)
w146,달모어 12년 셰리캐스크,달모어 12년 쉐리케스크 700ml,700,False,144900,KR,코스트코,,2026-04-25,youtube_martweb,2026-04.csv,matched,
w026,로얄 브라클라 12년,로얄 브라클라 12년 700ml,700,False,82900,KR,코스트코,,2026-04-25,youtube_martweb,2026-04.csv,matched,
w053,조니워커 블루라벨,조니워커 블루 750mml,,False,256900,KR,코스트코,,2026-04-25,youtube_martweb,2026-04.csv,matched,
w041,몽키숄더,몽키 숄더 700ml,700,False,42290,KR,코스트코,,2026-04-25,youtube_martweb,2026-04.csv,matched,
w042,조니워커 그린라벨 15년,조니워커 그린 700ml,700,False,65900,KR,코스트코,,2026-04-25,youtube_martweb,2026-04.csv,matched,
w009,발베니 14년 캐리비안 캐스크,발베니 14년 캐리비안 캐스크 700ml,700,False,134900,KR,코스트코,,2026-04-25,youtube_martweb,2026-04.csv,matched,
w094,글렌피딕 12년 셰리 캐스크,글렌피딕 12년 쉐리케스크 700ml,700,False,69900,KR,코스트코,,2026-04-25,youtube_martweb,2026-04.csv,matched,
w007,글렌피딕 15년,글렌피딕 15년 700ml,700,False,96900,KR,코스트코,,2026-04-25,youtube_martweb,2026-04.csv,matched,
w012,맥캘란 12년 더블캐스크,맥캘란 12년 더블 캐스크 700ml,700,False,96900,KR,코스트코,,2026-04-25,youtube_martweb,2026-04.csv,matched,
w008,발베니 12년 더블우드,발베니 12년 더블 우드 700ml,700,False,94900,KR,코스트코,,2026-04-25,youtube_martweb,2026-04.csv,matched,
w066,잭다니엘 No.7,잭다니스 1L,1000,False,55900,KR,코스트코,,2026-04-25,youtube_martweb,2026-04.csv,matched,
w072,우드포드 리저브,우드포드 리저브 1L,1000,False,63900,KR,코스트코,,2026-04-25,youtube_martweb,2026-04.csv,matched,
w050,조니워커 블랙라벨 12년,조니워커 블랙 700ml,700,False,36990,KR,코스트코,,2026-04-25,youtube_martweb,2026-04.csv,matched,
w067,잭다니엘 애플,잭다니에스 애플 1L,1000,False,55900,KR,코스트코,,2026-04-25,youtube_martweb,2026-04.csv,matched,
w065,짐빔 화이트,진빔 1L,1000,False,35490,KR,코스트코,,2026-04-25,youtube_martweb,2026-04.csv,matched,
w061,제임슨,제임슨 700ml,700,False,26690,KR,코스트코,,2026-04-25,youtube_martweb,2026-04.csv,matched,
,,커클랜드 시그니처 꼬약 XO 750ml,750,False,147900,KR,코스트코,,2026-04-25,youtube_martweb,2026-04.csv,excluded,cognac
w083,산토리 가쿠빈,산토리 위스키 각쿠빈 700ml,700,False,27690,KR,코스트코,,2026-04-25,youtube_martweb,2026-04.csv,matched,
,,탈리스커 포트리 700ml,700,False,95000,KR,롯데마트,,2026-04-23,youtube_martweb,2026-04.csv,unmatched,
w118,탈리스커 디스틸러스 에디션,탈리스커 디스틸러스 에디션 700ml,700,False,99800,KR,롯데마트,,2026-04-23,youtube_martweb,2026-04.csv,matched,
w120,글렌그란트 아보랄리스,글랜그란트 아보랄리스 700ml,700,False,74000,KR,롯데마트,,2026-04-23,youtube_martweb,2026-04.csv,matched,
w053,조니워커 블루라벨,조니워커 블루 750ml,750,False,259800,KR,롯데마트,,2026-04-23,youtube_martweb,2026-04.csv,matched,
w047,발렌타인 21년,발렌타인 21년 700ml,700,False,244100,KR,롯데마트,,2026-04-23,youtube_martweb,2026-04.csv,matched,
w090,발렌타인 17년,발렌타인 17년 700ml,700,False,168300,KR,롯데마트,,2026-04-23,youtube_martweb,2026-04.csv,matched,
w115,글렌피딕 18년,글렌피딕 18년 700ml,700,False,256600,KR,롯데마트,,2026-04-23,youtube_martweb,2026-04.csv,matched,
w002,글렌리벳 15년,글렌리벳 15년 700ml,700,False,99800,KR,롯데마트,,2026-04-23,youtube_martweb,2026-04.csv,matched,
w046,발렌타인 싱글몰트 15년,발렌타인 싱글 몰트 글램버이 15년 700ml,700,False,132500,KR,롯데마트,,2026-04-23,youtube_martweb,2026-04.csv,matched,
w005,글렌피딕 12년,글렌피딕 12년 700ml,700,False,103600,KR,롯데마트,,2026-04-23,youtube_martweb,2026-04.csv,matched,
w094,글렌피딕 12년 셰리 캐스크,글렌피딕 12년 쉐리 700ml,700,False,89800,KR,롯데마트,,2026-04-23,youtube_martweb,2026-04.csv,matched,
w012,맥캘란 12년 더블캐스크,맥캘란 12년 더블 캐스크 700ml,700,False,99800,KR,롯데마트,,2026-04-23,youtube_martweb,2026-04.csv,matched,
w008,발베니 12년 더블우드,발베니 12년 700ml,700,False,96800,KR,롯데마트,,2026-04-23,youtube_martweb,2026-04.csv,matched,
,,글렌리벳 파운더스 리저브 700ml,700,False,54800,KR,롯데마트,,2026-04-23,youtube_martweb,2026-04.csv,unmatched,
w019,오반 14년,오반 싱글 몰트 14년 700ml,700,False,119800,KR,롯데마트,,2026-04-23,youtube_martweb,2026-04.csv,matched,
w032,탈리스커 10년,탈리스커 10년 700ml,700,False,74800,KR,롯데마트,,2026-04-23,youtube_martweb,2026-04.csv,matched,
w084,카발란 디스틸러리 셀렉트,카발란 디스틸러리 셀렉트 700ml,700,False,79800,KR,롯데마트,,2026-04-23,youtube_martweb,2026-04.csv,matched,
w018,글렌드로낙 12년,글랜드로 12년 700ml,700,False,87800,KR,롯데마트,,2026-04-23,youtube_martweb,2026-04.csv,matched,
w125,발렌타인 마스터즈,발렌타인 마스터즈 700ml,700,False,78500,KR,롯데마트,,2026-04-23,youtube_martweb,2026-04.csv,matched,
,,제임슨 블랙베럴 700ml,700,False,60000,KR,롯데마트,,2026-04-23,youtube_martweb,2026-04.csv,unmatched,
w061,제임슨,제임슨 스탠더드 700ml,700,False,29800,KR,롯데마트,,2026-04-23,youtube_martweb,2026-04.csv,matched,
,,그란츠 트리플 우드 700ml,700,False,16800,KR,롯데마트,,2026-04-23,youtube_martweb,2026-04.csv,unmatched,
w049,조니워커 레드라벨,조니워커 레드 700ml,700,False,26800,KR,롯데마트,,2026-04-23,youtube_martweb,2026-04.csv,matched,
,,조니워커 블ml,,False,26800,KR,롯데마트,,2026-04-23,youtube_martweb,2026-04.csv,unmatched,
w052,조니워커 블랙 루비,조니워커 블랙 루비 700ml,700,False,52800,KR,롯데마트,,2026-04-23,youtube_martweb,2026-04.csv,matched,
,,미스터 보스턴 스카치 위스키 1L,1000,False,19900,KR,롯데마트,,2026-04-23,youtube_martweb,2026-04.csv,unmatched,
w054,페이머스 그라우스,페이머스 그라우스 700ml,700,False,19800,KR,롯데마트,,2026-04-23,youtube_martweb,2026-04.csv,matched,
w041,몽키숄더,몽키 숄더 700ml,700,False,44980,KR,롯데마트,,2026-04-23,youtube_martweb,2026-04.csv,matched,
w055,듀어스 12년,듀어스 12년 700ml,700,False,57600,KR,롯데마트,,2026-04-23,youtube_martweb,2026-04.csv,matched,
,,듀어스 화이트랍에 700ml,700,False,19800,KR,롯데마트,,2026-04-23,youtube_martweb,2026-04.csv,unmatched,
w130,칼라일,칼라일 스카치 위스키 700ml,700,False,15800,KR,롯데마트,,2026-04-23,youtube_martweb,2026-04.csv,matched,
w123,라벨 5,라벨 5오 스카치 위스키 700ml,700,False,25800,KR,롯데마트,,2026-04-23,youtube_martweb,2026-04.csv,matched,
w083,산토리 가쿠빈,산토리 각쿠빈 700ml,700,False,29980,KR,롯데마트,,2026-04-23,youtube_martweb,2026-04.csv,matched,
w129,윈저 12년,윈저 12년 500ml,500,False,24800,KR,롯데마트,,2026-04-23,youtube_martweb,2026-04.csv,matched,
,,윈저 17년 450mml,,False,39800,KR,롯데마트,,2026-04-23,youtube_martweb,2026-04.csv,unmatched,
w064,골든블루 사피루스,&gt;&gt; &gt;&gt; 골든 블루 사피루스 450ml,450,False,33700,KR,롯데마트,,2026-04-23,youtube_martweb,2026-04.csv,excluded,sub_500ml
w034,탈리스커 와일더 시즈,탈리스커 와일더시 700ml,700,False,137900,KR,롯데마트,,2026-04-23,youtube_martweb,2026-04.csv,matched,
w095,러셀스 리저브 10년,러셀 리저브 10년 750ml,750,False,99000,KR,롯데마트,,2026-04-23,youtube_martweb,2026-04.csv,matched,
w072,우드포드 리저브,우드포드 리저브 750ml,750,False,69800,KR,롯데마트,,2026-04-23,youtube_martweb,2026-04.csv,matched,
w073,와일드터키 8년,와일드 터키 101 8년 700ml,700,False,64900,KR,롯데마트,,2026-04-23,youtube_martweb,2026-04.csv,matched,
,,와일드 터키 81 750mml,,False,53900,KR,롯데마트,,2026-04-23,youtube_martweb,2026-04.csv,unmatched,
w071,메이커스 마크,메이커스 마크 750mml,,False,55900,KR,롯데마트,,2026-04-23,youtube_martweb,2026-04.csv,matched,
w069,버팔로 트레이스,버팔로 트레이스 750mml,,False,38800,KR,롯데마트,,2026-04-23,youtube_martweb,2026-04.csv,matched,
w065,짐빔 화이트,진빔 화이트 750mml,,False,27980,KR,롯데마트,,2026-04-23,youtube_martweb,2026-04.csv,matched,
w066,잭다니엘 No.7,잭 다니에 700ml,700,False,39800,KR,롯데마트,,2026-04-23,youtube_martweb,2026-04.csv,matched,
w067,잭다니엘 애플,잭 다니엘스 애플 500mml,,False,37100,KR,롯데마트,,2026-04-23,youtube_martweb,2026-04.csv,matched,
,,잭 다니엘스 파이어 700ml,700,False,51300,KR,롯데마트,,2026-04-23,youtube_martweb,2026-04.csv,unmatched,
w091,잭다니엘 허니,잭 다니엘스 허니 700ml,700,False,49800,KR,롯데마트,,2026-04-23,youtube_martweb,2026-04.csv,matched,
,,파이어볼 시나몬 위스키 500ml,500,False,25000,KR,롯데마트,,2026-04-23,youtube_martweb,2026-04.csv,excluded,liqueur-cinnamon
w066,잭다니엘 No.7,잭 다니엘스 200ml,200,True,16500,KR,롯데마트,,2026-04-23,youtube_martweb,2026-04.csv,excluded,non_unit
w091,잭다니엘 허니,잭 다니엘스 허니 200ml,200,True,16500,KR,롯데마트,,2026-04-23,youtube_martweb,2026-04.csv,excluded,non_unit
w067,잭다니엘 애플,잭 다니엘스 애플 200ml,200,True,16500,KR,롯데마트,,2026-04-23,youtube_martweb,2026-04.csv,excluded,non_unit
w071,메이커스 마크,메이커스 마크 200ml,200,True,19500,KR,롯데마트,,2026-04-23,youtube_martweb,2026-04.csv,excluded,non_unit
w050,조니워커 블랙라벨 12년,조니워커 블랙 200ml,200,True,17400,KR,롯데마트,,2026-04-23,youtube_martweb,2026-04.csv,excluded,non_unit
w048,시바스 리갈 12년,시바스리갈 12년 200ml,200,True,19600,KR,롯데마트,,2026-04-23,youtube_martweb,2026-04.csv,excluded,non_unit
w041,몽키숄더,몽키 숄더 200ml,200,True,22600,KR,롯데마트,,2026-04-23,youtube_martweb,2026-04.csv,excluded,non_unit
w128,스카치블루 클래식,스카치 블루 클래식 700ml,700,False,27900,KR,롯데마트,,2026-04-23,youtube_martweb,2026-04.csv,matched,
w127,스카치블루 17년,스카치 블로 17년 450ml,450,False,45800,KR,롯데마트,,2026-04-23,youtube_martweb,2026-04.csv,excluded,sub_500ml
w026,로얄 브라클라 12년,로얄 브라클라 12년 700ml,700,False,128500,KR,롯데마트,,2026-04-23,youtube_martweb,2026-04.csv,matched,
w116,주라 10년,주라 10년 700ml,700,False,78000,KR,롯데마트,,2026-04-23,youtube_martweb,2026-04.csv,matched,
w117,주라 12년 셰리 캐스크,주라 12년 쉐리케스크 700ml,700,False,89900,KR,롯데마트,,2026-04-23,youtube_martweb,2026-04.csv,matched,
,,스모키 스컷 아일라 싱글모트 위스키 700ml,700,False,56300,KR,롯데마트,,2026-04-23,youtube_martweb,2026-04.csv,unmatched,
w126,스모크헤드 오리지널,스모크헤드 오리지널 700ml,700,False,76100,KR,롯데마트,,2026-04-23,youtube_martweb,2026-04.csv,matched,
w121,네이키드 몰트,네이키드 몰트 700ml,700,False,67100,KR,롯데마트,,2026-04-23,youtube_martweb,2026-04.csv,matched,
,,윈저 21년 500ml,500,False,89800,KR,롯데마트,,2026-04-23,youtube_martweb,2026-04.csv,unmatched,
,,조니워커 골드 리저브 리미티드 에디션 750ml,750,False,85800,KR,롯데마트,,2026-04-23,youtube_martweb,2026-04.csv,unmatched,
w122,듀어스 캐리비안 스무스 8년,듀어스 캐리비안 스무스 8연 700ml,700,False,47500,KR,롯데마트,,2026-04-23,youtube_martweb,2026-04.csv,matched,
,,윈저 450mml,,False,38900,KR,롯데마트,,2026-04-23,youtube_martweb,2026-04.csv,unmatched,
,,윈저 W그니처ml,,False,17400,KR,롯데마트,,2026-04-23,youtube_martweb,2026-04.csv,unmatched,
,,글렌고인 미니어처 세트,,True,54900,KR,롯데마트,,2026-04-23,youtube_martweb,2026-04.csv,excluded,bundle_glass_set
,,조니워커 블랙 오징어 게임 에디션 750mml,,False,59800,KR,롯데마트,,2026-04-23,youtube_martweb,2026-04.csv,unmatched,
w014,글렌그란트 15년,글랜그란트 15년 700ml,700,False,155500,KR,롯데마트,,2026-04-23,youtube_martweb,2026-04.csv,matched,
w013,글렌그란트 12년,글랜그란트 12년 700ml,700,False,109900,KR,롯데마트,,2026-04-23,youtube_martweb,2026-04.csv,matched,
w090,발렌타인 17년,발렌타인 17년 500mml,,False,119300,KR,롯데마트,,2026-04-23,youtube_martweb,2026-04.csv,matched,
w045,발렌타인 12년,발렌타인 싱글트 글램버기 12년 500ml,500,False,85900,KR,롯데마트,,2026-04-23,youtube_martweb,2026-04.csv,matched,
w044,발렌타인 10년,발렌타인 10년 700ml,700,False,34800,KR,롯데마트,,2026-04-23,youtube_martweb,2026-04.csv,matched,
w044,발렌타인 10년,발렌타인 10년 500ml,500,False,25800,KR,롯데마트,,2026-04-23,youtube_martweb,2026-04.csv,matched,
,,시바스리갈 15년 리미티드 에디션 700ml,700,False,65800,KR,롯데마트,,2026-04-23,youtube_martweb,2026-04.csv,unmatched,
w065,짐빔 화이트,진빔 하이트 750ml,750,False,27980,KR,롯데마트,,2026-04-23,youtube_martweb,2026-04.csv,matched,
,,진빔 허니 750ml,750,False,24800,KR,롯데마트,,2026-04-23,youtube_martweb,2026-04.csv,unmatched,
,,글랜고인 18년 700ml,700,False,360000,KR,롯데마트,,2026-04-23,youtube_martweb,2026-04.csv,unmatched,
w053,조니워커 블루라벨,조니워커 블루 500ml,500,False,209800,KR,롯데마트,,2026-04-23,youtube_martweb,2026-04.csv,matched,
w124,발렌타인 싱글몰트 글렌버기 18년,발렌타인 18년 싱글트 글램버기 700ml,700,False,267500,KR,롯데마트,,2026-04-23,youtube_martweb,2026-04.csv,matched,
w040,뱅크홀 싱글몰트,뱅콜 싱글트 위스키 700ml,700,False,37980,KR,트레이더스,,2026-04-19,youtube_martweb,2026-04.csv,matched,
w013,글렌그란트 12년,더 글랜 그란트 12년 700ml,700,False,69800,KR,트레이더스,,2026-04-19,youtube_martweb,2026-04.csv,matched,
w096,글렌알라키 10년 루비 포트,글렌알라키 10년 루비포트 700ml,700,False,89800,KR,트레이더스,,2026-04-19,youtube_martweb,2026-04.csv,matched,
w032,탈리스커 10년,탈리스커 10년 700ml,700,False,69800,KR,트레이더스,,2026-04-19,youtube_martweb,2026-04.csv,matched,
w035,라프로익 10년,라프로익 10년 750ml,750,False,69800,KR,트레이더스,,2026-04-19,youtube_martweb,2026-04.csv,matched,
w018,글렌드로낙 12년,글랜드로나 12년 700ml,700,False,79800,KR,트레이더스,,2026-04-19,youtube_martweb,2026-04.csv,matched,
w005,글렌피딕 12년,글렌피딕 12년 700ml,700,False,84800,KR,트레이더스,,2026-04-19,youtube_martweb,2026-04.csv,matched,
w006,글렌피딕 14년 버번배럴,글렌피딕 14년 버번 캐스크 700ml,700,False,99800,KR,트레이더스,,2026-04-19,youtube_martweb,2026-04.csv,matched,
,,에반윌리엄스 보트림본드 12주년 에디션 50도 1L,1000,False,39980,KR,트레이더스,,2026-04-19,youtube_martweb,2026-04.csv,unmatched,
w081,에반 윌리엄스 12년,에반 윌리엄스 12년 750ml,750,False,99800,KR,트레이더스,,2026-04-19,youtube_martweb,2026-04.csv,matched,
w001,글렌리벳 12년,글렌리벳 12년 1L,1000,False,69800,KR,트레이더스,,2026-04-19,youtube_martweb,2026-04.csv,matched,
w019,오반 14년,오반 14년 700ml,700,False,89400,KR,트레이더스,,2026-04-19,youtube_martweb,2026-04.csv,matched,
w012,맥캘란 12년 더블캐스크,맥캘란 12년 더블 캐스크 700ml,700,False,99800,KR,트레이더스,,2026-04-19,youtube_martweb,2026-04.csv,matched,
w080,에반 윌리엄스 블랙,에반윌리엄스 블랙 1L플러스 잔세트,,True,33980,KR,트레이더스,,2026-04-19,youtube_martweb,2026-04.csv,excluded,bundle_glass_set
w002,글렌리벳 15년,글렌리벳 15년 700ml,700,False,94800,KR,트레이더스,,2026-04-19,youtube_martweb,2026-04.csv,matched,
w027,에버펠디 16년,에버펠 16년 700ml,700,False,75800,KR,트레이더스,,2026-04-19,youtube_martweb,2026-04.csv,matched,
w055,듀어스 12년,듀어스 12년 퍼스트필 버번 캐스크 700ml,700,False,45980,KR,트레이더스,,2026-04-19,youtube_martweb,2026-04.csv,matched,
w056,듀어스 15년,듀어스 15년 파이노크 스페셜 리저브 700ml,700,False,59400,KR,트레이더스,,2026-04-19,youtube_martweb,2026-04.csv,matched,
w041,몽키숄더,몽키 숄더 700ml,700,False,44980,KR,트레이더스,,2026-04-19,youtube_martweb,2026-04.csv,matched,
w042,조니워커 그린라벨 15년,조니워커 그린납L,,False,74800,KR,트레이더스,,2026-04-19,youtube_martweb,2026-04.csv,matched,
w043,발렌타인 파이니스트,발렌타인 파이니스트 1L,1000,False,28980,KR,트레이더스,,2026-04-19,youtube_martweb,2026-04.csv,matched,
w044,발렌타인 10년,발렌타인 10년 700ml,700,False,39980,KR,트레이더스,,2026-04-19,youtube_martweb,2026-04.csv,matched,
w046,발렌타인 싱글몰트 15년,발렌타인 싱글트 글램버기 15년 700ml,700,False,94800,KR,트레이더스,,2026-04-19,youtube_martweb,2026-04.csv,matched,
w050,조니워커 블랙라벨 12년,조니워커 블랙라베 700ml,700,False,39980,KR,트레이더스,,2026-04-19,youtube_martweb,2026-04.csv,matched,
w076,이글 레어 10년,이글레어 10년 750ml,750,False,74800,KR,트레이더스,,2026-04-19,youtube_martweb,2026-04.csv,matched,
w075,와일드터키 켄터키 스피릿 싱글배럴,와일드 터키 켄터키 스피릿 싱글 배럴 750ml,750,False,69400,KR,트레이더스,,2026-04-19,youtube_martweb,2026-04.csv,matched,
w074,와일드터키 레어브리드,와일드 터키 레어브리드 750ml,750,False,79800,KR,트레이더스,,2026-04-19,youtube_martweb,2026-04.csv,matched,
w065,짐빔 화이트,진빔 화이트 750ml,750,False,27980,KR,트레이더스,,2026-04-19,youtube_martweb,2026-04.csv,matched,
w067,잭다니엘 애플,잭다니엘 애플 700ml 전용잔 패키지,700,True,39980,KR,트레이더스,,2026-04-19,youtube_martweb,2026-04.csv,excluded,bundle_glass_set
w066,잭다니엘 No.7,잭다니의 테네시 700ml 전용잔 패키지,700,True,39980,KR,트레이더스,,2026-04-19,youtube_martweb,2026-04.csv,excluded,bundle_glass_set
w078,포 로지스 싱글배럴,포 로지스 싱글 베럴 750ml,750,False,82800,KR,트레이더스,,2026-04-19,youtube_martweb,2026-04.csv,matched,
w064,골든블루 사피루스,골든 블루 사피루스 450ml,450,False,28980,KR,트레이더스,,2026-04-19,youtube_martweb,2026-04.csv,excluded,sub_500ml
w070,1792 스몰배치,1792 스몰 배치 750ml,750,False,39980,KR,트레이더스,,2026-04-19,youtube_martweb,2026-04.csv,matched,
w077,러셀스 리저브 싱글배럴,러셀 리저브 싱글 베럴 750ml,750,False,99800,KR,트레이더스,,2026-04-19,youtube_martweb,2026-04.csv,matched,
w084,카발란 디스틸러리 셀렉트,카발란 디스틸러리 셀렉트 싱글 몰트 700ml,700,False,69800,KR,트레이더스,,2026-04-19,youtube_martweb,2026-04.csv,matched,
w061,제임슨,제임슨 스탠더드 700ml,700,False,27980,KR,트레이더스,,2026-04-19,youtube_martweb,2026-04.csv,matched,
w083,산토리 가쿠빈,가쿠빈 700ml,700,False,29980,KR,트레이더스,,2026-04-19,youtube_martweb,2026-04.csv,matched,
w011,아벨라워 아부나흐,아벨라워 아브나오 셰리케스크 에디션 700ml,700,False,235800,KR,트레이더스,,2026-04-19,youtube_martweb,2026-04.csv,matched,
w093,글렌파클라스 15년,파클라스 15년 700ml,700,False,119400,KR,트레이더스,,2026-04-19,youtube_martweb,2026-04.csv,matched,
w009,발베니 14년 캐리비안 캐스크,발베니 14년 캐리비안 캐스크 700ml,700,False,139800,KR,트레이더스,,2026-04-19,youtube_martweb,2026-04.csv,matched,
w047,발렌타인 21년,발렌타인 21년 700ml,700,False,224800,KR,트레이더스,,2026-04-19,youtube_martweb,2026-04.csv,matched,
w089,탈리스커 와일드 블루,탈리스커 와일드 블루 700ml,700,False,74800,KR,트레이더스,,2026-04-19,youtube_martweb,2026-04.csv,matched,
w008,발베니 12년 더블우드,발베니 12년 700ml,700,False,96800,KR,트레이더스,,2026-04-19,youtube_martweb,2026-04.csv,matched,
w072,우드포드 리저브,우드포드 리저브 1L,1000,False,63900,KR,코스트코,,2026-04-14,youtube_martweb,2026-04.csv,matched,
w026,로얄 브라클라 12년,로얄 브라클라 12년 700ml,700,False,82900,KR,코스트코,,2026-04-14,youtube_martweb,2026-04.csv,matched,
w047,발렌타인 21년,발렌타인 21년 700ml,700,False,22900,KR,코스트코,,2026-04-14,youtube_martweb,2026-04.csv,outlier,price_vs_havg(169014)
w053,조니워커 블루라벨,조니워커 블루 750mml,,False,256900,KR,코스트코,,2026-04-14,youtube_martweb,2026-04.csv,matched,
w090,발렌타인 17년,발렌타인 17년 700ml,700,False,146900,KR,코스트코,,2026-04-14,youtube_martweb,2026-04.csv,matched,
w020,글렌모렌지 12년,글렌모렌지 D 오리지널 12년 700ml,700,False,79900,KR,코스트코,,2026-04-14,youtube_martweb,2026-04.csv,matched,
w041,몽키숄더,몽키 숄더 700ml,700,False,42290,KR,코스트코,,2026-04-14,youtube_martweb,2026-04.csv,matched,
w146,달모어 12년 셰리캐스크,달모어 12년 쉐리캐스크 700ml,700,False,144900,KR,코스트코,,2026-04-14,youtube_martweb,2026-04.csv,matched,
w012,맥캘란 12년 더블캐스크,맥캘란 12년 더블 캐스크 700ml,700,False,96900,KR,코스트코,,2026-04-14,youtube_martweb,2026-04.csv,matched,
w008,발베니 12년 더블우드,발베니 12년 700ml,700,False,94900,KR,코스트코,,2026-04-14,youtube_martweb,2026-04.csv,matched,
w009,발베니 14년 캐리비안 캐스크,발베니 14년 캐리비안 캐스크 700ml,700,False,134900,KR,코스트코,,2026-04-14,youtube_martweb,2026-04.csv,matched,
w007,글렌피딕 15년,글렌피딕 15년 700ml,700,False,96900,KR,코스트코,,2026-04-14,youtube_martweb,2026-04.csv,matched,
w042,조니워커 그린라벨 15년,조니워커 그린 700ml,700,False,65900,KR,코스트코,,2026-04-14,youtube_martweb,2026-04.csv,matched,
w050,조니워커 블랙라벨 12년,조니워커 블랙 700ml,700,False,36990,KR,코스트코,,2026-04-14,youtube_martweb,2026-04.csv,matched,
w066,잭다니엘 No.7,잭다니엘스 1L,1000,False,55900,KR,코스트코,,2026-04-14,youtube_martweb,2026-04.csv,matched,
w067,잭다니엘 애플,잭다니엘스 애플 1L,1000,False,55900,KR,코스트코,,2026-04-14,youtube_martweb,2026-04.csv,matched,
w061,제임슨,제임슨 700ml,700,False,26690,KR,코스트코,,2026-04-14,youtube_martweb,2026-04.csv,matched,
w083,산토리 가쿠빈,산토리 각쿠빈 700ml,700,False,27690,KR,코스트코,,2026-04-14,youtube_martweb,2026-04.csv,matched,
w099,커클랜드 시그니처 스카치,커클랜드 시그니처꽃 약 XO 750ml,750,False,147900,KR,코스트코,,2026-04-14,youtube_martweb,2026-04.csv,outlier,price_vs_havg(42107)
,,조니 워커 블랙누비,,False,54800,KR,트레이더스,,2026-04-14,youtube_martweb,2026-04.csv,unmatched,
w089,탈리스커 와일드 블루,탈리스커 와일드 블루 700ml,700,False,74800,KR,트레이더스,,2026-04-14,youtube_martweb,2026-04.csv,matched,
w013,글렌그란트 12년,더 글랜 그란트 12년 700ml,700,False,69800,KR,트레이더스,,2026-04-14,youtube_martweb,2026-04.csv,matched,
w011,아벨라워 아부나흐,아벨라워 아브나후 쉐리케스크 에디션 700ml,700,False,235800,KR,트레이더스,,2026-04-14,youtube_martweb,2026-04.csv,matched,
w083,산토리 가쿠빈,가쿠빈 700ml,700,False,29980,KR,트레이더스,,2026-04-14,youtube_martweb,2026-04.csv,matched,
w008,발베니 12년 더블우드,발베니 12년 700ml,700,False,96800,KR,트레이더스,,2026-04-14,youtube_martweb,2026-04.csv,matched,
w080,에반 윌리엄스 블랙,에반 윌리엄스 블랙 1L,1000,False,33980,KR,트레이더스,,2026-04-14,youtube_martweb,2026-04.csv,matched,
w066,잭다니엘 No.7,잭다니엘스 700ml 전용 패키지,700,False,39980,KR,트레이더스,,2026-04-14,youtube_martweb,2026-04.csv,excluded,bundle_glass_set
w079,포 로지스 스몰배치 셀렉트,포 로지스 스몰 배치 셀렉트 750ml,750,False,116800,KR,트레이더스,,2026-04-14,youtube_martweb,2026-04.csv,matched,
w093,글렌파클라스 15년,파클라스 15년 700ml,700,False,119400,KR,트레이더스,,2026-04-14,youtube_martweb,2026-04.csv,matched,
w009,발베니 14년 캐리비안 캐스크,발베니 14년 캐리비안 캐스크 700ml,700,False,139800,KR,트레이더스,,2026-04-14,youtube_martweb,2026-04.csv,matched,
w011,아벨라워 아부나흐,아벨라워 아브나흐 쉐리케스크 에디션 700ml,700,False,235800,KR,트레이더스,,2026-04-14,youtube_martweb,2026-04.csv,matched,
w053,조니워커 블루라벨,조니워커 블루라 750ml,750,False,259800,KR,트레이더스,,2026-04-14,youtube_martweb,2026-04.csv,matched,
w012,맥캘란 12년 더블캐스크,맥캘란 12년 더블 캐스크 700ml,700,False,99800,KR,트레이더스,,2026-04-14,youtube_martweb,2026-04.csv,matched,
w006,글렌피딕 14년 버번배럴,글렌피딕 14년 버번 캐스크 700ml,700,False,99800,KR,트레이더스,,2026-04-14,youtube_martweb,2026-04.csv,matched,
w026,로얄 브라클라 12년,로얄 브라클라 12년 700ml,700,False,89800,KR,트레이더스,,2026-04-14,youtube_martweb,2026-04.csv,matched,
w018,글렌드로낙 12년,글랜드로나 12년 700ml,700,False,79800,KR,트레이더스,,2026-04-14,youtube_martweb,2026-04.csv,matched,
w005,글렌피딕 12년,글렌피딕 12년 700ml,700,False,84800,KR,트레이더스,,2026-04-14,youtube_martweb,2026-04.csv,matched,
w077,러셀스 리저브 싱글배럴,러셀 리저브 싱글 베럴 750ml,750,False,99800,KR,트레이더스,,2026-04-14,youtube_martweb,2026-04.csv,matched,
w081,에반 윌리엄스 12년,에반 윌리엄스 12년 750mml,,False,99800,KR,트레이더스,,2026-04-14,youtube_martweb,2026-04.csv,matched,
w075,와일드터키 켄터키 스피릿 싱글배럴,와일드 터키 켄터키 스피릿 싱글 베럴 750ml,750,False,69400,KR,트레이더스,,2026-04-14,youtube_martweb,2026-04.csv,matched,
w032,탈리스커 10년,탈리스커 10년 700ml,700,False,69800,KR,트레이더스,,2026-04-14,youtube_martweb,2026-04.csv,matched,
w097,주라 18년,주라 18년 700ml,700,False,79400,KR,트레이더스,,2026-04-14,youtube_martweb,2026-04.csv,matched,
w084,카발란 디스틸러리 셀렉트,카발란 디스틸러리 셀렉트 싱글 몰트 700ml,700,False,69800,KR,트레이더스,,2026-04-14,youtube_martweb,2026-04.csv,matched,
w027,에버펠디 16년,에버펠 16년 700ml,700,False,75800,KR,트레이더스,,2026-04-14,youtube_martweb,2026-04.csv,matched,
w074,와일드터키 레어브리드,와일드 터키 레어브리드 750ml,750,False,79800,KR,트레이더스,,2026-04-14,youtube_martweb,2026-04.csv,matched,
w076,이글 레어 10년,이글레어 10년 750ml,750,False,74800,KR,트레이더스,,2026-04-14,youtube_martweb,2026-04.csv,matched,
w035,라프로익 10년,라프로익 10년 750ml,750,False,69800,KR,트레이더스,,2026-04-14,youtube_martweb,2026-04.csv,matched,
w050,조니워커 블랙라벨 12년,조니워커 블랙라벨 700ml,700,False,39980,KR,트레이더스,,2026-04-14,youtube_martweb,2026-04.csv,matched,
w042,조니워커 그린라벨 15년,조니워커 그린라벨 700ml,700,False,74800,KR,트레이더스,,2026-04-14,youtube_martweb,2026-04.csv,matched,
w019,오반 14년,오반 14년 700ml,700,False,89400,KR,트레이더스,,2026-04-14,youtube_martweb,2026-04.csv,matched,
w056,듀어스 15년,듀어스 15년 파인노크 스페셜 리저브 700ml,700,False,59400,KR,트레이더스,,2026-04-14,youtube_martweb,2026-04.csv,matched,
w040,뱅크홀 싱글몰트,뱅크홀 싱글 몰트 위스키 700ml,700,False,37980,KR,트레이더스,,2026-04-14,youtube_martweb,2026-04.csv,matched,
w041,몽키숄더,몽키 숄더 700ml,700,False,44980,KR,트레이더스,,2026-04-14,youtube_martweb,2026-04.csv,matched,
w064,골든블루 사피루스,골든 블루 사피루스 450ml,450,False,28980,KR,트레이더스,,2026-04-14,youtube_martweb,2026-04.csv,excluded,sub_500ml
w055,듀어스 12년,듀어스 12년 퍼스트필 버번 캐스크 700ml,700,False,45980,KR,트레이더스,,2026-04-14,youtube_martweb,2026-04.csv,matched,
w070,1792 스몰배치,1792 스몰 배치 750ml,750,False,39980,KR,트레이더스,,2026-04-14,youtube_martweb,2026-04.csv,matched,
w065,짐빔 화이트,진빔 화이트 750ml,750,False,27980,KR,트레이더스,,2026-04-14,youtube_martweb,2026-04.csv,matched,
w061,제임슨,제임슨 스탠더드 700ml,700,False,27980,KR,트레이더스,,2026-04-14,youtube_martweb,2026-04.csv,matched,
w088,탈리스만 9년 포르투기즈 캐스크,탈리스마 위스키 1L,1000,False,16980,KR,트레이더스,,2026-04-14,youtube_martweb,2026-04.csv,matched,
w072,우드포드 리저브,우드포드 리저브 1L 제품을 평소보다,1000,False,16000,KR,코스트코,,2026-04-09,youtube_martweb,2026-04.csv,outlier,price_vs_havg(66650)
w057,듀어스 18년,듀어스 18년 미즈나라 캐스크 700ml,700,False,129900,KR,코스트코,,2026-04-09,youtube_martweb,2026-04.csv,matched,
w090,발렌타인 17년,발렌타인 17년 700ml,700,False,118900,KR,코스트코,,2026-04-09,youtube_martweb,2026-04.csv,matched,
w047,발렌타인 21년,발렌타인 21년 700ml,700,False,22900,KR,코스트코,,2026-04-09,youtube_martweb,2026-04.csv,outlier,price_vs_havg(169014)
w026,로얄 브라클라 12년,로얄 브라클라 12년 700ml,700,False,82900,KR,코스트코,,2026-04-09,youtube_martweb,2026-04.csv,matched,
w053,조니워커 블루라벨,조니워커 블루 750mml,,False,256900,KR,코스트코,,2026-04-09,youtube_martweb,2026-04.csv,matched,
w007,글렌피딕 15년,글렌피딕 15년 700ml,700,False,96900,KR,코스트코,,2026-04-09,youtube_martweb,2026-04.csv,matched,
w041,몽키숄더,몽키 숄더 700ml,700,False,42290,KR,코스트코,,2026-04-09,youtube_martweb,2026-04.csv,matched,
w009,발베니 14년 캐리비안 캐스크,발베니 14년 캐리비안 캐스크 700ml,700,False,134900,KR,코스트코,,2026-04-09,youtube_martweb,2026-04.csv,matched,
w146,달모어 12년 셰리캐스크,달모어 12년 쉐리케스크 싱글트 위스키 700ml,700,False,144900,KR,코스트코,,2026-04-09,youtube_martweb,2026-04.csv,matched,
w012,맥캘란 12년 더블캐스크,맥캘란 12년 더블 캐스크 700ml,700,False,96900,KR,코스트코,,2026-04-09,youtube_martweb,2026-04.csv,matched,
w008,발베니 12년 더블우드,발베니 12년 700ml,700,False,94900,KR,코스트코,,2026-04-09,youtube_martweb,2026-04.csv,matched,
w066,잭다니엘 No.7,잭다니엘스 1L,1000,False,44690,KR,코스트코,,2026-04-09,youtube_martweb,2026-04.csv,matched,
w065,짐빔 화이트,진빔 버유스키 1L,1000,False,35490,KR,코스트코,,2026-04-09,youtube_martweb,2026-04.csv,matched,
w061,제임슨,제임슨 아이리시 위스키 700ml,700,False,26690,KR,코스트코,,2026-04-09,youtube_martweb,2026-04.csv,matched,
,,커클랜드 시그니처 꼬약 XO 750ml,750,False,147900,KR,코스트코,,2026-04-09,youtube_martweb,2026-04.csv,excluded,cognac
,,커클랜드 런던 드라이진 1L,1000,False,31790,KR,코스트코,,2026-04-09,youtube_martweb,2026-04.csv,excluded,gin
w083,산토리 가쿠빈,가쿠빈 700ml,700,False,27690,KR,코스트코,,2026-04-09,youtube_martweb,2026-04.csv,matched,
w064,골든블루 사피루스,골든 블루 사피루스 450ml,450,False,28980,KR,트레이더스,,2026-04-01,youtube_martweb,2026-04.csv,excluded,sub_500ml
w095,러셀스 리저브 10년,러셀 리저브 10년 750ml,750,False,59400,KR,트레이더스,,2026-04-01,youtube_martweb,2026-04.csv,matched,
w077,러셀스 리저브 싱글배럴,러셀 리저브 싱글 배럴 750ml,750,False,89800,KR,트레이더스,,2026-04-01,youtube_martweb,2026-04.csv,matched,
w084,카발란 디스틸러리 셀렉트,카발란 디스틸러리 셀렉트 싱글트 700ml,700,False,69800,KR,트레이더스,,2026-04-01,youtube_martweb,2026-04.csv,matched,
w107,부쉬밀 10년 싱글몰트,부시밀 10년 싱글트 700ml,700,False,44940,KR,트레이더스,,2026-04-01,youtube_martweb,2026-04.csv,matched,
w083,산토리 가쿠빈,산토리 각쿠빈 700ml,700,False,29980,KR,트레이더스,,2026-04-01,youtube_martweb,2026-04.csv,matched,
w076,이글 레어 10년,이글레어 10년 750ml,750,False,74800,KR,트레이더스,,2026-04-01,youtube_martweb,2026-04.csv,matched,
w075,와일드터키 켄터키 스피릿 싱글배럴,와일드 터키 캔터키 스피릿 싱글 베럴 750ml,750,False,69400,KR,트레이더스,,2026-04-01,youtube_martweb,2026-04.csv,matched,
w074,와일드터키 레어브리드,와일드 터키 레어브리드 750ml,750,False,79800,KR,트레이더스,,2026-04-01,youtube_martweb,2026-04.csv,matched,
w070,1792 스몰배치,1792 스몰 배치 750ml,750,False,44980,KR,트레이더스,,2026-04-01,youtube_martweb,2026-04.csv,matched,
w065,짐빔 화이트,진빔 화이트 750ml,750,False,27980,KR,트레이더스,,2026-04-01,youtube_martweb,2026-04.csv,matched,
w067,잭다니엘 애플,잭다니엘 애플 700ml 전용잔 패키지,700,True,34980,KR,트레이더스,,2026-04-01,youtube_martweb,2026-04.csv,excluded,bundle_glass_set
w066,잭다니엘 No.7,잭다니엘시 700ml 전용잔 패키지,700,True,34980,KR,트레이더스,,2026-04-01,youtube_martweb,2026-04.csv,excluded,bundle_glass_set
w078,포 로지스 싱글배럴,포 로지스 싱글 베럴 750ml,750,False,69800,KR,트레이더스,,2026-04-01,youtube_martweb,2026-04.csv,matched,
w044,발렌타인 10년,발렌타인 10년 700ml,700,False,31980,KR,트레이더스,,2026-04-01,youtube_martweb,2026-04.csv,matched,
w041,몽키숄더,몽키 숄더 700ml,700,False,44980,KR,트레이더스,,2026-04-01,youtube_martweb,2026-04.csv,matched,
w097,주라 18년,주라 18년 700ml,700,False,79400,KR,트레이더스,,2026-04-01,youtube_martweb,2026-04.csv,matched,
w055,듀어스 12년,듀어스 12년 퍼스트필 버번 캐스크 700ml,700,False,34980,KR,트레이더스,,2026-04-01,youtube_martweb,2026-04.csv,matched,
w027,에버펠디 16년,에버펠 16년 700ml,700,False,75800,KR,트레이더스,,2026-04-01,youtube_martweb,2026-04.csv,matched,
,,글랜파 클라스 12년 700ml,700,False,69400,KR,트레이더스,,2026-04-01,youtube_martweb,2026-04.csv,unmatched,
w013,글렌그란트 12년,글랜그란트 12년 700ml,700,False,59800,KR,트레이더스,,2026-04-01,youtube_martweb,2026-04.csv,matched,
w040,뱅크홀 싱글몰트,뱅크홀 싱글 모트 위스키 700ml,700,False,37980,KR,트레이더스,,2026-04-01,youtube_martweb,2026-04.csv,matched,
w007,글렌피딕 15년,글렌피딕 15년 700ml,700,False,109800,KR,트레이더스,,2026-04-01,youtube_martweb,2026-04.csv,matched,
w035,라프로익 10년,라프로익 10년 750ml,750,False,69800,KR,트레이더스,,2026-04-01,youtube_martweb,2026-04.csv,matched,
w089,탈리스커 와일드 블루,탈리스커 와일드 블루 700ml,700,False,84800,KR,트레이더스,,2026-04-01,youtube_martweb,2026-04.csv,matched,
w032,탈리스커 10년,탈리스커 10년 700ml,700,False,67800,KR,트레이더스,,2026-04-01,youtube_martweb,2026-04.csv,matched,
w006,글렌피딕 14년 버번배럴,글렌피딕 14년 버번 캐스크 700ml,700,False,99800,KR,트레이더스,,2026-04-01,youtube_martweb,2026-04.csv,matched,
w005,글렌피딕 12년,글렌피딕 12년 700ml,700,False,84800,KR,트레이더스,,2026-04-01,youtube_martweb,2026-04.csv,matched,
w018,글렌드로낙 12년,글랜드로나 12년 700ml,700,False,79800,KR,트레이더스,,2026-04-01,youtube_martweb,2026-04.csv,matched,
w002,글렌리벳 15년,글렌리벳 15년 700ml,700,False,94800,KR,트레이더스,,2026-04-01,youtube_martweb,2026-04.csv,matched,
w012,맥캘란 12년 더블캐스크,맥캘란 12년 더블 캐스크 700ml,700,False,99800,KR,트레이더스,,2026-04-01,youtube_martweb,2026-04.csv,matched,
w080,에반 윌리엄스 블랙,에반 윌리엄스 블랙 1L,1000,False,29980,KR,트레이더스,,2026-04-01,youtube_martweb,2026-04.csv,matched,
w081,에반 윌리엄스 12년,에반 윌리엄스 12년 750ml,750,False,99800,KR,트레이더스,,2026-04-01,youtube_martweb,2026-04.csv,matched,
w008,발베니 12년 더블우드,발베니 12년 700ml,700,False,96800,KR,트레이더스,,2026-04-01,youtube_martweb,2026-04.csv,matched,
w009,발베니 14년 캐리비안 캐스크,발베니 14년 캐리비안 케스크 700ml,700,False,139800,KR,트레이더스,,2026-04-01,youtube_martweb,2026-04.csv,matched,
w002,글렌리벳 15년,더 글렌리벳 15년,,False,95900,KR,코스트코,,2026-05-30,youtube_martweb,2026-05.csv,matched,
w008,발베니 12년 더블우드,발베니 12년 더블우드,,False,99000,KR,코스트코,,2026-05-30,youtube_martweb,2026-05.csv,matched,
w012,맥캘란 12년 더블캐스크,맥캘란 12년 더블캐스크,,False,90000,KR,코스트코,,2026-05-30,youtube_martweb,2026-05.csv,matched,
w081,에반 윌리엄스 12년,에반 윌리엄스 12년 750ml,750,False,99800,KR,트레이더스,,2026-05-27,youtube_martweb,2026-05.csv,matched,
w015,글렌그란트 익스플로레이션 No.1,더 글랜 그란트 익스플로레이션 넘버 1 700ml,700,False,99800,KR,트레이더스,,2026-05-27,youtube_martweb,2026-05.csv,matched,
w018,글렌드로낙 12년,글랜드로 오드투더 밸리 700ml,700,False,89400,KR,트레이더스,,2026-05-27,youtube_martweb,2026-05.csv,matched,
w018,글렌드로낙 12년,글랜드로 오드 to투더 엠버스 700ml,700,False,99400,KR,트레이더스,,2026-05-27,youtube_martweb,2026-05.csv,matched,
w023,달모어 12년,달모어 12년 700ml,700,False,99800,KR,트레이더스,,2026-05-27,youtube_martweb,2026-05.csv,matched,
w008,발베니 12년 더블우드,발베니 12년 700ml,700,False,96800,KR,트레이더스,,2026-05-27,youtube_martweb,2026-05.csv,matched,
w027,에버펠디 16년,에버펠 16년 700ml,700,False,75800,KR,트레이더스,,2026-05-27,youtube_martweb,2026-05.csv,matched,
w077,러셀스 리저브 싱글배럴,러셀 리저브 싱글 베럴 750ml,750,False,89400,KR,트레이더스,,2026-05-27,youtube_martweb,2026-05.csv,matched,
w031,아란 셰리 캐스크,아란쉐리 캐스크 700ml,700,False,99800,KR,트레이더스,,2026-05-27,youtube_martweb,2026-05.csv,matched,
w006,글렌피딕 14년 버번배럴,글렌피딕 14년 버번 캐스크 700ml,700,False,99800,KR,트레이더스,,2026-05-27,youtube_martweb,2026-05.csv,matched,
w012,맥캘란 12년 더블캐스크,맥캘란 12년 더블 캐스크 700ml,700,False,99800,KR,트레이더스,,2026-05-27,youtube_martweb,2026-05.csv,matched,
w002,글렌리벳 15년,글렌리벳 15년 700ml,700,False,94800,KR,트레이더스,,2026-05-27,youtube_martweb,2026-05.csv,matched,
w076,이글 레어 10년,이글레어 10년 750ml,750,False,69800,KR,트레이더스,,2026-05-27,youtube_martweb,2026-05.csv,matched,
w062,부쉬밀 15년 싱글몰트,부시밀 15년 싱글 몰트 700ml,700,False,99800,KR,트레이더스,,2026-05-27,youtube_martweb,2026-05.csv,matched,
w005,글렌피딕 12년,글렌피딕 12년 700ml,700,False,69800,KR,트레이더스,,2026-05-27,youtube_martweb,2026-05.csv,matched,
w032,탈리스커 10년,탈리스커 10년 700ml,700,False,69800,KR,트레이더스,,2026-05-27,youtube_martweb,2026-05.csv,matched,
w089,탈리스커 와일드 블루,탈리스커 와일드 블루 700ml,700,False,69400,KR,트레이더스,,2026-05-27,youtube_martweb,2026-05.csv,matched,
w078,포 로지스 싱글배럴,포로지 지스 싱글 베럴 750ml,750,False,82800,KR,트레이더스,,2026-05-27,youtube_martweb,2026-05.csv,matched,
w074,와일드터키 레어브리드,와일드 터키 레어브리드 750ml,750,False,79800,KR,트레이더스,,2026-05-27,youtube_martweb,2026-05.csv,matched,
w013,글렌그란트 12년,더 글랜 그란트 12년 700ml,700,False,59400,KR,트레이더스,,2026-05-27,youtube_martweb,2026-05.csv,matched,
w056,듀어스 15년,듀어스 15년 파이노크 스페셜 리저브 700ml,700,False,59400,KR,트레이더스,,2026-05-27,youtube_martweb,2026-05.csv,matched,
w041,몽키숄더,몽키 숄더 700ml,700,False,49980,KR,트레이더스,,2026-05-27,youtube_martweb,2026-05.csv,matched,
w035,라프로익 10년,라프로익 10년 750mml,,False,69800,KR,트레이더스,,2026-05-27,youtube_martweb,2026-05.csv,matched,
w042,조니워커 그린라벨 15년,조니워커 그린납,,False,69800,KR,트레이더스,,2026-05-27,youtube_martweb,2026-05.csv,matched,
w050,조니워커 블랙라벨 12년,조니워커 블랙라베 700ml,700,False,49980,KR,트레이더스,,2026-05-27,youtube_martweb,2026-05.csv,matched,
w040,뱅크홀 싱글몰트,뱅크홀 싱글트 위스키 700ml,700,False,29940,KR,트레이더스,,2026-05-27,youtube_martweb,2026-05.csv,matched,
w064,골든블루 사피루스,골든 블루 사피루스 450ml,450,False,28980,KR,트레이더스,,2026-05-27,youtube_martweb,2026-05.csv,excluded,sub_500ml
w044,발렌타인 10년,발렌타인 10년 700ml,700,False,39980,KR,트레이더스,,2026-05-27,youtube_martweb,2026-05.csv,matched,
w070,1792 스몰배치,1792 스몰 배치 750ml,750,False,44980,KR,트레이더스,,2026-05-27,youtube_martweb,2026-05.csv,matched,
w055,듀어스 12년,듀어스 12년 퍼스트필 버번 캐스크 700ml,700,False,39980,KR,트레이더스,,2026-05-27,youtube_martweb,2026-05.csv,matched,
w061,제임슨,제임슨 스탠더드 700ml,700,False,27980,KR,트레이더스,,2026-05-27,youtube_martweb,2026-05.csv,matched,
w065,짐빔 화이트,진빔 화이트 750mml,,False,19980,KR,트레이더스,,2026-05-27,youtube_martweb,2026-05.csv,matched,
w080,에반 윌리엄스 블랙,에반 윌리엄스 블랙 1L,1000,False,29980,KR,트레이더스,,2026-05-27,youtube_martweb,2026-05.csv,matched,
w084,카발란 디스틸러리 셀렉트,카발란 디스틸러리 셀렉트 싱글 몰트 700ml,700,False,69800,KR,트레이더스,,2026-05-27,youtube_martweb,2026-05.csv,matched,
w007,글렌피딕 15년,글렌피딕 15년 700ml,700,False,99800,KR,트레이더스,,2026-05-27,youtube_martweb,2026-05.csv,matched,
w052,조니워커 블랙 루비,조니워커 블랙루비 700ml,700,False,44800,KR,트레이더스,,2026-05-27,youtube_martweb,2026-05.csv,matched,
w067,잭다니엘 애플,잭다니엘 애플 700ml 전용잔 패키지,700,True,39980,KR,트레이더스,,2026-05-27,youtube_martweb,2026-05.csv,excluded,bundle_glass_set
w066,잭다니엘 No.7,잭다니엘 테네시 700ml 전용잔 패키지,700,True,39980,KR,트레이더스,,2026-05-27,youtube_martweb,2026-05.csv,excluded,bundle_glass_set
w079,포 로지스 스몰배치 셀렉트,포 로지스 스몰 배치 셀렉트 750ml,750,False,116800,KR,트레이더스,,2026-05-27,youtube_martweb,2026-05.csv,matched,
w009,발베니 14년 캐리비안 캐스크,발베니 14년 캐리비안 캐스크 700ml,700,False,139800,KR,트레이더스,,2026-05-27,youtube_martweb,2026-05.csv,matched,
w018,글렌드로낙 12년,글랜드로 오드투더 다크 700ml,700,False,159800,KR,트레이더스,,2026-05-27,youtube_martweb,2026-05.csv,matched,
w016,탐두 15년,탐두 15년 700ml,700,False,169800,KR,트레이더스,,2026-05-27,youtube_martweb,2026-05.csv,matched,
w011,아벨라워 아부나흐,아벨라워 아브나르 쉐리케스크 에디션 700ml,700,False,235800,KR,트레이더스,,2026-05-27,youtube_martweb,2026-05.csv,matched,
,,조니 워커 블루라베 750mml,,False,259800,KR,트레이더스,,2026-05-27,youtube_martweb,2026-05.csv,unmatched,
w003,글렌리벳 17년 스몰배치,글렌리벳 17년 스몰 배치 2 700ml,700,False,229800,KR,트레이더스,,2026-05-27,youtube_martweb,2026-05.csv,matched,
w004,글렌리벳 19년 스몰배치,글렌리벳 19년 스몰 배치 2 700ml,700,False,349800,KR,트레이더스,,2026-05-27,youtube_martweb,2026-05.csv,matched,
w087,글렌드로낙 오드 투 더 다크,더 글랜드 로드투더 닥 700ml,700,False,159800,KR,트레이더스,,2026-05-19,youtube_martweb,2026-05.csv,matched,
w080,에반 윌리엄스 블랙,에반 윌리엄스 블랙 1L,1000,False,33980,KR,트레이더스,,2026-05-19,youtube_martweb,2026-05.csv,matched,
w008,발베니 12년 더블우드,발베니 12년 700ml,700,False,96800,KR,트레이더스,,2026-05-19,youtube_martweb,2026-05.csv,matched,
w012,맥캘란 12년 더블캐스크,맥캘란 12년 더블 캐스크 700ml,700,False,99800,KR,트레이더스,,2026-05-19,youtube_martweb,2026-05.csv,matched,
w004,글렌리벳 19년 스몰배치,글렌리벳 19년 스몰 배치 2 700ml,700,False,349800,KR,트레이더스,,2026-05-19,youtube_martweb,2026-05.csv,matched,
w003,글렌리벳 17년 스몰배치,글렌리벳 17년 스몰 배치 2 700ml,700,False,229800,KR,트레이더스,,2026-05-19,youtube_martweb,2026-05.csv,matched,
w081,에반 윌리엄스 12년,에반 윌리엄스 12년 750ml,750,False,89800,KR,트레이더스,,2026-05-19,youtube_martweb,2026-05.csv,matched,
w078,포 로지스 싱글배럴,포 로지스 싱글 베럴 750ml,750,False,59800,KR,트레이더스,,2026-05-19,youtube_martweb,2026-05.csv,matched,
w002,글렌리벳 15년,글렌리벳 15년 700ml,700,False,94800,KR,트레이더스,,2026-05-19,youtube_martweb,2026-05.csv,matched,
w096,글렌알라키 10년 루비 포트,글렌라키 10년 루비 포트 700ml,700,False,89800,KR,트레이더스,,2026-05-19,youtube_martweb,2026-05.csv,matched,
w040,뱅크홀 싱글몰트,뱅크홀 싱글트 위스키 700ml,700,False,29940,KR,트레이더스,,2026-05-19,youtube_martweb,2026-05.csv,matched,
w013,글렌그란트 12년,더 글랜 그란트 12년 700ml,700,False,59400,KR,트레이더스,,2026-05-19,youtube_martweb,2026-05.csv,matched,
w006,글렌피딕 14년 버번배럴,글렌피딕 14년 버번 캐스크 700ml,700,False,99800,KR,트레이더스,,2026-05-19,youtube_martweb,2026-05.csv,matched,
w032,탈리스커 10년,탈리스커 10년 700ml,700,False,69800,KR,트레이더스,,2026-05-19,youtube_martweb,2026-05.csv,matched,
w089,탈리스커 와일드 블루,탈리스커 와일드 블루 700ml,700,False,84800,KR,트레이더스,,2026-05-19,youtube_martweb,2026-05.csv,matched,
w035,라프로익 10년,라프로익 10년 750mml,,False,69800,KR,트레이더스,,2026-05-19,youtube_martweb,2026-05.csv,matched,
w005,글렌피딕 12년,글렌피딕 12년 700ml,700,False,69800,KR,트레이더스,,2026-05-19,youtube_martweb,2026-05.csv,matched,
w007,글렌피딕 15년,글렌피딕 15년 700ml,700,False,99800,KR,트레이더스,,2026-05-19,youtube_martweb,2026-05.csv,matched,
w027,에버펠디 16년,에버펠 16년 700ml,700,False,75800,KR,트레이더스,,2026-05-19,youtube_martweb,2026-05.csv,matched,
w055,듀어스 12년,듀어스 12년 퍼스트필 법원 케스크 700ml,700,False,39980,KR,트레이더스,,2026-05-19,youtube_martweb,2026-05.csv,matched,
w056,듀어스 15년,듀어스 15년 파이노크 스페셜 리저브 700ml,700,False,59400,KR,트레이더스,,2026-05-19,youtube_martweb,2026-05.csv,matched,
w088,탈리스만 9년 포르투기즈 캐스크,탈리스만 위스키 1L,1000,False,16980,KR,트레이더스,,2026-05-19,youtube_martweb,2026-05.csv,matched,
,,더 글랜드 로낙 12년 700ml,700,False,79800,KR,트레이더스,,2026-05-19,youtube_martweb,2026-05.csv,unmatched,
w041,몽키숄더,몽키 숄더 700ml,700,False,49980,KR,트레이더스,,2026-05-19,youtube_martweb,2026-05.csv,matched,
w044,발렌타인 10년,발렌타인 10년 700ml,700,False,39980,KR,트레이더스,,2026-05-19,youtube_martweb,2026-05.csv,matched,
w046,발렌타인 싱글몰트 15년,발렌타인 싱글트 글램버기 15년 700ml,700,False,94800,KR,트레이더스,,2026-05-19,youtube_martweb,2026-05.csv,matched,
w050,조니워커 블랙라벨 12년,조니워커 블랙라베 700ml,700,False,49980,KR,트레이더스,,2026-05-19,youtube_martweb,2026-05.csv,matched,
w042,조니워커 그린라벨 15년,조니워커 그린에 700ml,700,False,74800,KR,트레이더스,,2026-05-19,youtube_martweb,2026-05.csv,matched,
w052,조니워커 블랙 루비,조니워커 블랙 루비 700ml,700,False,44800,KR,트레이더스,,2026-05-19,youtube_martweb,2026-05.csv,matched,
w074,와일드터키 레어브리드,와일드 터키 레어 브리드 750ml,750,False,79800,KR,트레이더스,,2026-05-19,youtube_martweb,2026-05.csv,matched,
w075,와일드터키 켄터키 스피릿 싱글배럴,와일드 터키 캔터키 스피릿 싱글 배럴 750mml,,False,69400,KR,트레이더스,,2026-05-19,youtube_martweb,2026-05.csv,matched,
w066,잭다니엘 No.7,잭다니엘 테네시 700ml 전용잔 패키지,700,True,39980,KR,트레이더스,,2026-05-19,youtube_martweb,2026-05.csv,excluded,bundle_glass_set
w067,잭다니엘 애플,잭다니엘 애플 700ml 전용잔 패키지,700,True,39980,KR,트레이더스,,2026-05-19,youtube_martweb,2026-05.csv,excluded,bundle_glass_set
w076,이글 레어 10년,이글레어 10년 750ml,750,False,69800,KR,트레이더스,,2026-05-19,youtube_martweb,2026-05.csv,matched,
w064,골든블루 사피루스,골든 블루 사피루스 450ml,450,False,28980,KR,트레이더스,,2026-05-19,youtube_martweb,2026-05.csv,excluded,sub_500ml
w070,1792 스몰배치,1792 스몰 배치 750ml,750,False,44980,KR,트레이더스,,2026-05-19,youtube_martweb,2026-05.csv,matched,
w077,러셀스 리저브 싱글배럴,러셀 리저브 싱글 배럴 750ml,750,False,89400,KR,트레이더스,,2026-05-19,youtube_martweb,2026-05.csv,matched,
w083,산토리 가쿠빈,가쿠빈 700ml,700,False,29980,KR,트레이더스,,2026-05-19,youtube_martweb,2026-05.csv,matched,
w083,산토리 가쿠빈,가쿠빈 700ml 두 개입 메가잔 패키지,700,True,62800,KR,트레이더스,,2026-05-19,youtube_martweb,2026-05.csv,excluded,bundle_glass_set
w065,짐빔 화이트,진빔 화이트 750ml,750,False,27980,KR,트레이더스,,2026-05-19,youtube_martweb,2026-05.csv,matched,
w023,달모어 12년,달모어 12년 700ml,700,False,99800,KR,트레이더스,,2026-05-19,youtube_martweb,2026-05.csv,matched,
w092,발렌타인 싱글몰트 글렌버기 16년,발렌타인 싱글트 글램버이 16년 스몰 배치 700ml,700,False,169800,KR,트레이더스,,2026-05-19,youtube_martweb,2026-05.csv,matched,
w079,포 로지스 스몰배치 셀렉트,포 로지스 스몰 배치 셀렉트 750mml,,False,116800,KR,트레이더스,,2026-05-19,youtube_martweb,2026-05.csv,matched,
w093,글렌파클라스 15년,파클라스 15년 700ml,700,False,119400,KR,트레이더스,,2026-05-19,youtube_martweb,2026-05.csv,matched,
w053,조니워커 블루라벨,조니워커 블로라 750ml,750,False,259800,KR,트레이더스,,2026-05-19,youtube_martweb,2026-05.csv,matched,
w090,발렌타인 17년,발렌타인 17년 말본 리미티드 에디션 700ml,700,False,149800,KR,트레이더스,,2026-05-19,youtube_martweb,2026-05.csv,matched,
w084,카발란 디스틸러리 셀렉트,카발란 디스틸러 리셀레트 싱글 몰트 700ml,700,False,69800,KR,트레이더스,,2026-05-19,youtube_martweb,2026-05.csv,matched,
w090,발렌타인 17년,발렌타인 17년 700ml,700,False,119900,KR,코스트코,,2026-05-15,youtube_martweb,2026-05.csv,matched,
w047,발렌타인 21년,발렌타인 21년 700ml,700,False,182900,KR,코스트코,,2026-05-15,youtube_martweb,2026-05.csv,matched,
w146,달모어 12년 셰리캐스크,달모어 12년 쉐리케스크 700ml,700,False,144900,KR,코스트코,,2026-05-15,youtube_martweb,2026-05.csv,matched,
w026,로얄 브라클라 12년,로얄 브라클라 12년 700ml,700,False,82900,KR,코스트코,,2026-05-15,youtube_martweb,2026-05.csv,matched,
w053,조니워커 블루라벨,조니워커 블루 750mml,,False,256900,KR,코스트코,,2026-05-15,youtube_martweb,2026-05.csv,matched,
w007,글렌피딕 15년,글렌피딕 15년 700ml,700,False,96900,KR,코스트코,,2026-05-15,youtube_martweb,2026-05.csv,matched,
w020,글렌모렌지 12년,글렌모렌지 D 오리지널 12년 700ml,700,False,79900,KR,코스트코,,2026-05-15,youtube_martweb,2026-05.csv,matched,
w041,몽키숄더,몽키 숄더 700ml,700,False,49790,KR,코스트코,,2026-05-15,youtube_martweb,2026-05.csv,matched,
w012,맥캘란 12년 더블캐스크,맥캘란 12년 더블 캐스크 700ml,700,False,96900,KR,코스트코,,2026-05-15,youtube_martweb,2026-05.csv,matched,
w042,조니워커 그린라벨 15년,조니워커 그린 700ml,700,False,69900,KR,코스트코,,2026-05-15,youtube_martweb,2026-05.csv,matched,
w008,발베니 12년 더블우드,발베니 12년 더블로드 700ml,700,False,94900,KR,코스트코,,2026-05-15,youtube_martweb,2026-05.csv,matched,
w094,글렌피딕 12년 셰리 캐스크,글렌피딕 12년 쉐리케스크 700ml,700,False,69900,KR,코스트코,,2026-05-15,youtube_martweb,2026-05.csv,matched,
w066,잭다니엘 No.7,잭 다니엘스 테네시 위스키 1L,1000,False,55900,KR,코스트코,,2026-05-15,youtube_martweb,2026-05.csv,matched,
w072,우드포드 리저브,우드포드 리저브 1L,1000,False,79900,KR,코스트코,,2026-05-15,youtube_martweb,2026-05.csv,matched,
w050,조니워커 블랙라벨 12년,조니워커 블랙 700ml,700,False,48790,KR,코스트코,,2026-05-15,youtube_martweb,2026-05.csv,matched,
w067,잭다니엘 애플,잭 다니엘스 애플 1L,1000,False,55900,KR,코스트코,,2026-05-15,youtube_martweb,2026-05.csv,matched,
w061,제임슨,제임슨 아이리시 위스키 700ml,700,False,26690,KR,코스트코,,2026-05-15,youtube_martweb,2026-05.csv,matched,
,,커클랜드 시그니처 꼬약 XO 750ml,750,False,147900,KR,코스트코,,2026-05-15,youtube_martweb,2026-05.csv,excluded,cognac
w083,산토리 가쿠빈,가쿠빈 700ml,700,False,27690,KR,코스트코,,2026-05-15,youtube_martweb,2026-05.csv,matched,
w002,글렌리벳 15년,글렌리벳 15년 700ml,700,False,94800,KR,트레이더스,,2026-05-13,youtube_martweb,2026-05.csv,matched,
w079,포 로지스 스몰배치 셀렉트,포 로지스 스몰 배치 셀렉트 750ml,750,False,116800,KR,트레이더스,,2026-05-13,youtube_martweb,2026-05.csv,matched,
w104,맥캘란 셰리 오크 12년,맥캘란 쉐리오크 12년 700ml,700,False,119800,KR,트레이더스,,2026-05-13,youtube_martweb,2026-05.csv,matched,
w009,발베니 14년 캐리비안 캐스크,발베니 14년 캐리비안 캐스크 700ml,700,False,139800,KR,트레이더스,,2026-05-13,youtube_martweb,2026-05.csv,matched,
w087,글렌드로낙 오드 투 더 다크,더 글랜드 로드투더 다크 700ml,700,False,159800,KR,트레이더스,,2026-05-13,youtube_martweb,2026-05.csv,matched,
w053,조니워커 블루라벨,조니워커 블루라베 750mml,,False,259800,KR,트레이더스,,2026-05-13,youtube_martweb,2026-05.csv,matched,
w012,맥캘란 12년 더블캐스크,맥캘란 12년 더블 캐스크 700ml,700,False,99800,KR,트레이더스,,2026-05-13,youtube_martweb,2026-05.csv,matched,
w006,글렌피딕 14년 버번배럴,글렌피딕 14년 버번 캐스크 700ml,700,False,99800,KR,트레이더스,,2026-05-13,youtube_martweb,2026-05.csv,matched,
w007,글렌피딕 15년,글렌피딕 15년 700ml,700,False,99800,KR,트레이더스,,2026-05-13,youtube_martweb,2026-05.csv,matched,
w008,발베니 12년 더블우드,발베니 12년 700ml,700,False,96800,KR,트레이더스,,2026-05-13,youtube_martweb,2026-05.csv,matched,
w089,탈리스커 와일드 블루,탈리스커 와일드 블루 700ml,700,False,84800,KR,트레이더스,,2026-05-13,youtube_martweb,2026-05.csv,matched,
w031,아란 셰리 캐스크,아란쉐리 캐스크 700ml,700,False,99800,KR,트레이더스,,2026-05-13,youtube_martweb,2026-05.csv,matched,
w077,러셀스 리저브 싱글배럴,러셀 리저브 싱글 베럴 750ml,750,False,99800,KR,트레이더스,,2026-05-13,youtube_martweb,2026-05.csv,matched,
w013,글렌그란트 12년,더 글랜 그란트 12년 700ml,700,False,69800,KR,트레이더스,,2026-05-13,youtube_martweb,2026-05.csv,matched,
w076,이글 레어 10년,이글레어 10년 750ml,750,False,69800,KR,트레이더스,,2026-05-13,youtube_martweb,2026-05.csv,matched,
w032,탈리스커 10년,탈리스커 10년 700ml,700,False,69800,KR,트레이더스,,2026-05-13,youtube_martweb,2026-05.csv,matched,
w005,글렌피딕 12년,글렌피딕 12년 700ml,700,False,69800,KR,트레이더스,,2026-05-13,youtube_martweb,2026-05.csv,matched,
w027,에버펠디 16년,에버펠 16년 700ml,700,False,75800,KR,트레이더스,,2026-05-13,youtube_martweb,2026-05.csv,matched,
w042,조니워커 그린라벨 15년,조니워커 그인라 700ml,700,False,74800,KR,트레이더스,,2026-05-13,youtube_martweb,2026-05.csv,matched,
w074,와일드터키 레어브리드,와일드 터키 레어브리드 750mml,,False,79800,KR,트레이더스,,2026-05-13,youtube_martweb,2026-05.csv,matched,
w056,듀어스 15년,듀어스 15년 파이노크 스페셜 리저브 700ml,700,False,59400,KR,트레이더스,,2026-05-13,youtube_martweb,2026-05.csv,matched,
w035,라프로익 10년,라프로잇 10년 750mml,,False,69800,KR,트레이더스,,2026-05-13,youtube_martweb,2026-05.csv,matched,
w052,조니워커 블랙 루비,조니워커 블랙루비 700ml,700,False,44800,KR,트레이더스,,2026-05-13,youtube_martweb,2026-05.csv,matched,
w050,조니워커 블랙라벨 12년,조니워커 블랙라베 700ml,700,False,49980,KR,트레이더스,,2026-05-13,youtube_martweb,2026-05.csv,matched,
w070,1792 스몰배치,1792 스몰 배치 750ml,750,False,44980,KR,트레이더스,,2026-05-13,youtube_martweb,2026-05.csv,matched,
w040,뱅크홀 싱글몰트,뱅크홀 싱글 몰트 위스키 700ml,700,False,29940,KR,트레이더스,,2026-05-13,youtube_martweb,2026-05.csv,matched,
w064,골든블루 사피루스,골든 블루 사피루스 450ml,450,False,28980,KR,트레이더스,,2026-05-13,youtube_martweb,2026-05.csv,excluded,sub_500ml
w041,몽키숄더,몽키 숄더 700ml,700,False,49980,KR,트레이더스,,2026-05-13,youtube_martweb,2026-05.csv,matched,
w055,듀어스 12년,듀어스 12년 퍼스트필 버번 캐스크 700ml,700,False,39980,KR,트레이더스,,2026-05-13,youtube_martweb,2026-05.csv,matched,
w044,발렌타인 10년,발렌타인 10년 700ml,700,False,39980,KR,트레이더스,,2026-05-13,youtube_martweb,2026-05.csv,matched,
w080,에반 윌리엄스 블랙,에반율리엄스 블랙 1L,1000,False,33980,KR,트레이더스,,2026-05-13,youtube_martweb,2026-05.csv,matched,
w067,잭다니엘 애플,잭다니엘스 애플 700ml 전용잔 패키지,700,True,39980,KR,트레이더스,,2026-05-13,youtube_martweb,2026-05.csv,excluded,bundle_glass_set
w066,잭다니엘 No.7,잭다니엘스 테네시 700ml 전용잔 패키지,700,True,39980,KR,트레이더스,,2026-05-13,youtube_martweb,2026-05.csv,excluded,bundle_glass_set
w065,짐빔 화이트,진빔 화이트 750ml,750,False,19980,KR,트레이더스,,2026-05-13,youtube_martweb,2026-05.csv,matched,
w084,카발란 디스틸러리 셀렉트,카발란 디스틸러리 셀렉트 싱글 몰트 700ml,700,False,69800,KR,트레이더스,,2026-05-13,youtube_martweb,2026-05.csv,matched,
w081,에반 윌리엄스 12년,에반 윌리엄스 12년 750ml,750,False,89800,KR,트레이더스,,2026-05-13,youtube_martweb,2026-05.csv,matched,
w015,글렌그란트 익스플로레이션 No.1,더 글랜 그란트 익스플로레이션 넘버원 700ml,700,False,79800,KR,트레이더스,,2026-05-13,youtube_martweb,2026-05.csv,matched,
w078,포 로지스 싱글배럴,포 로지스 싱글 베럴 750ml,750,False,59800,KR,트레이더스,,2026-05-13,youtube_martweb,2026-05.csv,matched,
w092,발렌타인 싱글몰트 글렌버기 16년,발렌타인 싱글트 글램버기 16년 스몰 배치,,False,169800,KR,트레이더스,,2026-05-13,youtube_martweb,2026-05.csv,matched,
w083,산토리 가쿠빈,가쿠빈 700ml,700,False,29980,KR,트레이더스,,2026-05-13,youtube_martweb,2026-05.csv,matched,
w047,발렌타인 21년,발렌타인 21년 700ml,700,False,182900,KR,코스트코,,2026-05-05,youtube_martweb,2026-05.csv,matched,
w090,발렌타인 17년,발렌타인 17년 700ml,700,False,119900,KR,코스트코,,2026-05-05,youtube_martweb,2026-05.csv,matched,
w094,글렌피딕 12년 셰리 캐스크,글렌피딕 12년 쉐리케스크 700ml,700,False,69900,KR,코스트코,,2026-05-05,youtube_martweb,2026-05.csv,matched,
w041,몽키숄더,몽키 숄더 700ml,700,False,42290,KR,코스트코,,2026-05-05,youtube_martweb,2026-05.csv,matched,
w053,조니워커 블루라벨,조니워커블 블루 750ml,750,False,256900,KR,코스트코,,2026-05-05,youtube_martweb,2026-05.csv,matched,
w026,로얄 브라클라 12년,로얄 브라클라 12년 700ml,700,False,82900,KR,코스트코,,2026-05-05,youtube_martweb,2026-05.csv,matched,
w007,글렌피딕 15년,글렌피딕 15년 싱글트 위스키 700ml,700,False,96900,KR,코스트코,,2026-05-05,youtube_martweb,2026-05.csv,matched,
w009,발베니 14년 캐리비안 캐스크,발베니 14년 캐리비안 캐스크 700ml,700,False,134900,KR,코스트코,,2026-05-05,youtube_martweb,2026-05.csv,matched,
w012,맥캘란 12년 더블캐스크,맥캘란 12년 더블 캐스크 700ml,700,False,96900,KR,코스트코,,2026-05-05,youtube_martweb,2026-05.csv,matched,
w042,조니워커 그린라벨 15년,조니워커 그린 700ml,700,False,69900,KR,코스트코,,2026-05-05,youtube_martweb,2026-05.csv,matched,
w008,발베니 12년 더블우드,발베니 12년 700ml,700,False,94900,KR,코스트코,,2026-05-05,youtube_martweb,2026-05.csv,matched,
w050,조니워커 블랙라벨 12년,조니워커 블랙 700ml,700,False,48790,KR,코스트코,,2026-05-05,youtube_martweb,2026-05.csv,matched,
w072,우드포드 리저브,우드포드 리저브 1L,1000,False,79900,KR,코스트코,,2026-05-05,youtube_martweb,2026-05.csv,matched,
w066,잭다니엘 No.7,잭다니엘스 테네시 위스키 1L,1000,False,55900,KR,코스트코,,2026-05-05,youtube_martweb,2026-05.csv,matched,
w067,잭다니엘 애플,잭다니엘스 애플 1L,1000,False,55900,KR,코스트코,,2026-05-05,youtube_martweb,2026-05.csv,matched,
w106,벨즈,벨즈 스카치 위스키 1L,1000,False,17790,KR,코스트코,,2026-05-05,youtube_martweb,2026-05.csv,matched,
w061,제임슨,제임슨 아이리시 위스키 700ml,700,False,26690,KR,코스트코,,2026-05-05,youtube_martweb,2026-05.csv,matched,
,,커클랜드 시그니처 꼬약 XO 750ml,750,False,147900,KR,코스트코,,2026-05-05,youtube_martweb,2026-05.csv,excluded,cognac
w083,산토리 가쿠빈,산토리 위스키 각쿠빈 700ml,700,False,27690,KR,코스트코,,2026-05-05,youtube_martweb,2026-05.csv,matched,
w079,포 로지스 스몰배치 셀렉트,포 로지스 스몰배치 셀렉트 750ml,750,False,116800,KR,트레이더스,,2026-05-04,youtube_martweb,2026-05.csv,matched,
w093,글렌파클라스 15년,파클라스 15년 700ml,700,False,119400,KR,트레이더스,,2026-05-04,youtube_martweb,2026-05.csv,matched,
w009,발베니 14년 캐리비안 캐스크,발베니 14년 캐리비안 캐스크 700ml,700,False,139800,KR,트레이더스,,2026-05-04,youtube_martweb,2026-05.csv,matched,
w011,아벨라워 아부나흐,아벨라워 아브나흐 쉐리케스크 에디션 700ml,700,False,235800,KR,트레이더스,,2026-05-04,youtube_martweb,2026-05.csv,matched,
w053,조니워커 블루라벨,조니워커 블루라베 750mml,,False,259800,KR,트레이더스,,2026-05-04,youtube_martweb,2026-05.csv,matched,
w081,에반 윌리엄스 12년,에반윌리엄스 12년 750ml,750,False,99800,KR,트레이더스,,2026-05-04,youtube_martweb,2026-05.csv,matched,
w012,맥캘란 12년 더블캐스크,맥캘란 12년 더블 캐스크 700ml,700,False,99800,KR,트레이더스,,2026-05-04,youtube_martweb,2026-05.csv,matched,
w078,포 로지스 싱글배럴,포 로지스 싱글 베럴 750ml,750,False,82800,KR,트레이더스,,2026-05-04,youtube_martweb,2026-05.csv,matched,
w031,아란 셰리 캐스크,아란 쉐리케스크 700ml,700,False,99800,KR,트레이더스,,2026-05-04,youtube_martweb,2026-05.csv,matched,
w002,글렌리벳 15년,글렌리벳 15년 700ml,700,False,94800,KR,트레이더스,,2026-05-04,youtube_martweb,2026-05.csv,matched,
w089,탈리스커 와일드 블루,탈리스커 와일드 블루 700ml,700,False,84800,KR,트레이더스,,2026-05-04,youtube_martweb,2026-05.csv,matched,
w077,러셀스 리저브 싱글배럴,러셀 리저브 싱글 배럴 750ml,750,False,99800,KR,트레이더스,,2026-05-04,youtube_martweb,2026-05.csv,matched,
w096,글렌알라키 10년 루비 포트,글렌알라키 10년 루비포트 700ml,700,False,89800,KR,트레이더스,,2026-05-04,youtube_martweb,2026-05.csv,matched,
w076,이글 레어 10년,이글레어 10년 750ml,750,False,74800,KR,트레이더스,,2026-05-04,youtube_martweb,2026-05.csv,matched,
w013,글렌그란트 12년,글렌그란트 12년 700ml,700,False,69800,KR,트레이더스,,2026-05-04,youtube_martweb,2026-05.csv,matched,
w027,에버펠디 16년,에버펠 16년 700ml,700,False,75800,KR,트레이더스,,2026-05-04,youtube_martweb,2026-05.csv,matched,
w005,글렌피딕 12년,글렌피딕 12년 700ml,700,False,69800,KR,트레이더스,,2026-05-04,youtube_martweb,2026-05.csv,matched,
w074,와일드터키 레어브리드,와일드 터키 레어브리드 750ml,750,False,79800,KR,트레이더스,,2026-05-04,youtube_martweb,2026-05.csv,matched,
w084,카발란 디스틸러리 셀렉트,카발란 디스틸러리 셀렉트 싱글 700ml,700,False,69800,KR,트레이더스,,2026-05-04,youtube_martweb,2026-05.csv,matched,
w056,듀어스 15년,듀어스 15년 파인노크 스페셜 리저브 700ml,700,False,59400,KR,트레이더스,,2026-05-04,youtube_martweb,2026-05.csv,matched,
w035,라프로익 10년,라프로익 10년 750ml,750,False,69800,KR,트레이더스,,2026-05-04,youtube_martweb,2026-05.csv,matched,
w052,조니워커 블랙 루비,조니워커 블랙 누루비 700ml,700,False,54800,KR,트레이더스,,2026-05-04,youtube_martweb,2026-05.csv,matched,
w066,잭다니엘 No.7,잭다니엘 테네시 700ml 전용잔 패키지,700,True,39980,KR,트레이더스,,2026-05-04,youtube_martweb,2026-05.csv,excluded,bundle_glass_set
w067,잭다니엘 애플,잭다니엘 애플 700ml 전용잔 패키지,700,True,39980,KR,트레이더스,,2026-05-04,youtube_martweb,2026-05.csv,excluded,bundle_glass_set
w041,몽키숄더,몽키 숄더 700ml,700,False,49980,KR,트레이더스,,2026-05-04,youtube_martweb,2026-05.csv,matched,
w070,1792 스몰배치,1792 스몰 배치 750ml,750,False,44980,KR,트레이더스,,2026-05-04,youtube_martweb,2026-05.csv,matched,
w040,뱅크홀 싱글몰트,뱅크홀 싱글트 위스키 700ml,700,False,29940,KR,트레이더스,,2026-05-04,youtube_martweb,2026-05.csv,matched,
w064,골든블루 사피루스,골든 블루 사피루스 450ml,450,False,28980,KR,트레이더스,,2026-05-04,youtube_martweb,2026-05.csv,excluded,sub_500ml
w055,듀어스 12년,듀어스 12년 퍼스트필 버번 캐스크 700ml,700,False,39980,KR,트레이더스,,2026-05-04,youtube_martweb,2026-05.csv,matched,
w111,에반 윌리엄스 BIB,에반 윌리엄스 BIB 12주년 에디션 50도 1L,1000,False,35980,KR,트레이더스,,2026-05-04,youtube_martweb,2026-05.csv,matched,
w080,에반 윌리엄스 블랙,에반 윌리엄스 블랙 1L,1000,False,33980,KR,트레이더스,,2026-05-04,youtube_martweb,2026-05.csv,matched,
w083,산토리 가쿠빈,가쿠빈 700ml,700,False,29980,KR,트레이더스,,2026-05-04,youtube_martweb,2026-05.csv,matched,
w044,발렌타인 10년,발렌타인 10년 700ml,700,False,39980,KR,트레이더스,,2026-05-04,youtube_martweb,2026-05.csv,matched,
w061,제임슨,제임슨 스탠더드 700ml,700,False,27980,KR,트레이더스,,2026-05-04,youtube_martweb,2026-05.csv,matched,
w043,발렌타인 파이니스트,발렌타인 파이니스트 1L,1000,False,28980,KR,트레이더스,,2026-05-04,youtube_martweb,2026-05.csv,matched,
w065,짐빔 화이트,진빔 화이트 750mml,,False,19980,KR,트레이더스,,2026-05-04,youtube_martweb,2026-05.csv,matched,
w006,글렌피딕 14년 버번배럴,글렌피딕 14년 버번 캐스크 700ml,700,False,99800,KR,트레이더스,,2026-05-04,youtube_martweb,2026-05.csv,matched,
w007,글렌피딕 15년,글렌피딕 15년 700ml,700,False,99800,KR,트레이더스,,2026-05-04,youtube_martweb,2026-05.csv,matched,
w066,잭다니엘 No.7,잭다니엘 싱글배럴 잔패키지,,False,102900,KR,코스트코,,2026-05-30,youtube_martweb,2026-05.csv,excluded,bundle_glass_set
w066,잭다니엘 No.7,잭다니엘 테네시 위스키 1L 잔패키지,1000,False,57900,KR,코스트코,,2026-05-30,youtube_martweb,2026-05.csv,excluded,bundle_glass_set
w090,발렌타인 17년,발렌타인 17년산,,False,136900,KR,코스트코,,2026-05-30,youtube_martweb,2026-05.csv,matched,
w098,커클랜드 15년 하일랜드 싱글몰트,커클랜드 15년 하일랜드 싱글몰트 위스키,,False,133900,KR,코스트코,,2026-05-30,youtube_martweb,2026-05.csv,matched,
w002,글렌리벳 15년,더 글렌리벳 15년 싱글몰트 위스키,,False,106900,KR,코스트코,,2026-05-30,youtube_martweb,2026-05.csv,matched,
w050,조니워커 블랙라벨 12년,조니워커 블랙라벨 12년 700,,False,40790,KR,코스트코,,2026-05-30,youtube_martweb,2026-05.csv,matched,
w048,시바스 리갈 12년,시바스리갈 12년산,,False,63900,KR,코스트코,,2026-05-30,youtube_martweb,2026-05.csv,matched,
w099,커클랜드 시그니처 스카치,커클랜드 시그니처 스카치 위스키 1.75L,1750,False,32490,KR,코스트코,,2026-05-30,youtube_martweb,2026-05.csv,matched,
w100,커클랜드 시그니처 캐나디안,커클랜드 시그니처 캐나디안 위스키 1.75L,1750,False,34990,KR,코스트코,,2026-05-30,youtube_martweb,2026-05.csv,matched,
,,글렌모렌지 오리지널 10년 700ml,700,False,88800,KR,트레이더스,,2026-06-01,youtube_martweb,2026-06.csv,unmatched,
w008,발베니 12년 더블우드,발베니 12년 더블우드 700ml,700,False,96800,KR,트레이더스,,2026-06-01,youtube_martweb,2026-06.csv,matched,
w007,글렌피딕 15년,글렌피딕 15년 솔레라 700ml,700,False,99800,KR,트레이더스,,2026-06-01,youtube_martweb,2026-06.csv,matched,
w054,페이머스 그라우스,페이머스 그라우스 1L,1000,False,34980,KR,트레이더스,,2026-06-01,youtube_martweb,2026-06.csv,matched,
w005,글렌피딕 12년,글렌피딕 12년 700ml,700,False,84800,KR,트레이더스,,2026-06-01,youtube_martweb,2026-06.csv,matched,
,,라가불린 8년 700ml,700,False,99800,KR,트레이더스,,2026-06-01,youtube_martweb,2026-06.csv,unmatched,
,,탈리스커 스톰 700ml,700,False,92800,KR,트레이더스,,2026-06-01,youtube_martweb,2026-06.csv,unmatched,
w090,발렌타인 17년,발렌타인 17년산,,False,136900,KR,코스트코,,2026-06-01,youtube_martweb,2026-06.csv,matched,
w098,커클랜드 15년 하일랜드 싱글몰트,커클랜드 15년 하일랜드 싱글몰트 위스키,,False,133900,KR,코스트코,,2026-06-01,youtube_martweb,2026-06.csv,matched,
w002,글렌리벳 15년,더 글렌리벳 15년 싱글몰트 위스키,,False,106900,KR,코스트코,,2026-06-01,youtube_martweb,2026-06.csv,matched,
w050,조니워커 블랙라벨 12년,조니워커 블랙라벨 12년 700,,False,40790,KR,코스트코,,2026-06-01,youtube_martweb,2026-06.csv,matched,
w048,시바스 리갈 12년,시바스리갈 12년산,,False,63900,KR,코스트코,,2026-06-01,youtube_martweb,2026-06.csv,matched,
w099,커클랜드 시그니처 스카치,커클랜드 시그니처 스카치 위스키 1.75L,1750,False,32490,KR,코스트코,,2026-06-01,youtube_martweb,2026-06.csv,matched,
w100,커클랜드 시그니처 캐나디안,커클랜드 시그니처 캐나디안 위스키 1.75L,1750,False,34990,KR,코스트코,,2026-06-01,youtube_martweb,2026-06.csv,matched,
w064,골든블루 사피루스,골든 블루 사피루스,,False,28980,KR,트레이더스,,2026-06-01,youtube_martweb,2026-06.csv,matched,
,,글랜 글라사 샌드엔드,,False,99800,KR,트레이더스,,2026-06-01,youtube_martweb,2026-06.csv,unmatched,
w013,글렌그란트 12년,글랜란트 12년,,False,59400,KR,트레이더스,,2026-06-01,youtube_martweb,2026-06.csv,matched,
w014,글렌그란트 15년,글랜란트 15년,,False,89400,KR,트레이더스,,2026-06-01,youtube_martweb,2026-06.csv,matched,
w018,글렌드로낙 12년,글랜드로 오드트 더더밸리,,False,89400,KR,트레이더스,,2026-06-01,youtube_martweb,2026-06.csv,matched,
w086,글렌드로낙 오드 투 더 엠버스,글랜드러 오드더 엠버스,,False,99400,KR,트레이더스,,2026-06-01,youtube_martweb,2026-06.csv,matched,
w002,글렌리벳 15년,글랜립의 15년,,False,94800,KR,트레이더스,,2026-06-01,youtube_martweb,2026-06.csv,matched,
,,글랜킨치 12년,,False,59800,KR,트레이더스,,2026-06-01,youtube_martweb,2026-06.csv,unmatched,
w005,글렌피딕 12년,글랜피딕 12년,,False,69800,KR,트레이더스,,2026-06-01,youtube_martweb,2026-06.csv,matched,
w006,글렌피딕 14년 버번배럴,글랜피딕 14년,,False,99800,KR,트레이더스,,2026-06-01,youtube_martweb,2026-06.csv,matched,
w007,글렌피딕 15년,글램피닉 15년,,False,99800,KR,트레이더스,,2026-06-01,youtube_martweb,2026-06.csv,matched,
w060,노마드 아웃랜드 셰리 피니시,노마드 아울랜드 쉐리 피니시,,False,49980,KR,트레이더스,,2026-06-01,youtube_martweb,2026-06.csv,matched,
w023,달모어 12년,달모어 12년,,False,99800,KR,트레이더스,,2026-06-01,youtube_martweb,2026-06.csv,matched,
w055,듀어스 12년,듀어스 12년,,False,39980,KR,트레이더스,,2026-06-01,youtube_martweb,2026-06.csv,matched,
w056,듀어스 15년,듀어스 15년,,False,59400,KR,트레이더스,,2026-06-01,youtube_martweb,2026-06.csv,matched,
,,라가블린 11년,,False,89800,KR,트레이더스,,2026-06-01,youtube_martweb,2026-06.csv,unmatched,
w077,러셀스 리저브 싱글배럴,러셀 리저브 싱글 배럴,,False,89400,KR,트레이더스,,2026-06-01,youtube_martweb,2026-06.csv,matched,
w012,맥캘란 12년 더블캐스크,맥켈란 12년 더블 캐스크,,False,94800,KR,트레이더스,,2026-06-01,youtube_martweb,2026-06.csv,matched,
w071,메이커스 마크,메이커스 마크,,False,49980,KR,트레이더스,,2026-06-01,youtube_martweb,2026-06.csv,matched,
w041,몽키숄더,몽키 숄더,,False,49980,KR,트레이더스,,2026-06-01,youtube_martweb,2026-06.csv,matched,
w090,발렌타인 17년,발렌타인 17년 말본 리미티드 에디션,,False,149800,KR,트레이더스,,2026-06-01,youtube_martweb,2026-06.csv,matched,
w008,발베니 12년 더블우드,발베니 12년,,False,96800,KR,트레이더스,,2026-06-01,youtube_martweb,2026-06.csv,matched,
w040,뱅크홀 싱글몰트,뱅크홀,,False,29940,KR,트레이더스,,2026-06-01,youtube_martweb,2026-06.csv,matched,
w017,벤리악 10년,벤 10년,,False,49940,KR,트레이더스,,2026-06-01,youtube_martweb,2026-06.csv,matched,
w062,부쉬밀 15년 싱글몰트,부심일 15년,,False,99800,KR,트레이더스,,2026-06-01,youtube_martweb,2026-06.csv,matched,
w083,산토리 가쿠빈,산토리 각쿠빈,,False,29980,KR,트레이더스,,2026-06-01,youtube_martweb,2026-06.csv,matched,
w031,아란 셰리 캐스크,아란 쉐리케스크,,False,99800,KR,트레이더스,,2026-06-01,youtube_martweb,2026-06.csv,matched,
w081,에반 윌리엄스 12년,에반 윌리엄스 12년,,False,99800,KR,트레이더스,,2026-06-01,youtube_martweb,2026-06.csv,matched,
w111,에반 윌리엄스 BIB,에반 윌리엄스 BIB 12주년 에디션,,False,39980,KR,트레이더스,,2026-06-01,youtube_martweb,2026-06.csv,matched,
w080,에반 윌리엄스 블랙,에반 윌리엄스 블랙 1l,1000,False,29980,KR,트레이더스,,2026-06-01,youtube_martweb,2026-06.csv,matched,
w074,와일드터키 레어브리드,와일드 터키 레어브리드,,False,79800,KR,트레이더스,,2026-06-01,youtube_martweb,2026-06.csv,matched,
w075,와일드터키 켄터키 스피릿 싱글배럴,와일드 터키 캔터키 스피릿 싱글 배럴,,False,69400,KR,트레이더스,,2026-06-01,youtube_martweb,2026-06.csv,matched,
w076,이글 레어 10년,이글레어 10년,,False,69800,KR,트레이더스,,2026-06-01,youtube_martweb,2026-06.csv,matched,
,,일라이저 크레이그 스몰 배치,,False,79400,KR,트레이더스,,2026-06-01,youtube_martweb,2026-06.csv,unmatched,
w061,제임슨,제임슨,,False,27980,KR,트레이더스,,2026-06-01,youtube_martweb,2026-06.csv,matched,
w042,조니워커 그린라벨 15년,조니어 그린,,False,69800,KR,트레이더스,,2026-06-01,youtube_martweb,2026-06.csv,matched,
w049,조니워커 레드라벨,조니어 레드 1.75l,1750,False,49940,KR,트레이더스,,2026-06-01,youtube_martweb,2026-06.csv,matched,
w052,조니워커 블랙 루비,조니어 블랙 루비,,False,54800,KR,트레이더스,,2026-06-01,youtube_martweb,2026-06.csv,matched,
w050,조니워커 블랙라벨 12년,조니어커 블랙,,False,44980,KR,트레이더스,,2026-06-01,youtube_martweb,2026-06.csv,matched,
w065,짐빔 화이트,진빔,,False,19980,KR,트레이더스,,2026-06-01,youtube_martweb,2026-06.csv,matched,
w084,카발란 디스틸러리 셀렉트,카발란 디스틸러리 셀렉트 싱글 몰트,,False,69800,KR,트레이더스,,2026-06-01,youtube_martweb,2026-06.csv,matched,
w130,칼라일,칼라 1 블렌디드 스카치 위스키,,False,23980,KR,트레이더스,,2026-06-01,youtube_martweb,2026-06.csv,matched,
,,커티 프로이비션,,False,39980,KR,트레이더스,,2026-06-01,youtube_martweb,2026-06.csv,unmatched,
w025,클라이넬리시 14년,클라인엘리시 14년,,False,84800,KR,트레이더스,,2026-06-01,youtube_martweb,2026-06.csv,matched,
w088,탈리스만 9년 포르투기즈 캐스크,탈리스만 9년,,False,25980,KR,트레이더스,,2026-06-01,youtube_martweb,2026-06.csv,matched,
w088,탈리스만 9년 포르투기즈 캐스크,탈리스만 위스키 1l,1000,False,69800,KR,트레이더스,,2026-06-01,youtube_martweb,2026-06.csv,matched,
w089,탈리스커 와일드 블루,탈리스커 와일드 블루,,False,69400,KR,트레이더스,,2026-06-01,youtube_martweb,2026-06.csv,matched,
,,바카디 모이또,,False,21980,KR,트레이더스,,2026-06-01,youtube_martweb,2026-06.csv,excluded,rum-cocktail
,,앱솔루트,,False,25980,KR,트레이더스,,2026-06-01,youtube_martweb,2026-06.csv,excluded,vodka
,,업타운 마가리타,,False,24980,KR,트레이더스,,2026-06-01,youtube_martweb,2026-06.csv,unmatched,
,,페로네 리몬첼,,False,29980,KR,트레이더스,,2026-06-01,youtube_martweb,2026-06.csv,excluded,liqueur-limoncello
,,피치트리,,False,25980,KR,트레이더스,,2026-06-01,youtube_martweb,2026-06.csv,excluded,liqueur-schnapps
w028,글렌고인 캐스크 스트렝스 배치171,글랜고인 CS 배치 11,,False,149800,KR,트레이더스,,2026-06-01,youtube_martweb,2026-06.csv,matched,
w003,글렌리벳 17년 스몰배치,글랜립의 17년 스몰 배치 2,,False,229800,KR,트레이더스,,2026-06-01,youtube_martweb,2026-06.csv,matched,
w004,글렌리벳 19년 스몰배치,글랜립의 19년 스몰 배치,,False,349800,KR,트레이더스,,2026-06-01,youtube_martweb,2026-06.csv,matched,
w059,로얄 살루트 21년,로얄 살루트 21년 그레인,,False,179800,KR,트레이더스,,2026-06-01,youtube_martweb,2026-06.csv,matched,
w092,발렌타인 싱글몰트 글렌버기 16년,발렌타인 싱글램버이 16년,,False,169800,KR,트레이더스,,2026-06-01,youtube_martweb,2026-06.csv,matched,
,,아벨라오 아브나우 쉐리케스 퀘디션,,False,235800,KR,트레이더스,,2026-06-01,youtube_martweb,2026-06.csv,unmatched,
w053,조니워커 블루라벨,조니어커 블루,,False,259800,KR,트레이더스,,2026-06-01,youtube_martweb,2026-06.csv,matched,
w016,탐두 15년,탐두 15년,,False,169800,KR,트레이더스,,2026-06-01,youtube_martweb,2026-06.csv,matched,
w079,포 로지스 스몰배치 셀렉트,포로지스 스몰 배치 셀렉트,,False,116800,KR,트레이더스,,2026-06-01,youtube_martweb,2026-06.csv,matched,
w070,1792 스몰배치,1792 스몰 배치,,False,39980,KR,트레이더스,,2026-06-01,youtube_martweb,2026-06.csv,matched,
,,레미마틴 VSOP,,False,79800,KR,트레이더스,,2026-06-01,youtube_martweb,2026-06.csv,excluded,cognac
,,글랭글라사 포트소이,,False,109800,KR,트레이더스,,2026-06-01,youtube_martweb,2026-06.csv,unmatched,
w053,조니워커 블루라벨,조니워커 블루라벨 750ml,750,False,308000,KR,이마트,,2026-06-16,youtube_martweb,2026-06.csv,matched,
,,블랙 앤 화이트 700ml,700,False,9900,KR,이마트,,2026-06-16,youtube_martweb,2026-06.csv,excluded,implausible_price
,,저스트 포 하이브 리제르바,,False,6980,KR,이마트,,2026-06-16,youtube_martweb,2026-06.csv,excluded,implausible_price
w083,산토리 가쿠빈,산토리 가쿠빈 700ml,700,False,39800,KR,이마트,,2026-06-16,youtube_martweb,2026-06.csv,matched,
w069,버팔로 트레이스,버팔로 트레이스 750ml,750,False,49800,KR,이마트,,2026-06-16,youtube_martweb,2026-06.csv,matched,
w052,조니워커 블랙 루비,조니워커 블랙 루비 700ml,700,False,64800,KR,이마트,,2026-06-16,youtube_martweb,2026-06.csv,matched,
w058,커티삭 프로히비션,커티삭 프로히비션 700ml,700,False,39800,KR,이마트,,2026-06-16,youtube_martweb,2026-06.csv,matched,
,,니카 프롬 더 배럴 500ml,500,False,69800,KR,이마트,,2026-06-16,youtube_martweb,2026-06.csv,unmatched,
w014,글렌그란트 15년,더 글렌그란트 15년 700ml,700,False,149800,KR,이마트,,2026-06-16,youtube_martweb,2026-06.csv,matched,
w090,발렌타인 17년,발렌타인 17년산,,False,136900,KR,코스트코,,2026-06-20,youtube_martweb,2026-06.csv,matched,
w098,커클랜드 15년 하일랜드 싱글몰트,커클랜드 15년 하일랜드 싱글몰트 위스키,,False,133900,KR,코스트코,,2026-06-20,youtube_martweb,2026-06.csv,matched,
w285,커클랜드 시그니처 아일레이 싱글몰트,커클랜드 시그니처 아일레이 싱글몰트 위스키,,False,95900,KR,코스트코,,2026-06-20,youtube_martweb,2026-06.csv,matched,
w106,벨즈,벨즈 블렌디드 위스키,,False,20990,KR,코스트코,,2026-06-20,youtube_martweb,2026-06.csv,matched,
w002,글렌리벳 15년,더 글렌리벳 15년 싱글몰트 위스키,,False,106900,KR,코스트코,,2026-06-20,youtube_martweb,2026-06.csv,matched,
w050,조니워커 블랙라벨 12년,조니워커 블랙라벨 12년 700,,False,40790,KR,코스트코,,2026-06-20,youtube_martweb,2026-06.csv,matched,
w048,시바스 리갈 12년,시바스리갈 12년산,,False,63900,KR,코스트코,,2026-06-20,youtube_martweb,2026-06.csv,matched,
w099,커클랜드 시그니처 스카치,커클랜드 시그니처 스카치 위스키 1.75L,1750,False,32490,KR,코스트코,,2026-06-20,youtube_martweb,2026-06.csv,matched,
w100,커클랜드 시그니처 캐나디안,커클랜드 시그니처 캐나디안 위스키 1.75L,1750,False,34990,KR,코스트코,,2026-06-20,youtube_martweb,2026-06.csv,matched,
w067,잭다니엘 애플,잭다니엘 테네시 애플 위스키 1L,1000,False,57900,KR,코스트코,,2026-06-20,youtube_martweb,2026-06.csv,matched,
w090,발렌타인 17년,발렌타인 17년산,,False,136900,KR,코스트코,,2026-06-21,youtube_martweb,2026-06.csv,matched,
w098,커클랜드 15년 하일랜드 싱글몰트,커클랜드 15년 하일랜드 싱글몰트 위스키,,False,133900,KR,코스트코,,2026-06-21,youtube_martweb,2026-06.csv,matched,
w285,커클랜드 시그니처 아일레이 싱글몰트,커클랜드 시그니처 아일레이 싱글몰트 위스키,,False,95900,KR,코스트코,,2026-06-21,youtube_martweb,2026-06.csv,matched,
w106,벨즈,벨즈 블렌디드 위스키,,False,20990,KR,코스트코,,2026-06-21,youtube_martweb,2026-06.csv,matched,
w002,글렌리벳 15년,더 글렌리벳 15년 싱글몰트 위스키,,False,106900,KR,코스트코,,2026-06-21,youtube_martweb,2026-06.csv,matched,
w050,조니워커 블랙라벨 12년,조니워커 블랙라벨 12년 700,,False,40790,KR,코스트코,,2026-06-21,youtube_martweb,2026-06.csv,matched,
w048,시바스 리갈 12년,시바스리갈 12년산,,False,63900,KR,코스트코,,2026-06-21,youtube_martweb,2026-06.csv,matched,
w099,커클랜드 시그니처 스카치,커클랜드 시그니처 스카치 위스키 1.75L,1750,False,32490,KR,코스트코,,2026-06-21,youtube_martweb,2026-06.csv,matched,
w100,커클랜드 시그니처 캐나디안,커클랜드 시그니처 캐나디안 위스키 1.75L,1750,False,34990,KR,코스트코,,2026-06-21,youtube_martweb,2026-06.csv,matched,
w067,잭다니엘 애플,잭다니엘 테네시 애플 위스키 1L,1000,False,57900,KR,코스트코,,2026-06-21,youtube_martweb,2026-06.csv,matched,
w090,발렌타인 17년,발렌타인 17년산,,False,136900,KR,코스트코,,2026-06-22,youtube_martweb,2026-06.csv,matched,
w098,커클랜드 15년 하일랜드 싱글몰트,커클랜드 15년 하일랜드 싱글몰트 위스키,,False,133900,KR,코스트코,,2026-06-22,youtube_martweb,2026-06.csv,matched,
w285,커클랜드 시그니처 아일레이 싱글몰트,커클랜드 시그니처 아일레이 싱글몰트 위스키,,False,95900,KR,코스트코,,2026-06-22,youtube_martweb,2026-06.csv,matched,
w106,벨즈,벨즈 블렌디드 위스키,,False,20990,KR,코스트코,,2026-06-22,youtube_martweb,2026-06.csv,matched,
w002,글렌리벳 15년,더 글렌리벳 15년 싱글몰트 위스키,,False,106900,KR,코스트코,,2026-06-22,youtube_martweb,2026-06.csv,matched,
w050,조니워커 블랙라벨 12년,조니워커 블랙라벨 12년 700,,False,40790,KR,코스트코,,2026-06-22,youtube_martweb,2026-06.csv,matched,
w048,시바스 리갈 12년,시바스리갈 12년산,,False,63900,KR,코스트코,,2026-06-22,youtube_martweb,2026-06.csv,matched,
w099,커클랜드 시그니처 스카치,커클랜드 시그니처 스카치 위스키 1.75L,1750,False,32490,KR,코스트코,,2026-06-22,youtube_martweb,2026-06.csv,matched,
w100,커클랜드 시그니처 캐나디안,커클랜드 시그니처 캐나디안 위스키 1.75L,1750,False,34990,KR,코스트코,,2026-06-22,youtube_martweb,2026-06.csv,matched,
w067,잭다니엘 애플,잭다니엘 테네시 애플 위스키 1L,1000,False,57900,KR,코스트코,,2026-06-22,youtube_martweb,2026-06.csv,matched,
w090,발렌타인 17년,발렌타인 17년산,,False,136900,KR,코스트코,,2026-06-29,youtube_martweb,2026-06.csv,matched,
w098,커클랜드 15년 하일랜드 싱글몰트,커클랜드 15년 하일랜드 싱글몰트 위스키,,False,133900,KR,코스트코,,2026-06-29,youtube_martweb,2026-06.csv,matched,
w285,커클랜드 시그니처 아일레이 싱글몰트,커클랜드 시그니처 아일레이 싱글몰트 위스키,,False,95900,KR,코스트코,,2026-06-29,youtube_martweb,2026-06.csv,matched,
w106,벨즈,벨즈 블렌디드 위스키,,False,20990,KR,코스트코,,2026-06-29,youtube_martweb,2026-06.csv,matched,
w002,글렌리벳 15년,더 글렌리벳 15년 싱글몰트 위스키,,False,106900,KR,코스트코,,2026-06-29,youtube_martweb,2026-06.csv,matched,
w050,조니워커 블랙라벨 12년,조니워커 블랙라벨 12년 700,,False,40790,KR,코스트코,,2026-06-29,youtube_martweb,2026-06.csv,matched,
w048,시바스 리갈 12년,시바스리갈 12년산,,False,63900,KR,코스트코,,2026-06-29,youtube_martweb,2026-06.csv,matched,
w099,커클랜드 시그니처 스카치,커클랜드 시그니처 스카치 위스키 1.75L,1750,False,32490,KR,코스트코,,2026-06-29,youtube_martweb,2026-06.csv,matched,
w100,커클랜드 시그니처 캐나디안,커클랜드 시그니처 캐나디안 위스키 1.75L,1750,False,34990,KR,코스트코,,2026-06-29,youtube_martweb,2026-06.csv,matched,
w067,잭다니엘 애플,잭다니엘 테네시 애플 위스키 1L,1000,False,57900,KR,코스트코,,2026-06-29,youtube_martweb,2026-06.csv,matched,
w090,발렌타인 17년,발렌타인 17년산,,False,136900,KR,코스트코,,2026-06-30,youtube_martweb,2026-06.csv,matched,
w098,커클랜드 15년 하일랜드 싱글몰트,커클랜드 15년 하일랜드 싱글몰트 위스키,,False,133900,KR,코스트코,,2026-06-30,youtube_martweb,2026-06.csv,matched,
w285,커클랜드 시그니처 아일레이 싱글몰트,커클랜드 시그니처 아일레이 싱글몰트 위스키,,False,95900,KR,코스트코,,2026-06-30,youtube_martweb,2026-06.csv,matched,
w106,벨즈,벨즈 블렌디드 위스키,,False,20990,KR,코스트코,,2026-06-30,youtube_martweb,2026-06.csv,matched,
w002,글렌리벳 15년,더 글렌리벳 15년 싱글몰트 위스키,,False,106900,KR,코스트코,,2026-06-30,youtube_martweb,2026-06.csv,matched,
w050,조니워커 블랙라벨 12년,조니워커 블랙라벨 12년 700,,False,40790,KR,코스트코,,2026-06-30,youtube_martweb,2026-06.csv,matched,
w048,시바스 리갈 12년,시바스리갈 12년산,,False,63900,KR,코스트코,,2026-06-30,youtube_martweb,2026-06.csv,matched,
w099,커클랜드 시그니처 스카치,커클랜드 시그니처 스카치 위스키 1.75L,1750,False,32490,KR,코스트코,,2026-06-30,youtube_martweb,2026-06.csv,matched,
w100,커클랜드 시그니처 캐나디안,커클랜드 시그니처 캐나디안 위스키 1.75L,1750,False,34990,KR,코스트코,,2026-06-30,youtube_martweb,2026-06.csv,matched,
w067,잭다니엘 애플,잭다니엘 테네시 애플 위스키 1L,1000,False,57900,KR,코스트코,,2026-06-30,youtube_martweb,2026-06.csv,matched,
w090,발렌타인 17년,발렌타인 17년산,,False,136900,KR,코스트코,,2026-07-06,youtube_martweb,2026-07.csv,matched,
w098,커클랜드 15년 하일랜드 싱글몰트,커클랜드 15년 하일랜드 싱글몰트 위스키,,False,133900,KR,코스트코,,2026-07-06,youtube_martweb,2026-07.csv,matched,
w285,커클랜드 시그니처 아일레이 싱글몰트,커클랜드 시그니처 아일레이 싱글몰트 위스키,,False,95900,KR,코스트코,,2026-07-06,youtube_martweb,2026-07.csv,matched,
w106,벨즈,벨즈 블렌디드 위스키,,False,20990,KR,코스트코,,2026-07-06,youtube_martweb,2026-07.csv,matched,
w002,글렌리벳 15년,더 글렌리벳 15년 싱글몰트 위스키,,False,106900,KR,코스트코,,2026-07-06,youtube_martweb,2026-07.csv,matched,
w050,조니워커 블랙라벨 12년,조니워커 블랙라벨 12년 700,,False,40790,KR,코스트코,,2026-07-06,youtube_martweb,2026-07.csv,matched,
w048,시바스 리갈 12년,시바스리갈 12년산,,False,63900,KR,코스트코,,2026-07-06,youtube_martweb,2026-07.csv,matched,
w099,커클랜드 시그니처 스카치,커클랜드 시그니처 스카치 위스키 1.75L,1750,False,32490,KR,코스트코,,2026-07-06,youtube_martweb,2026-07.csv,matched,
w100,커클랜드 시그니처 캐나디안,커클랜드 시그니처 캐나디안 위스키 1.75L,1750,False,34990,KR,코스트코,,2026-07-06,youtube_martweb,2026-07.csv,matched,
w067,잭다니엘 애플,잭다니엘 테네시 애플 위스키 1L,1000,False,57900,KR,코스트코,,2026-07-06,youtube_martweb,2026-07.csv,matched,
w090,발렌타인 17년,발렌타인 17년산,,False,136900,KR,코스트코,,2026-07-13,youtube_martweb,2026-07.csv,matched,
w098,커클랜드 15년 하일랜드 싱글몰트,커클랜드 15년 하일랜드 싱글몰트 위스키,,False,133900,KR,코스트코,,2026-07-13,youtube_martweb,2026-07.csv,matched,
w285,커클랜드 시그니처 아일레이 싱글몰트,커클랜드 시그니처 아일레이 싱글몰트 위스키,,False,95900,KR,코스트코,,2026-07-13,youtube_martweb,2026-07.csv,matched,
w106,벨즈,벨즈 블렌디드 위스키,,False,20990,KR,코스트코,,2026-07-13,youtube_martweb,2026-07.csv,matched,
w002,글렌리벳 15년,더 글렌리벳 15년 싱글몰트 위스키,,False,106900,KR,코스트코,,2026-07-13,youtube_martweb,2026-07.csv,matched,
w050,조니워커 블랙라벨 12년,조니워커 블랙라벨 12년 700,,False,40790,KR,코스트코,,2026-07-13,youtube_martweb,2026-07.csv,matched,
w048,시바스 리갈 12년,시바스리갈 12년산,,False,63900,KR,코스트코,,2026-07-13,youtube_martweb,2026-07.csv,matched,
w099,커클랜드 시그니처 스카치,커클랜드 시그니처 스카치 위스키 1.75L,1750,False,32490,KR,코스트코,,2026-07-13,youtube_martweb,2026-07.csv,matched,
w100,커클랜드 시그니처 캐나디안,커클랜드 시그니처 캐나디안 위스키 1.75L,1750,False,34990,KR,코스트코,,2026-07-13,youtube_martweb,2026-07.csv,matched,
w067,잭다니엘 애플,잭다니엘 테네시 애플 위스키 1L,1000,False,57900,KR,코스트코,,2026-07-13,youtube_martweb,2026-07.csv,matched,
w090,발렌타인 17년,발렌타인 17년산,,False,136900,KR,코스트코,,2026-07-20,youtube_martweb,2026-07.csv,matched,
w098,커클랜드 15년 하일랜드 싱글몰트,커클랜드 15년 하일랜드 싱글몰트 위스키,,False,133900,KR,코스트코,,2026-07-20,youtube_martweb,2026-07.csv,matched,
w285,커클랜드 시그니처 아일레이 싱글몰트,커클랜드 시그니처 아일레이 싱글몰트 위스키,,False,95900,KR,코스트코,,2026-07-20,youtube_martweb,2026-07.csv,matched,
w106,벨즈,벨즈 블렌디드 위스키,,False,20990,KR,코스트코,,2026-07-20,youtube_martweb,2026-07.csv,matched,
w002,글렌리벳 15년,더 글렌리벳 15년 싱글몰트 위스키,,False,106900,KR,코스트코,,2026-07-20,youtube_martweb,2026-07.csv,matched,
w050,조니워커 블랙라벨 12년,조니워커 블랙라벨 12년 700,,False,40790,KR,코스트코,,2026-07-20,youtube_martweb,2026-07.csv,matched,
w048,시바스 리갈 12년,시바스리갈 12년산,,False,63900,KR,코스트코,,2026-07-20,youtube_martweb,2026-07.csv,matched,
w099,커클랜드 시그니처 스카치,커클랜드 시그니처 스카치 위스키 1.75L,1750,False,32490,KR,코스트코,,2026-07-20,youtube_martweb,2026-07.csv,matched,
w100,커클랜드 시그니처 캐나디안,커클랜드 시그니처 캐나디안 위스키 1.75L,1750,False,34990,KR,코스트코,,2026-07-20,youtube_martweb,2026-07.csv,matched,
w067,잭다니엘 애플,잭다니엘 테네시 애플 위스키 1L,1000,False,57900,KR,코스트코,,2026-07-20,youtube_martweb,2026-07.csv,matched,
w090,발렌타인 17년,발렌타인 17년산,,False,136900,KR,코스트코,,2026-07-27,youtube_martweb,2026-07.csv,matched,
w098,커클랜드 15년 하일랜드 싱글몰트,커클랜드 15년 하일랜드 싱글몰트 위스키,,False,133900,KR,코스트코,,2026-07-27,youtube_martweb,2026-07.csv,matched,
w285,커클랜드 시그니처 아일레이 싱글몰트,커클랜드 시그니처 아일레이 싱글몰트 위스키,,False,95900,KR,코스트코,,2026-07-27,youtube_martweb,2026-07.csv,matched,
w106,벨즈,벨즈 블렌디드 위스키,,False,20990,KR,코스트코,,2026-07-27,youtube_martweb,2026-07.csv,matched,
w002,글렌리벳 15년,더 글렌리벳 15년 싱글몰트 위스키,,False,106900,KR,코스트코,,2026-07-27,youtube_martweb,2026-07.csv,matched,
w050,조니워커 블랙라벨 12년,조니워커 블랙라벨 12년 700,,False,40790,KR,코스트코,,2026-07-27,youtube_martweb,2026-07.csv,matched,
w048,시바스 리갈 12년,시바스리갈 12년산,,False,63900,KR,코스트코,,2026-07-27,youtube_martweb,2026-07.csv,matched,
w099,커클랜드 시그니처 스카치,커클랜드 시그니처 스카치 위스키 1.75L,1750,False,32490,KR,코스트코,,2026-07-27,youtube_martweb,2026-07.csv,matched,
w100,커클랜드 시그니처 캐나디안,커클랜드 시그니처 캐나디안 위스키 1.75L,1750,False,34990,KR,코스트코,,2026-07-27,youtube_martweb,2026-07.csv,matched,
w067,잭다니엘 애플,잭다니엘 테네시 애플 위스키 1L,1000,False,57900,KR,코스트코,,2026-07-27,youtube_martweb,2026-07.csv,matched,
w090,발렌타인 17년,발렌타인 17년산,,False,136900,KR,코스트코,,2026-08-03,youtube_martweb,2026-08.csv,matched,
w098,커클랜드 15년 하일랜드 싱글몰트,커클랜드 15년 하일랜드 싱글몰트 위스키,,False,133900,KR,코스트코,,2026-08-03,youtube_martweb,2026-08.csv,matched,
w285,커클랜드 시그니처 아일레이 싱글몰트,커클랜드 시그니처 아일레이 싱글몰트 위스키,,False,95900,KR,코스트코,,2026-08-03,youtube_martweb,2026-08.csv,matched,
w106,벨즈,벨즈 블렌디드 위스키,,False,20990,KR,코스트코,,2026-08-03,youtube_martweb,2026-08.csv,matched,
w002,글렌리벳 15년,더 글렌리벳 15년 싱글몰트 위스키,,False,106900,KR,코스트코,,2026-08-03,youtube_martweb,2026-08.csv,matched,
w050,조니워커 블랙라벨 12년,조니워커 블랙라벨 12년 700,,False,40790,KR,코스트코,,2026-08-03,youtube_martweb,2026-08.csv,matched,
w048,시바스 리갈 12년,시바스리갈 12년산,,False,63900,KR,코스트코,,2026-08-03,youtube_martweb,2026-08.csv,matched,
w099,커클랜드 시그니처 스카치,커클랜드 시그니처 스카치 위스키 1.75L,1750,False,32490,KR,코스트코,,2026-08-03,youtube_martweb,2026-08.csv,matched,
w100,커클랜드 시그니처 캐나디안,커클랜드 시그니처 캐나디안 위스키 1.75L,1750,False,34990,KR,코스트코,,2026-08-03,youtube_martweb,2026-08.csv,matched,
w067,잭다니엘 애플,잭다니엘 테네시 애플 위스키 1L,1000,False,57900,KR,코스트코,,2026-08-03,youtube_martweb,2026-08.csv,matched,
w090,발렌타인 17년,발렌타인 17년산,,False,136900,KR,코스트코,,2026-08-10,youtube_martweb,2026-08.csv,matched,
w098,커클랜드 15년 하일랜드 싱글몰트,커클랜드 15년 하일랜드 싱글몰트 위스키,,False,133900,KR,코스트코,,2026-08-10,youtube_martweb,2026-08.csv,matched,
w285,커클랜드 시그니처 아일레이 싱글몰트,커클랜드 시그니처 아일레이 싱글몰트 위스키,,False,95900,KR,코스트코,,2026-08-10,youtube_martweb,2026-08.csv,matched,
w106,벨즈,벨즈 블렌디드 위스키,,False,20990,KR,코스트코,,2026-08-10,youtube_martweb,2026-08.csv,matched,
w002,글렌리벳 15년,더 글렌리벳 15년 싱글몰트 위스키,,False,106900,KR,코스트코,,2026-08-10,youtube_martweb,2026-08.csv,matched,
w050,조니워커 블랙라벨 12년,조니워커 블랙라벨 12년 700,,False,40790,KR,코스트코,,2026-08-10,youtube_martweb,2026-08.csv,matched,
w048,시바스 리갈 12년,시바스리갈 12년산,,False,63900,KR,코스트코,,2026-08-10,youtube_martweb,2026-08.csv,matched,
w099,커클랜드 시그니처 스카치,커클랜드 시그니처 스카치 위스키 1.75L,1750,False,32490,KR,코스트코,,2026-08-10,youtube_martweb,2026-08.csv,matched,
w100,커클랜드 시그니처 캐나디안,커클랜드 시그니처 캐나디안 위스키 1.75L,1750,False,34990,KR,코스트코,,2026-08-10,youtube_martweb,2026-08.csv,matched,
w067,잭다니엘 애플,잭다니엘 테네시 애플 위스키 1L,1000,False,57900,KR,코스트코,,2026-08-10,youtube_martweb,2026-08.csv,matched,
w056,듀어스 15년,듀어스 15년 700ml,700,False,59400,KR,트레이더스,동탄점,2026-04-07,youtube_ocr,2026-04_youtube_ocr.csv,matched,
w027,에버펠디 16년,에버펠디 16년 700ml,700,False,75800,KR,트레이더스,동탄점,2026-04-07,youtube_ocr,2026-04_youtube_ocr.csv,matched,
w047,발렌타인 21년,발렌타인 21년 700ml,700,False,224800,KR,트레이더스,동탄점,2026-04-07,youtube_ocr,2026-04_youtube_ocr.csv,matched,
w053,조니워커 블루라벨,조니워커 블루라벨 500ml,500,False,189800,KR,트레이더스,동탄점,2026-04-07,youtube_ocr,2026-04_youtube_ocr.csv,matched,
w070,1792 스몰배치,1792 스몰배치 750ml,750,False,44980,KR,트레이더스,동탄점,2026-04-07,youtube_ocr,2026-04_youtube_ocr.csv,matched,
w063,골든블루 다이아몬드,골든블루 다이아몬드,,False,44980,KR,트레이더스,동탄점,2026-04-07,youtube_ocr,2026-04_youtube_ocr.csv,matched,
w064,골든블루 사피루스,골든블루 사피루스,,False,28980,KR,트레이더스,동탄점,2026-04-07,youtube_ocr,2026-04_youtube_ocr.csv,matched,
w013,글렌그란트 12년,글렌그란트 12년 700ml,700,False,59800,KR,트레이더스,동탄점,2026-04-07,youtube_ocr,2026-04_youtube_ocr.csv,matched,
w015,글렌그란트 익스플로레이션 No.1,글렌그란트 익스플로레이션 No.1 700ml,700,False,99800,KR,트레이더스,동탄점,2026-04-07,youtube_ocr,2026-04_youtube_ocr.csv,matched,
w014,글렌그란트 15년,글렌그란트 15년 700ml,700,False,97800,KR,트레이더스,동탄점,2026-04-07,youtube_ocr,2026-04_youtube_ocr.csv,matched,
w018,글렌드로낙 12년,글렌드로낙 12년 700ml,700,False,79800,KR,트레이더스,동탄점,2026-04-07,youtube_ocr,2026-04_youtube_ocr.csv,matched,
w001,글렌리벳 12년,글렌리벳 12년 1L,1000,False,69800,KR,트레이더스,동탄점,2026-04-07,youtube_ocr,2026-04_youtube_ocr.csv,matched,
w002,글렌리벳 15년,글렌리벳 15년 700ml,700,False,94800,KR,트레이더스,동탄점,2026-04-07,youtube_ocr,2026-04_youtube_ocr.csv,matched,
w005,글렌피딕 12년,글렌피딕 12년 700ml,700,False,84800,KR,트레이더스,동탄점,2026-04-07,youtube_ocr,2026-04_youtube_ocr.csv,matched,
w006,글렌피딕 14년 버번배럴,글렌피딕 14년 버번배럴 700ml,700,False,99800,KR,트레이더스,동탄점,2026-04-07,youtube_ocr,2026-04_youtube_ocr.csv,matched,
w055,듀어스 12년,듀어스 12년 700ml,700,False,45980,KR,트레이더스,동탄점,2026-04-07,youtube_ocr,2026-04_youtube_ocr.csv,matched,
w036,라가불린 11년 오퍼맨 스위트피트,라가불린 11년 오퍼맨 스위트피트 700ml,700,False,89800,KR,트레이더스,동탄점,2026-04-07,youtube_ocr,2026-04_youtube_ocr.csv,matched,
w077,러셀스 리저브 싱글배럴,러셀스 리저브 싱글배럴 750ml,750,False,89800,KR,트레이더스,동탄점,2026-04-07,youtube_ocr,2026-04_youtube_ocr.csv,matched,
w026,로얄 브라클라 12년,로얄 브라클라 12년 700ml,700,False,92800,KR,트레이더스,동탄점,2026-04-07,youtube_ocr,2026-04_youtube_ocr.csv,matched,
w012,맥캘란 12년 더블캐스크,맥캘란 12년 더블캐스크 700ml,700,False,99800,KR,트레이더스,동탄점,2026-04-07,youtube_ocr,2026-04_youtube_ocr.csv,matched,
w044,발렌타인 10년,발렌타인 10년,,False,39980,KR,트레이더스,동탄점,2026-04-07,youtube_ocr,2026-04_youtube_ocr.csv,matched,
w008,발베니 12년 더블우드,발베니 12년 더블우드 700ml,700,False,96800,KR,트레이더스,동탄점,2026-04-07,youtube_ocr,2026-04_youtube_ocr.csv,matched,
w009,발베니 14년 캐리비안 캐스크,발베니 14년 캐리비안 캐스크 700ml,700,False,139800,KR,트레이더스,동탄점,2026-04-07,youtube_ocr,2026-04_youtube_ocr.csv,matched,
w043,발렌타인 파이니스트,발렌타인 파이니스트 1L,1000,False,28980,KR,트레이더스,동탄점,2026-04-07,youtube_ocr,2026-04_youtube_ocr.csv,matched,
w040,뱅크홀 싱글몰트,뱅크홀 싱글몰트 700ml,700,False,37980,KR,트레이더스,동탄점,2026-04-07,youtube_ocr,2026-04_youtube_ocr.csv,matched,
w069,버팔로 트레이스,버팔로 트레이스 1L,1000,False,49980,KR,트레이더스,동탄점,2026-04-07,youtube_ocr,2026-04_youtube_ocr.csv,matched,
w083,산토리 가쿠빈,산토리 가쿠빈 700ml,700,False,32980,KR,트레이더스,동탄점,2026-04-07,youtube_ocr,2026-04_youtube_ocr.csv,matched,
w031,아란 셰리 캐스크,아란 셰리 캐스크 700ml,700,False,99800,KR,트레이더스,동탄점,2026-04-07,youtube_ocr,2026-04_youtube_ocr.csv,matched,
w081,에반 윌리엄스 12년,에반 윌리엄스 12년 750ml,750,False,99800,KR,트레이더스,동탄점,2026-04-07,youtube_ocr,2026-04_youtube_ocr.csv,matched,
w080,에반 윌리엄스 블랙,에반 윌리엄스 블랙 1750ml,1750,False,47980,KR,트레이더스,동탄점,2026-04-07,youtube_ocr,2026-04_youtube_ocr.csv,matched,
w019,오반 14년,오반 14년 700ml,700,False,89400,KR,트레이더스,동탄점,2026-04-07,youtube_ocr,2026-04_youtube_ocr.csv,matched,
w073,와일드터키 8년,와일드터키 8년 1L,1000,False,49980,KR,트레이더스,동탄점,2026-04-07,youtube_ocr,2026-04_youtube_ocr.csv,matched,
w074,와일드터키 레어브리드,와일드터키 레어브리드,,False,79800,KR,트레이더스,동탄점,2026-04-07,youtube_ocr,2026-04_youtube_ocr.csv,matched,
w075,와일드터키 켄터키 스피릿 싱글배럴,와일드터키 켄터키 스피릿 싱글배럴,,False,69400,KR,트레이더스,동탄점,2026-04-07,youtube_ocr,2026-04_youtube_ocr.csv,matched,
w076,이글 레어 10년,이글 레어 10년 750ml,750,False,74800,KR,트레이더스,동탄점,2026-04-07,youtube_ocr,2026-04_youtube_ocr.csv,matched,
w061,제임슨,제임슨 700ml,700,False,27980,KR,트레이더스,동탄점,2026-04-07,youtube_ocr,2026-04_youtube_ocr.csv,matched,
w042,조니워커 그린라벨 15년,조니워커 그린라벨 15년 700ml,700,False,74800,KR,트레이더스,동탄점,2026-04-07,youtube_ocr,2026-04_youtube_ocr.csv,matched,
w051,조니워커 더블블랙,조니워커 더블블랙 1L,1000,False,59800,KR,트레이더스,동탄점,2026-04-07,youtube_ocr,2026-04_youtube_ocr.csv,matched,
w049,조니워커 레드라벨,조니워커 레드라벨 1750ml,1750,False,54800,KR,트레이더스,동탄점,2026-04-07,youtube_ocr,2026-04_youtube_ocr.csv,matched,
w050,조니워커 블랙라벨 12년,조니워커 블랙라벨 12년 1L,1000,False,49940,KR,트레이더스,동탄점,2026-04-07,youtube_ocr,2026-04_youtube_ocr.csv,matched,
w050,조니워커 블랙라벨 12년,조니워커 블랙라벨 12년 700ml,700,False,49980,KR,트레이더스,동탄점,2026-04-07,youtube_ocr,2026-04_youtube_ocr.csv,matched,
w052,조니워커 블랙 루비,조니워커 블랙 루비 700ml,700,False,54800,KR,트레이더스,동탄점,2026-04-07,youtube_ocr,2026-04_youtube_ocr.csv,matched,
w097,주라 18년,주라 18년,,False,79400,KR,트레이더스,동탄점,2026-04-07,youtube_ocr,2026-04_youtube_ocr.csv,matched,
w065,짐빔 화이트,짐빔 화이트 750ml,750,False,27980,KR,트레이더스,동탄점,2026-04-07,youtube_ocr,2026-04_youtube_ocr.csv,matched,
w084,카발란 디스틸러리 셀렉트,카발란 디스틸러리 셀렉트 700ml,700,False,69800,KR,트레이더스,동탄점,2026-04-07,youtube_ocr,2026-04_youtube_ocr.csv,matched,
w058,커티삭 프로히비션,커티삭 프로히비션 1L,1000,False,39940,KR,트레이더스,동탄점,2026-04-07,youtube_ocr,2026-04_youtube_ocr.csv,matched,
w025,클라이넬리시 14년,클라이넬리시 14년 700ml,700,False,79400,KR,트레이더스,동탄점,2026-04-07,youtube_ocr,2026-04_youtube_ocr.csv,matched,
w088,탈리스만 9년 포르투기즈 캐스크,탈리스만 9년 포르투기즈 캐스크 700ml,700,False,25980,KR,트레이더스,동탄점,2026-04-07,youtube_ocr,2026-04_youtube_ocr.csv,matched,
w032,탈리스커 10년,탈리스커 10년 700ml,700,False,69800,KR,트레이더스,동탄점,2026-04-07,youtube_ocr,2026-04_youtube_ocr.csv,matched,
w078,포 로지스 싱글배럴,포 로지스 싱글배럴 750ml,750,False,82800,KR,트레이더스,동탄점,2026-04-07,youtube_ocr,2026-04_youtube_ocr.csv,matched,
w057,듀어스 18년,듀어스 18년 750ml,750,False,99800,KR,트레이더스,동탄점,2026-04-07,youtube_ocr,2026-04_youtube_ocr.csv,matched,
w053,조니워커 블루라벨,조니워커 블루라벨 750ml,750,False,259800,KR,트레이더스,동탄점,2026-04-07,youtube_ocr,2026-04_youtube_ocr.csv,matched,
w053,조니워커 블루라벨,조니워커 블루라벨,,False,259800,KR,트레이더스,동탄점,2026-04-07,youtube_ocr,2026-04_youtube_ocr.csv,matched,
w079,포 로지스 스몰배치 셀렉트,포 로지스 스몰배치 셀렉트 750ml,750,False,116800,KR,트레이더스,동탄점,2026-04-07,youtube_ocr,2026-04_youtube_ocr.csv,matched,
w026,로얄 브라클라 12년,로얄 브라클라 12년 700ml,700,False,82900,KR,코스트코,,2026-04-20,youtube_ocr,2026-04_youtube_ocr.csv,matched,
w071,메이커스 마크,메이커스 마크 1L,1000,False,64900,KR,코스트코,,2026-04-20,youtube_ocr,2026-04_youtube_ocr.csv,matched,
w009,발베니 14년 캐리비안 캐스크,발베니 14년 캐리비안 캐스크,,False,134900,KR,코스트코,,2026-04-20,youtube_ocr,2026-04_youtube_ocr.csv,matched,
,,스카파 스키렌 1L,1000,False,20990,KR,코스트코,,2026-04-20,youtube_ocr,2026-04_youtube_ocr.csv,unmatched,
w020,글렌모렌지 12년,글렌모렌지 12년 700ml,700,False,79900,KR,코스트코,,2026-04-28,youtube_ocr,2026-04_youtube_ocr.csv,matched,
w031,아란 셰리 캐스크,아란 셰리 캐스크,,False,144900,KR,코스트코,,2026-04-28,youtube_ocr,2026-04_youtube_ocr.csv,matched,
w026,로얄 브라클라 12년,로얄 브라클라 12년 700ml,700,False,82900,KR,코스트코,,2026-04-28,youtube_ocr,2026-04_youtube_ocr.csv,matched,
w071,메이커스 마크,메이커스 마크 1L,1000,False,64900,KR,코스트코,,2026-04-28,youtube_ocr,2026-04_youtube_ocr.csv,matched,
w009,발베니 14년 캐리비안 캐스크,발베니 14년 캐리비안 캐스크,,False,94900,KR,코스트코,,2026-04-28,youtube_ocr,2026-04_youtube_ocr.csv,matched,
,,스카파 스키렌 1L,1000,False,20990,KR,코스트코,,2026-04-28,youtube_ocr,2026-04_youtube_ocr.csv,unmatched,
,,스카파 스키렌 1750ml,1750,False,921081,KR,코스트코,,2026-04-28,youtube_ocr,2026-04_youtube_ocr.csv,unmatched,
w070,1792 스몰배치,1792 스몰배치 750ml,750,False,44980,KR,트레이더스,,2026-04-28,youtube_ocr,2026-04_youtube_ocr.csv,matched,
w064,골든블루 사피루스,골든블루 사피루스 450ml,450,False,28980,KR,트레이더스,,2026-04-28,youtube_ocr,2026-04_youtube_ocr.csv,excluded,sub_500ml
w013,글렌그란트 12년,글렌그란트 12년 700ml,700,False,69800,KR,트레이더스,,2026-04-28,youtube_ocr,2026-04_youtube_ocr.csv,matched,
w014,글렌그란트 15년,글렌그란트 15년,,False,97800,KR,트레이더스,,2026-04-28,youtube_ocr,2026-04_youtube_ocr.csv,matched,
w015,글렌그란트 익스플로레이션 No.1,글렌그란트 익스플로레이션 No.1 700ml,700,False,99800,KR,트레이더스,,2026-04-28,youtube_ocr,2026-04_youtube_ocr.csv,matched,
w018,글렌드로낙 12년,글렌드로낙 12년 700ml,700,False,79800,KR,트레이더스,,2026-04-28,youtube_ocr,2026-04_youtube_ocr.csv,matched,
w096,글렌알라키 10년 루비 포트,글렌알라키 10년 루비 포트 700ml,700,False,89800,KR,트레이더스,,2026-04-28,youtube_ocr,2026-04_youtube_ocr.csv,matched,
w006,글렌피딕 14년 버번배럴,글렌피딕 14년 버번배럴 700ml,700,False,99800,KR,트레이더스,,2026-04-28,youtube_ocr,2026-04_youtube_ocr.csv,matched,
w055,듀어스 12년,듀어스 12년 700ml,700,False,45980,KR,트레이더스,,2026-04-28,youtube_ocr,2026-04_youtube_ocr.csv,matched,
w056,듀어스 15년,듀어스 15년 700ml,700,False,59400,KR,트레이더스,,2026-04-28,youtube_ocr,2026-04_youtube_ocr.csv,matched,
w036,라가불린 11년 오퍼맨 스위트피트,라가불린 11년 오퍼맨 스위트피트 700ml,700,False,89800,KR,트레이더스,,2026-04-28,youtube_ocr,2026-04_youtube_ocr.csv,matched,
w077,러셀스 리저브 싱글배럴,러셀스 리저브 싱글배럴 750ml,750,False,99800,KR,트레이더스,,2026-04-28,youtube_ocr,2026-04_youtube_ocr.csv,matched,
w044,발렌타인 10년,발렌타인 10년 700ml,700,False,39980,KR,트레이더스,,2026-04-28,youtube_ocr,2026-04_youtube_ocr.csv,matched,
w043,발렌타인 파이니스트,발렌타인 파이니스트 1L,1000,False,28980,KR,트레이더스,,2026-04-28,youtube_ocr,2026-04_youtube_ocr.csv,matched,
w008,발베니 12년 더블우드,발베니 12년 몬틸라 700ml,700,False,96800,KR,트레이더스,,2026-04-28,youtube_ocr,2026-04_youtube_ocr.csv,matched,
w069,버팔로 트레이스,버팔로 트레이스 1L,1000,False,49980,KR,트레이더스,,2026-04-28,youtube_ocr,2026-04_youtube_ocr.csv,matched,
w081,에반 윌리엄스 12년,에반 윌리엄스 12년 750ml,750,False,99800,KR,트레이더스,,2026-04-28,youtube_ocr,2026-04_youtube_ocr.csv,matched,
w111,에반 윌리엄스 BIB,에반 윌리엄스 BIB 1L,1000,False,35980,KR,트레이더스,,2026-04-28,youtube_ocr,2026-04_youtube_ocr.csv,matched,
w080,에반 윌리엄스 블랙,에반 윌리엄스 블랙 1L,1000,False,33980,KR,트레이더스,,2026-04-28,youtube_ocr,2026-04_youtube_ocr.csv,matched,
w080,에반 윌리엄스 블랙,에반 윌리엄스 블랙 1750ml,1750,False,47980,KR,트레이더스,,2026-04-28,youtube_ocr,2026-04_youtube_ocr.csv,matched,
w019,오반 14년,오반 14년 700ml,700,False,89400,KR,트레이더스,,2026-04-28,youtube_ocr,2026-04_youtube_ocr.csv,matched,
w075,와일드터키 켄터키 스피릿 싱글배럴,와일드터키 켄터키 스피릿 싱글배럴 750ml,750,False,69400,KR,트레이더스,,2026-04-28,youtube_ocr,2026-04_youtube_ocr.csv,matched,
w076,이글 레어 10년,이글 레어 10년 750ml,750,False,74800,KR,트레이더스,,2026-04-28,youtube_ocr,2026-04_youtube_ocr.csv,matched,
w051,조니워커 더블블랙,조니워커 더블블랙 1L,1000,False,59800,KR,트레이더스,,2026-04-28,youtube_ocr,2026-04_youtube_ocr.csv,matched,
w049,조니워커 레드라벨,조니워커 레드라벨 1750ml,1750,False,54800,KR,트레이더스,,2026-04-28,youtube_ocr,2026-04_youtube_ocr.csv,matched,
w052,조니워커 블랙 루비,조니워커 블랙 루비 700ml,700,False,54800,KR,트레이더스,,2026-04-28,youtube_ocr,2026-04_youtube_ocr.csv,matched,
w050,조니워커 블랙라벨 12년,조니워커 블랙라벨 12년 700ml,700,False,39980,KR,트레이더스,,2026-04-28,youtube_ocr,2026-04_youtube_ocr.csv,matched,
w084,카발란 디스틸러리 셀렉트,카발란 디스틸러리 셀렉트 700ml,700,False,69800,KR,트레이더스,,2026-04-28,youtube_ocr,2026-04_youtube_ocr.csv,matched,
w088,탈리스만 9년 포르투기즈 캐스크,탈리스만 9년 포르투기즈 캐스크,,False,25980,KR,트레이더스,,2026-04-28,youtube_ocr,2026-04_youtube_ocr.csv,matched,
w032,탈리스커 10년,탈리스커 10년 700ml,700,False,69800,KR,트레이더스,,2026-04-28,youtube_ocr,2026-04_youtube_ocr.csv,matched,
w024,달모어 2005 빈티지,달모어 2005 빈티지 700ml,700,False,678000,KR,트레이더스,,2026-04-28,youtube_ocr,2026-04_youtube_ocr.csv,matched,
w057,듀어스 18년,듀어스 18년 750ml,750,False,109800,KR,트레이더스,,2026-04-28,youtube_ocr,2026-04_youtube_ocr.csv,matched,
w053,조니워커 블루라벨,조니워커 블루라벨 500ml,500,False,189800,KR,트레이더스,,2026-04-28,youtube_ocr,2026-04_youtube_ocr.csv,matched,
w079,포 로지스 스몰배치 셀렉트,포 로지스 스몰배치 셀렉트 750ml,750,False,116800,KR,트레이더스,,2026-04-28,youtube_ocr,2026-04_youtube_ocr.csv,matched,
w070,1792 스몰배치,1792 스몰배치 750ml,750,False,39980,KR,트레이더스,,2026-04-20,youtube_ocr,2026-04_youtube_ocr.csv,matched,
w013,글렌그란트 12년,글렌그란트 12년 700ml,700,False,69800,KR,트레이더스,,2026-04-20,youtube_ocr,2026-04_youtube_ocr.csv,matched,
w014,글렌그란트 15년,글렌그란트 15년 700ml,700,False,97800,KR,트레이더스,,2026-04-20,youtube_ocr,2026-04_youtube_ocr.csv,matched,
w018,글렌드로낙 12년,글렌드로낙 12년 700ml,700,False,79800,KR,트레이더스,,2026-04-20,youtube_ocr,2026-04_youtube_ocr.csv,matched,
w096,글렌알라키 10년 루비 포트,글렌알라키 10년 루비 포트 700ml,700,False,89800,KR,트레이더스,,2026-04-20,youtube_ocr,2026-04_youtube_ocr.csv,matched,
w006,글렌피딕 14년 버번배럴,글렌피딕 14년 버번배럴 700ml,700,False,99800,KR,트레이더스,,2026-04-20,youtube_ocr,2026-04_youtube_ocr.csv,matched,
w055,듀어스 12년,듀어스 12년 700ml,700,False,45980,KR,트레이더스,,2026-04-20,youtube_ocr,2026-04_youtube_ocr.csv,matched,
w056,듀어스 15년,듀어스 15년 700ml,700,False,59400,KR,트레이더스,,2026-04-20,youtube_ocr,2026-04_youtube_ocr.csv,matched,
w036,라가불린 11년 오퍼맨 스위트피트,라가불린 11년 오퍼맨 스위트피트 700ml,700,False,89800,KR,트레이더스,,2026-04-20,youtube_ocr,2026-04_youtube_ocr.csv,matched,
w026,로얄 브라클라 12년,로얄 브라클라 12년,,False,89801,KR,트레이더스,,2026-04-20,youtube_ocr,2026-04_youtube_ocr.csv,matched,
w012,맥캘란 12년 더블캐스크,맥캘란 12년 더블캐스크 700ml,700,False,99800,KR,트레이더스,,2026-04-20,youtube_ocr,2026-04_youtube_ocr.csv,matched,
w044,발렌타인 10년,발렌타인 10년 700ml,700,False,39980,KR,트레이더스,,2026-04-20,youtube_ocr,2026-04_youtube_ocr.csv,matched,
w043,발렌타인 파이니스트,발렌타인 파이니스트 1L,1000,False,28980,KR,트레이더스,,2026-04-20,youtube_ocr,2026-04_youtube_ocr.csv,matched,
w008,발베니 12년 더블우드,발베니 12년 더블우드 700ml,700,False,96800,KR,트레이더스,,2026-04-20,youtube_ocr,2026-04_youtube_ocr.csv,matched,
w009,발베니 14년 캐리비안 캐스크,발베니 14년 캐리비안 캐스크 700ml,700,False,139800,KR,트레이더스,,2026-04-20,youtube_ocr,2026-04_youtube_ocr.csv,matched,
w040,뱅크홀 싱글몰트,뱅크홀 싱글몰트 700ml,700,False,37980,KR,트레이더스,,2026-04-20,youtube_ocr,2026-04_youtube_ocr.csv,matched,
w069,버팔로 트레이스,버팔로 트레이스 1L,1000,False,49980,KR,트레이더스,,2026-04-20,youtube_ocr,2026-04_youtube_ocr.csv,matched,
w031,아란 셰리 캐스크,아란 셰리 캐스크 700ml,700,False,99800,KR,트레이더스,,2026-04-20,youtube_ocr,2026-04_youtube_ocr.csv,matched,
w081,에반 윌리엄스 12년,에반 윌리엄스 12년 750ml,750,False,99800,KR,트레이더스,,2026-04-20,youtube_ocr,2026-04_youtube_ocr.csv,matched,
w111,에반 윌리엄스 BIB,에반 윌리엄스 BIB 1L,1000,False,35980,KR,트레이더스,,2026-04-20,youtube_ocr,2026-04_youtube_ocr.csv,matched,
w080,에반 윌리엄스 블랙,에반 윌리엄스 블랙 1750ml,1750,False,47980,KR,트레이더스,,2026-04-20,youtube_ocr,2026-04_youtube_ocr.csv,matched,
w019,오반 14년,오반 14년 700ml,700,False,89400,KR,트레이더스,,2026-04-20,youtube_ocr,2026-04_youtube_ocr.csv,matched,
w073,와일드터키 8년,와일드터키 8년 1L,1000,False,49980,KR,트레이더스,,2026-04-20,youtube_ocr,2026-04_youtube_ocr.csv,matched,
w076,이글 레어 10년,이글 레어 10년 750ml,750,False,74800,KR,트레이더스,,2026-04-20,youtube_ocr,2026-04_youtube_ocr.csv,matched,
w061,제임슨,제임슨 700ml,700,False,27980,KR,트레이더스,,2026-04-20,youtube_ocr,2026-04_youtube_ocr.csv,matched,
w051,조니워커 더블블랙,조니워커 더블블랙 1L,1000,False,59800,KR,트레이더스,,2026-04-20,youtube_ocr,2026-04_youtube_ocr.csv,matched,
w050,조니워커 블랙라벨 12년,조니워커 블랙라벨 12년 700ml,700,False,39980,KR,트레이더스,,2026-04-20,youtube_ocr,2026-04_youtube_ocr.csv,matched,
w058,커티삭 프로히비션,커티삭 프로히비션 1L,1000,False,39940,KR,트레이더스,,2026-04-20,youtube_ocr,2026-04_youtube_ocr.csv,matched,
w088,탈리스만 9년 포르투기즈 캐스크,탈리스만 9년 포르투기즈 캐스크 700ml,700,False,25980,KR,트레이더스,,2026-04-20,youtube_ocr,2026-04_youtube_ocr.csv,matched,
w032,탈리스커 10년,탈리스커 10년 700ml,700,False,69800,KR,트레이더스,,2026-04-20,youtube_ocr,2026-04_youtube_ocr.csv,matched,
w089,탈리스커 와일드 블루,탈리스커 와일드 블루 700ml,700,False,84800,KR,트레이더스,,2026-04-20,youtube_ocr,2026-04_youtube_ocr.csv,matched,
w024,달모어 2005 빈티지,달모어 2005 빈티지 700ml,700,False,678000,KR,트레이더스,,2026-04-20,youtube_ocr,2026-04_youtube_ocr.csv,matched,
w057,듀어스 18년,듀어스 18년 750ml,750,False,109800,KR,트레이더스,,2026-04-20,youtube_ocr,2026-04_youtube_ocr.csv,matched,
w047,발렌타인 21년,발렌타인 21년 700ml,700,False,224800,KR,트레이더스,,2026-04-20,youtube_ocr,2026-04_youtube_ocr.csv,matched,
w053,조니워커 블루라벨,조니워커 블루라벨 500ml,500,False,189800,KR,트레이더스,,2026-04-20,youtube_ocr,2026-04_youtube_ocr.csv,matched,
w053,조니워커 블루라벨,조니워커 블루라벨,,False,259800,KR,트레이더스,,2026-04-20,youtube_ocr,2026-04_youtube_ocr.csv,matched,
w070,1792 스몰배치,1792 스몰배치 750ml,750,False,39980,KR,트레이더스,,2026-04-13,youtube_ocr,2026-04_youtube_ocr.csv,matched,
w063,골든블루 다이아몬드,골든블루 다이아몬드,,False,44980,KR,트레이더스,,2026-04-13,youtube_ocr,2026-04_youtube_ocr.csv,matched,
w064,골든블루 사피루스,골든블루 사피루스,,False,28980,KR,트레이더스,,2026-04-13,youtube_ocr,2026-04_youtube_ocr.csv,matched,
w013,글렌그란트 12년,글렌그란트 12년 700ml,700,False,69800,KR,트레이더스,,2026-04-13,youtube_ocr,2026-04_youtube_ocr.csv,matched,
w014,글렌그란트 15년,글렌그란트 15년 700ml,700,False,97800,KR,트레이더스,,2026-04-13,youtube_ocr,2026-04_youtube_ocr.csv,matched,
w018,글렌드로낙 12년,글렌드로낙 12년 700ml,700,False,79800,KR,트레이더스,,2026-04-13,youtube_ocr,2026-04_youtube_ocr.csv,matched,
w006,글렌피딕 14년 버번배럴,글렌피딕 14년 버번배럴 700ml,700,False,99800,KR,트레이더스,,2026-04-13,youtube_ocr,2026-04_youtube_ocr.csv,matched,
w055,듀어스 12년,듀어스 12년 700ml,700,False,45980,KR,트레이더스,,2026-04-13,youtube_ocr,2026-04_youtube_ocr.csv,matched,
w056,듀어스 15년,듀어스 15년,,False,59400,KR,트레이더스,,2026-04-13,youtube_ocr,2026-04_youtube_ocr.csv,matched,
w036,라가불린 11년 오퍼맨 스위트피트,라가불린 11년 오퍼맨 스위트피트 700ml,700,False,89800,KR,트레이더스,,2026-04-13,youtube_ocr,2026-04_youtube_ocr.csv,matched,
w077,러셀스 리저브 싱글배럴,러셀스 리저브 싱글배럴 750ml,750,False,99800,KR,트레이더스,,2026-04-13,youtube_ocr,2026-04_youtube_ocr.csv,matched,
w026,로얄 브라클라 12년,로얄 브라클라 12년 700ml,700,False,89800,KR,트레이더스,,2026-04-13,youtube_ocr,2026-04_youtube_ocr.csv,matched,
w012,맥캘란 12년 더블캐스크,맥캘란 12년 더블캐스크 700ml,700,False,99800,KR,트레이더스,,2026-04-13,youtube_ocr,2026-04_youtube_ocr.csv,matched,
w044,발렌타인 10년,발렌타인 10년 700ml,700,False,39980,KR,트레이더스,,2026-04-13,youtube_ocr,2026-04_youtube_ocr.csv,matched,
w043,발렌타인 파이니스트,발렌타인 파이니스트 1L,1000,False,28980,KR,트레이더스,,2026-04-13,youtube_ocr,2026-04_youtube_ocr.csv,matched,
w069,버팔로 트레이스,버팔로 트레이스 1L,1000,False,49980,KR,트레이더스,,2026-04-13,youtube_ocr,2026-04_youtube_ocr.csv,matched,
w031,아란 셰리 캐스크,아란 셰리 캐스크 700ml,700,False,99800,KR,트레이더스,,2026-04-13,youtube_ocr,2026-04_youtube_ocr.csv,matched,
w081,에반 윌리엄스 12년,에반 윌리엄스 12년 750ml,750,False,99800,KR,트레이더스,,2026-04-13,youtube_ocr,2026-04_youtube_ocr.csv,matched,
w080,에반 윌리엄스 블랙,에반 윌리엄스 블랙 1750ml,1750,False,47980,KR,트레이더스,,2026-04-13,youtube_ocr,2026-04_youtube_ocr.csv,matched,
w019,오반 14년,오반 14년 700ml,700,False,89400,KR,트레이더스,,2026-04-13,youtube_ocr,2026-04_youtube_ocr.csv,matched,
w073,와일드터키 8년,와일드터키 8년 1L,1000,False,49980,KR,트레이더스,,2026-04-13,youtube_ocr,2026-04_youtube_ocr.csv,matched,
w075,와일드터키 켄터키 스피릿 싱글배럴,와일드터키 켄터키 스피릿 싱글배럴 750ml,750,False,69400,KR,트레이더스,,2026-04-13,youtube_ocr,2026-04_youtube_ocr.csv,matched,
w076,이글 레어 10년,이글 레어 10년 750ml,750,False,74800,KR,트레이더스,,2026-04-13,youtube_ocr,2026-04_youtube_ocr.csv,matched,
w042,조니워커 그린라벨 15년,조니워커 그린라벨 15년 700ml,700,False,74800,KR,트레이더스,,2026-04-13,youtube_ocr,2026-04_youtube_ocr.csv,matched,
w051,조니워커 더블블랙,조니워커 더블블랙 1L,1000,False,59800,KR,트레이더스,,2026-04-13,youtube_ocr,2026-04_youtube_ocr.csv,matched,
w049,조니워커 레드라벨,조니워커 레드라벨 1750ml,1750,False,54800,KR,트레이더스,,2026-04-13,youtube_ocr,2026-04_youtube_ocr.csv,matched,
w050,조니워커 블랙라벨 12년,조니워커 블랙라벨 12년 700ml,700,False,39980,KR,트레이더스,,2026-04-13,youtube_ocr,2026-04_youtube_ocr.csv,matched,
w088,탈리스만 9년 포르투기즈 캐스크,탈리스만 9년 포르투기즈 캐스크,,False,25980,KR,트레이더스,,2026-04-13,youtube_ocr,2026-04_youtube_ocr.csv,matched,
w032,탈리스커 10년,탈리스커 10년 700ml,700,False,69800,KR,트레이더스,,2026-04-13,youtube_ocr,2026-04_youtube_ocr.csv,matched,
w089,탈리스커 와일드 블루,탈리스커 와일드 블루 700ml,700,False,74800,KR,트레이더스,,2026-04-13,youtube_ocr,2026-04_youtube_ocr.csv,matched,
w024,달모어 2005 빈티지,달모어 2005 빈티지 700ml,700,False,678000,KR,트레이더스,,2026-04-13,youtube_ocr,2026-04_youtube_ocr.csv,matched,
w057,듀어스 18년,듀어스 18년 750ml,750,False,99800,KR,트레이더스,,2026-04-13,youtube_ocr,2026-04_youtube_ocr.csv,matched,
w047,발렌타인 21년,발렌타인 21년 700ml,700,False,224800,KR,트레이더스,,2026-04-13,youtube_ocr,2026-04_youtube_ocr.csv,matched,
w053,조니워커 블루라벨,조니워커 블루라벨 500ml,500,False,189800,KR,트레이더스,,2026-04-13,youtube_ocr,2026-04_youtube_ocr.csv,matched,
w053,조니워커 블루라벨,조니워커 블루라벨 750ml,750,False,259800,KR,트레이더스,,2026-04-13,youtube_ocr,2026-04_youtube_ocr.csv,matched,
w079,포 로지스 스몰배치 셀렉트,포 로지스 스몰배치 셀렉트 750ml,750,False,116800,KR,트레이더스,,2026-04-13,youtube_ocr,2026-04_youtube_ocr.csv,matched,
w036,라가불린 11년 오퍼맨 스위트피트,라가불린 11년 오퍼맨 스위트피트 700ml,700,False,89800,KR,트레이더스,동탄점,2026-05-20,youtube_ocr,2026-05_youtube_ocr.csv,matched,
w079,포 로지스 스몰배치 셀렉트,포 로지스 스몰배치 셀렉트 750ml,750,False,116800,KR,트레이더스,동탄점,2026-05-20,youtube_ocr,2026-05_youtube_ocr.csv,matched,
w081,에반 윌리엄스 12년,에반 윌리엄스 12년 750ml,750,False,99800,KR,트레이더스,구월점,2026-05-27,youtube_ocr,2026-05_youtube_ocr.csv,matched,
w086,글렌드로낙 오드 투 더 엠버스,글렌드로(?) 오드 투 더 엠버스 700ml,700,False,99400,KR,트레이더스,구월점,2026-05-27,youtube_ocr,2026-05_youtube_ocr.csv,matched,
w023,달모어 12년,달모어 12년 700ml,700,False,99800,KR,트레이더스,구월점,2026-05-27,youtube_ocr,2026-05_youtube_ocr.csv,matched,
w017,벤리악 10년,벤리악 10년 700ml,700,False,49940,KR,트레이더스,구월점,2026-05-27,youtube_ocr,2026-05_youtube_ocr.csv,matched,
w069,버팔로 트레이스,버팔로 트레이스,,False,42980,KR,트레이더스,구월점,2026-05-27,youtube_ocr,2026-05_youtube_ocr.csv,matched,
w058,커티삭 프로히비션,커티삭 프로히비션 1L,1000,False,39980,KR,트레이더스,구월점,2026-05-27,youtube_ocr,2026-05_youtube_ocr.csv,matched,
w070,1792 스몰배치,1792 스몰배치 750ml,750,False,44980,KR,트레이더스,동탄점,2026-05-20,youtube_ocr,2026-05_youtube_ocr.csv,matched,
w064,골든블루 사피루스,골든블루 사피루스 450ml,450,False,28980,KR,트레이더스,동탄점,2026-05-20,youtube_ocr,2026-05_youtube_ocr.csv,excluded,sub_500ml
w013,글렌그란트 12년,글렌그란트 12년,,False,59400,KR,트레이더스,동탄점,2026-05-20,youtube_ocr,2026-05_youtube_ocr.csv,matched,
w014,글렌그란트 15년,글렌그란트 15년 700ml,700,False,89400,KR,트레이더스,동탄점,2026-05-20,youtube_ocr,2026-05_youtube_ocr.csv,matched,
w002,글렌리벳 15년,글렌리벳 15년 700ml,700,False,94800,KR,트레이더스,동탄점,2026-05-20,youtube_ocr,2026-05_youtube_ocr.csv,matched,
w038,글렌킨치 12년,글렌킨치 12년 700ml,700,False,59800,KR,트레이더스,동탄점,2026-05-20,youtube_ocr,2026-05_youtube_ocr.csv,matched,
w060,노마드 아웃랜드 셰리 피니시,노마드 아웃랜드 셰리 피니시 700ml,700,False,49980,KR,트레이더스,동탄점,2026-05-20,youtube_ocr,2026-05_youtube_ocr.csv,matched,
w023,달모어 12년,달모어 12년 700ml,700,False,99800,KR,트레이더스,동탄점,2026-05-20,youtube_ocr,2026-05_youtube_ocr.csv,matched,
w055,듀어스 12년,듀어스 12년 700ml,700,False,39980,KR,트레이더스,동탄점,2026-05-20,youtube_ocr,2026-05_youtube_ocr.csv,matched,
w056,듀어스 15년,듀어스 15년 700ml,700,False,59400,KR,트레이더스,동탄점,2026-05-20,youtube_ocr,2026-05_youtube_ocr.csv,matched,
w077,러셀스 리저브 싱글배럴,러셀스 리저브 싱글배럴 750ml,750,False,89400,KR,트레이더스,동탄점,2026-05-20,youtube_ocr,2026-05_youtube_ocr.csv,matched,
w071,메이커스 마크,메이커스 마크 1L,1000,False,49980,KR,트레이더스,동탄점,2026-05-20,youtube_ocr,2026-05_youtube_ocr.csv,matched,
w092,발렌타인 싱글몰트 글렌버기 16년,발렌타인 싱글몰트 글렌버기 16년,,False,169800,KR,트레이더스,동탄점,2026-05-20,youtube_ocr,2026-05_youtube_ocr.csv,matched,
w043,발렌타인 파이니스트,발렌타인 파이니스트 1L,1000,False,28980,KR,트레이더스,동탄점,2026-05-20,youtube_ocr,2026-05_youtube_ocr.csv,matched,
w008,발베니 12년 더블우드,발베니 12년 더블우드 700ml,700,False,96800,KR,트레이더스,동탄점,2026-05-20,youtube_ocr,2026-05_youtube_ocr.csv,matched,
w040,뱅크홀 싱글몰트,뱅크홀 싱글몰트 700ml,700,False,29940,KR,트레이더스,동탄점,2026-05-20,youtube_ocr,2026-05_youtube_ocr.csv,matched,
w069,버팔로 트레이스,버팔로 트레이스 1L,1000,False,49980,KR,트레이더스,동탄점,2026-05-20,youtube_ocr,2026-05_youtube_ocr.csv,matched,
w083,산토리 가쿠빈,산토리 가쿠빈 700ml,700,False,29980,KR,트레이더스,동탄점,2026-05-20,youtube_ocr,2026-05_youtube_ocr.csv,matched,
w111,에반 윌리엄스 BIB,에반 윌리엄스 BIB 1L,1000,False,39980,KR,트레이더스,동탄점,2026-05-20,youtube_ocr,2026-05_youtube_ocr.csv,matched,
w080,에반 윌리엄스 블랙,에반 윌리엄스 블랙 1750ml,1750,False,47980,KR,트레이더스,동탄점,2026-05-20,youtube_ocr,2026-05_youtube_ocr.csv,matched,
w073,와일드터키 8년,와일드터키 8년 1L,1000,False,49980,KR,트레이더스,동탄점,2026-05-20,youtube_ocr,2026-05_youtube_ocr.csv,matched,
w074,와일드터키 레어브리드,와일드터키 레어브리드,,False,79800,KR,트레이더스,동탄점,2026-05-20,youtube_ocr,2026-05_youtube_ocr.csv,matched,
w075,와일드터키 켄터키 스피릿 싱글배럴,와일드터키 켄터키 스피릿 싱글배럴 750ml,750,False,69400,KR,트레이더스,동탄점,2026-05-20,youtube_ocr,2026-05_youtube_ocr.csv,matched,
w076,이글 레어 10년,이글 레어 10년 750ml,750,False,69800,KR,트레이더스,동탄점,2026-05-20,youtube_ocr,2026-05_youtube_ocr.csv,matched,
w061,제임슨,제임슨 700ml,700,False,27980,KR,트레이더스,동탄점,2026-05-20,youtube_ocr,2026-05_youtube_ocr.csv,matched,
w042,조니워커 그린라벨 15년,조니워커 그린라벨 15년 700ml,700,False,74800,KR,트레이더스,동탄점,2026-05-20,youtube_ocr,2026-05_youtube_ocr.csv,matched,
w049,조니워커 레드라벨,조니워커 레드라벨 1750ml,1750,False,49940,KR,트레이더스,동탄점,2026-05-20,youtube_ocr,2026-05_youtube_ocr.csv,matched,
w050,조니워커 블랙라벨 12년,조니워커 블랙라벨 12년 700ml,700,False,49980,KR,트레이더스,동탄점,2026-05-20,youtube_ocr,2026-05_youtube_ocr.csv,matched,
w065,짐빔 화이트,짐빔 화이트 750ml,750,False,19980,KR,트레이더스,동탄점,2026-05-20,youtube_ocr,2026-05_youtube_ocr.csv,matched,
w084,카발란 디스틸러리 셀렉트,카발란 디스틸러리 셀렉트 700ml,700,False,69800,KR,트레이더스,동탄점,2026-05-20,youtube_ocr,2026-05_youtube_ocr.csv,matched,
w130,칼라일,칼라일 1500ml,1500,False,23980,KR,트레이더스,동탄점,2026-05-20,youtube_ocr,2026-05_youtube_ocr.csv,matched,
w058,커티삭 프로히비션,커티삭 프로히비션 1L,1000,False,39980,KR,트레이더스,동탄점,2026-05-20,youtube_ocr,2026-05_youtube_ocr.csv,matched,
w025,클라이넬리시 14년,클라이넬리시 14년 700ml,700,False,84800,KR,트레이더스,동탄점,2026-05-20,youtube_ocr,2026-05_youtube_ocr.csv,matched,
w088,탈리스만 9년 포르투기즈 캐스크,탈리스만 9년 포르투기즈 캐스크,,False,19980,KR,트레이더스,동탄점,2026-05-20,youtube_ocr,2026-05_youtube_ocr.csv,matched,
w087,글렌드로낙 오드 투 더 다크,글렌드로(?) 오드 투 더 다크 700ml,700,False,159800,KR,트레이더스,동탄점,2026-05-20,youtube_ocr,2026-05_youtube_ocr.csv,matched,
w024,달모어 2005 빈티지,달모어 2005 빈티지 700ml,700,False,678000,KR,트레이더스,동탄점,2026-05-20,youtube_ocr,2026-05_youtube_ocr.csv,matched,
w059,로얄 살루트 21년,로얄 살루트 21년 700ml,700,False,179800,KR,트레이더스,동탄점,2026-05-20,youtube_ocr,2026-05_youtube_ocr.csv,matched,
w104,맥캘란 셰리 오크 12년,맥캘란 셰리 오크 12년 700ml,700,False,119800,KR,트레이더스,동탄점,2026-05-20,youtube_ocr,2026-05_youtube_ocr.csv,matched,
w026,로얄 브라클라 12년,로얄 브라클라 12년 700ml,700,False,82900,KR,코스트코,,2026-05-04,youtube_ocr,2026-05_youtube_ocr.csv,matched,
w071,메이커스 마크,메이커스 마크 750ml,750,False,37590,KR,코스트코,,2026-05-04,youtube_ocr,2026-05_youtube_ocr.csv,matched,
w041,몽키숄더,몽키숄더 700ml,700,False,42290,KR,코스트코,,2026-05-04,youtube_ocr,2026-05_youtube_ocr.csv,matched,
w009,발베니 14년 캐리비안 캐스크,발베니 14년 캐리비안 캐스크,,False,134900,KR,코스트코,,2026-05-04,youtube_ocr,2026-05_youtube_ocr.csv,matched,
,,스카파 스키렌,,False,35990,KR,코스트코,,2026-05-05,youtube_ocr,2026-05_youtube_ocr.csv,unmatched,
w026,로얄 브라클라 12년,로얄 브라클라 12년 700ml,700,False,103900,KR,코스트코,,2026-05-20,youtube_ocr,2026-05_youtube_ocr.csv,matched,
w071,메이커스 마크,메이커스 마크 750ml,750,False,37590,KR,코스트코,,2026-05-20,youtube_ocr,2026-05_youtube_ocr.csv,matched,
w009,발베니 14년 캐리비안 캐스크,발베니 14년 캐리비안 캐스크,,False,134900,KR,코스트코,,2026-05-20,youtube_ocr,2026-05_youtube_ocr.csv,matched,
,,스카파 스키렌 1750ml,1750,False,35990,KR,코스트코,,2026-05-20,youtube_ocr,2026-05_youtube_ocr.csv,unmatched,
w020,글렌모렌지 12년,글렌모렌지 12년 700ml,700,False,79900,KR,코스트코,,2026-05-25,youtube_ocr,2026-05_youtube_ocr.csv,matched,
w026,로얄 브라클라 12년,로얄 브라클라 12년 700ml,700,False,103900,KR,코스트코,,2026-05-25,youtube_ocr,2026-05_youtube_ocr.csv,matched,
w071,메이커스 마크,메이커스 마크 750ml,750,False,37590,KR,코스트코,,2026-05-25,youtube_ocr,2026-05_youtube_ocr.csv,matched,
w041,몽키숄더,몽키숄더 700ml,700,False,49790,KR,코스트코,,2026-05-25,youtube_ocr,2026-05_youtube_ocr.csv,matched,
w009,발베니 14년 캐리비안 캐스크,발베니 14년 캐리비안 캐스크,,False,94900,KR,코스트코,,2026-05-25,youtube_ocr,2026-05_youtube_ocr.csv,matched,
w070,1792 스몰배치,1792 스몰배치 750ml,750,False,44980,KR,트레이더스,,2026-05-26,youtube_ocr,2026-05_youtube_ocr.csv,matched,
w064,골든블루 사피루스,골든블루 사피루스 450ml,450,False,28980,KR,트레이더스,,2026-05-26,youtube_ocr,2026-05_youtube_ocr.csv,excluded,sub_500ml
w013,글렌그란트 12년,글렌그란트 12년 700ml,700,False,59400,KR,트레이더스,,2026-05-26,youtube_ocr,2026-05_youtube_ocr.csv,matched,
w014,글렌그란트 15년,글렌그란트 15년 700ml,700,False,89400,KR,트레이더스,,2026-05-26,youtube_ocr,2026-05_youtube_ocr.csv,matched,
w038,글렌킨치 12년,글렌킨치 12년 700ml,700,False,59800,KR,트레이더스,,2026-05-26,youtube_ocr,2026-05_youtube_ocr.csv,matched,
w006,글렌피딕 14년 버번배럴,글렌피딕 14년 버번배럴 700ml,700,False,99800,KR,트레이더스,,2026-05-26,youtube_ocr,2026-05_youtube_ocr.csv,matched,
w060,노마드 아웃랜드 셰리 피니시,노마드 아웃랜드 셰리 피니시 700ml,700,False,49980,KR,트레이더스,,2026-05-26,youtube_ocr,2026-05_youtube_ocr.csv,matched,
w055,듀어스 12년,듀어스 12년 700ml,700,False,39980,KR,트레이더스,,2026-05-26,youtube_ocr,2026-05_youtube_ocr.csv,matched,
w056,듀어스 15년,듀어스 15년 700ml,700,False,59400,KR,트레이더스,,2026-05-26,youtube_ocr,2026-05_youtube_ocr.csv,matched,
w036,라가불린 11년 오퍼맨 스위트피트,라가불린 11년 오퍼맨 스위트피트 700ml,700,False,89800,KR,트레이더스,,2026-05-26,youtube_ocr,2026-05_youtube_ocr.csv,matched,
w071,메이커스 마크,메이커스 마크 1L,1000,False,49980,KR,트레이더스,,2026-05-26,youtube_ocr,2026-05_youtube_ocr.csv,matched,
w041,몽키숄더,몽키숄더 700ml,700,False,49980,KR,트레이더스,,2026-05-26,youtube_ocr,2026-05_youtube_ocr.csv,matched,
w044,발렌타인 10년,발렌타인 10년 700ml,700,False,39980,KR,트레이더스,,2026-05-26,youtube_ocr,2026-05_youtube_ocr.csv,matched,
w017,벤리악 10년,벤리악 10년 700ml,700,False,49940,KR,트레이더스,,2026-05-26,youtube_ocr,2026-05_youtube_ocr.csv,matched,
w062,부쉬밀 15년 싱글몰트,부쉬밀 15년 싱글몰트 700ml,700,False,99800,KR,트레이더스,,2026-05-26,youtube_ocr,2026-05_youtube_ocr.csv,matched,
w031,아란 셰리 캐스크,아란 셰리 캐스크 700ml,700,False,99800,KR,트레이더스,,2026-05-26,youtube_ocr,2026-05_youtube_ocr.csv,matched,
w111,에반 윌리엄스 BIB,에반 윌리엄스 BIB 1L,1000,False,39980,KR,트레이더스,,2026-05-26,youtube_ocr,2026-05_youtube_ocr.csv,matched,
w080,에반 윌리엄스 블랙,에반 윌리엄스 블랙 1L,1000,False,29980,KR,트레이더스,,2026-05-26,youtube_ocr,2026-05_youtube_ocr.csv,matched,
w073,와일드터키 8년,와일드터키 8년 1L,1000,False,154998,KR,트레이더스,,2026-05-26,youtube_ocr,2026-05_youtube_ocr.csv,matched,
w074,와일드터키 레어브리드,와일드터키 레어브리드 750ml,750,False,79800,KR,트레이더스,,2026-05-26,youtube_ocr,2026-05_youtube_ocr.csv,matched,
w075,와일드터키 켄터키 스피릿 싱글배럴,와일드터키 켄터키 스피릿 싱글배럴 750ml,750,False,69400,KR,트레이더스,,2026-05-26,youtube_ocr,2026-05_youtube_ocr.csv,matched,
w061,제임슨,제임슨 700ml,700,False,27980,KR,트레이더스,,2026-05-26,youtube_ocr,2026-05_youtube_ocr.csv,matched,
w050,조니워커 블랙라벨 12년,조니워커 블랙라벨 12년 700ml,700,False,49980,KR,트레이더스,,2026-05-26,youtube_ocr,2026-05_youtube_ocr.csv,matched,
w065,짐빔 화이트,짐빔 화이트 750ml,750,False,19980,KR,트레이더스,,2026-05-26,youtube_ocr,2026-05_youtube_ocr.csv,matched,
w058,커티삭 프로히비션,커티삭 프로히비션 1L,1000,False,39980,KR,트레이더스,,2026-05-26,youtube_ocr,2026-05_youtube_ocr.csv,matched,
w025,클라이넬리시 14년,클라이넬리시 14년 700ml,700,False,84800,KR,트레이더스,,2026-05-26,youtube_ocr,2026-05_youtube_ocr.csv,matched,
w088,탈리스만 9년 포르투기즈 캐스크,탈리스만 9년 포르투기즈 캐스크,,False,25980,KR,트레이더스,,2026-05-26,youtube_ocr,2026-05_youtube_ocr.csv,matched,
w032,탈리스커 10년,탈리스커 10년 700ml,700,False,69800,KR,트레이더스,,2026-05-26,youtube_ocr,2026-05_youtube_ocr.csv,matched,
w089,탈리스커 와일드 블루,탈리스커 와일드 블루 700ml,700,False,69400,KR,트레이더스,,2026-05-26,youtube_ocr,2026-05_youtube_ocr.csv,matched,
w004,글렌리벳 19년 스몰배치,더 글렌리벳 19년,,False,349800,KR,트레이더스,,2026-05-26,youtube_ocr,2026-05_youtube_ocr.csv,matched,
w024,달모어 2005 빈티지,달모어 2005 빈티지 700ml,700,False,678000,KR,트레이더스,,2026-05-26,youtube_ocr,2026-05_youtube_ocr.csv,matched,
w016,탐두 15년,탐두 15년 700ml,700,False,169800,KR,트레이더스,,2026-05-26,youtube_ocr,2026-05_youtube_ocr.csv,matched,
w079,포 로지스 스몰배치 셀렉트,포 로지스 스몰배치 셀렉트 750ml,750,False,116800,KR,트레이더스,,2026-05-26,youtube_ocr,2026-05_youtube_ocr.csv,matched,
w032,탈리스커 10년,탈리스커 10년 700ml,700,False,69800,KR,트레이더스,,2026-05-19,youtube_ocr,2026-05_youtube_ocr.csv,matched,
w089,탈리스커 와일드 블루,탈리스커 와일드 블루,,False,84800,KR,트레이더스,,2026-05-19,youtube_ocr,2026-05_youtube_ocr.csv,matched,
w060,노마드 아웃랜드 셰리 피니시,노마드 아웃랜드 셰리 피니시 700ml,700,False,49980,KR,트레이더스,,2026-05-19,youtube_ocr,2026-05_youtube_ocr.csv,matched,
w073,와일드터키 8년,와일드터키 8년 1L,1000,False,49980,KR,트레이더스,,2026-05-19,youtube_ocr,2026-05_youtube_ocr.csv,matched,
w083,산토리 가쿠빈,산토리 가쿠빈 700ml,700,False,29980,KR,트레이더스,,2026-05-19,youtube_ocr,2026-05_youtube_ocr.csv,matched,
w070,1792 스몰배치,1792 스몰배치 750ml,750,False,44980,KR,트레이더스,,2026-05-11,youtube_ocr,2026-05_youtube_ocr.csv,matched,
w013,글렌그란트 12년,글렌그란트 12년 700ml,700,False,69800,KR,트레이더스,,2026-05-11,youtube_ocr,2026-05_youtube_ocr.csv,matched,
w014,글렌그란트 15년,글렌그란트 15년,,False,97800,KR,트레이더스,,2026-05-11,youtube_ocr,2026-05_youtube_ocr.csv,matched,
w018,글렌드로낙 12년,글렌드로낙 12년 700ml,700,False,79800,KR,트레이더스,,2026-05-11,youtube_ocr,2026-05_youtube_ocr.csv,matched,
w018,글렌드로낙 12년,글렌드로낙 오드 투 더 다크 700ml,700,False,159800,KR,트레이더스,,2026-05-11,youtube_ocr,2026-05_youtube_ocr.csv,matched,
w038,글렌킨치 12년,글렌킨치 12년 700ml,700,False,59800,KR,트레이더스,,2026-05-11,youtube_ocr,2026-05_youtube_ocr.csv,matched,
w006,글렌피딕 14년 버번배럴,글렌피딕 14년 버번배럴,,False,99800,KR,트레이더스,,2026-05-11,youtube_ocr,2026-05_youtube_ocr.csv,matched,
w060,노마드 아웃랜드 셰리 피니시,노마드 아웃랜드 셰리 피니시,,False,49980,KR,트레이더스,,2026-05-11,youtube_ocr,2026-05_youtube_ocr.csv,matched,
w055,듀어스 12년,듀어스 12년 700ml,700,False,39980,KR,트레이더스,,2026-05-11,youtube_ocr,2026-05_youtube_ocr.csv,matched,
w056,듀어스 15년,듀어스 15년 700ml,700,False,64800,KR,트레이더스,,2026-05-11,youtube_ocr,2026-05_youtube_ocr.csv,matched,
w036,라가불린 11년 오퍼맨 스위트피트,라가불린 11년 오퍼맨 스위트피트 700ml,700,False,89800,KR,트레이더스,,2026-05-11,youtube_ocr,2026-05_youtube_ocr.csv,matched,
w077,러셀스 리저브 싱글배럴,러셀스 리저브 싱글배럴 750ml,750,False,99800,KR,트레이더스,,2026-05-11,youtube_ocr,2026-05_youtube_ocr.csv,matched,
w104,맥캘란 셰리 오크 12년,맥캘란 셰리 오크 12년 700ml,700,False,119800,KR,트레이더스,,2026-05-11,youtube_ocr,2026-05_youtube_ocr.csv,matched,
w041,몽키숄더,몽키숄더 700ml,700,False,49980,KR,트레이더스,,2026-05-11,youtube_ocr,2026-05_youtube_ocr.csv,matched,
w044,발렌타인 10년,발렌타인 10년 700ml,700,False,39980,KR,트레이더스,,2026-05-11,youtube_ocr,2026-05_youtube_ocr.csv,matched,
w092,발렌타인 싱글몰트 글렌버기 16년,발렌타인 싱글몰트 글렌버기 16년,,False,169800,KR,트레이더스,,2026-05-11,youtube_ocr,2026-05_youtube_ocr.csv,matched,
w043,발렌타인 파이니스트,발렌타인 파이니스트 1L,1000,False,28980,KR,트레이더스,,2026-05-11,youtube_ocr,2026-05_youtube_ocr.csv,matched,
w008,발베니 12년 더블우드,발베니 12년 더블우드 700ml,700,False,96800,KR,트레이더스,,2026-05-11,youtube_ocr,2026-05_youtube_ocr.csv,matched,
w009,발베니 14년 캐리비안 캐스크,발베니 14년 캐리비안 캐스크,,False,139800,KR,트레이더스,,2026-05-11,youtube_ocr,2026-05_youtube_ocr.csv,matched,
w069,버팔로 트레이스,버팔로 트레이스 1L,1000,False,49980,KR,트레이더스,,2026-05-11,youtube_ocr,2026-05_youtube_ocr.csv,matched,
w083,산토리 가쿠빈,산토리 가쿠빈 700ml,700,False,29980,KR,트레이더스,,2026-05-11,youtube_ocr,2026-05_youtube_ocr.csv,matched,
w081,에반 윌리엄스 12년,에반 윌리엄스 12년 750ml,750,False,89800,KR,트레이더스,,2026-05-11,youtube_ocr,2026-05_youtube_ocr.csv,matched,
w111,에반 윌리엄스 BIB,에반 윌리엄스 BIB 1L,1000,False,35980,KR,트레이더스,,2026-05-11,youtube_ocr,2026-05_youtube_ocr.csv,matched,
w027,에버펠디 16년,에버펠디 16년 700ml,700,False,75800,KR,트레이더스,,2026-05-11,youtube_ocr,2026-05_youtube_ocr.csv,matched,
w075,와일드터키 켄터키 스피릿 싱글배럴,와일드터키 켄터키 스피릿 싱글배럴 750ml,750,False,69400,KR,트레이더스,,2026-05-11,youtube_ocr,2026-05_youtube_ocr.csv,matched,
w076,이글 레어 10년,이글 레어 10년 750ml,750,False,69800,KR,트레이더스,,2026-05-11,youtube_ocr,2026-05_youtube_ocr.csv,matched,
w051,조니워커 더블블랙,조니워커 더블블랙 1L,1000,False,59800,KR,트레이더스,,2026-05-11,youtube_ocr,2026-05_youtube_ocr.csv,matched,
w049,조니워커 레드라벨,조니워커 레드라벨 1750ml,1750,False,54800,KR,트레이더스,,2026-05-11,youtube_ocr,2026-05_youtube_ocr.csv,matched,
w050,조니워커 블랙라벨 12년,조니워커 블랙라벨 12년 700ml,700,False,49980,KR,트레이더스,,2026-05-11,youtube_ocr,2026-05_youtube_ocr.csv,matched,
w052,조니워커 블랙 루비,조니워커 블랙 루비 700ml,700,False,44800,KR,트레이더스,,2026-05-11,youtube_ocr,2026-05_youtube_ocr.csv,matched,
w088,탈리스만 9년 포르투기즈 캐스크,탈리스만 9년 포르투기즈 캐스크,,False,19980,KR,트레이더스,,2026-05-11,youtube_ocr,2026-05_youtube_ocr.csv,matched,
w032,탈리스커 10년,탈리스커 10년 700ml,700,False,69800,KR,트레이더스,,2026-05-11,youtube_ocr,2026-05_youtube_ocr.csv,matched,
w078,포 로지스 싱글배럴,포 로지스 싱글배럴 750ml,750,False,59800,KR,트레이더스,,2026-05-11,youtube_ocr,2026-05_youtube_ocr.csv,matched,
w015,글렌그란트 익스플로레이션 No.1,글렌그란트 익스플로레이션 No.1 700ml,700,False,79800,KR,트레이더스,,2026-05-11,youtube_ocr,2026-05_youtube_ocr.csv,matched,
w004,글렌리벳 19년 스몰배치,더 글렌리벳 19년,,False,349800,KR,트레이더스,,2026-05-11,youtube_ocr,2026-05_youtube_ocr.csv,matched,
w024,달모어 2005 빈티지,달모어 2005 빈티지 700ml,700,False,678000,KR,트레이더스,,2026-05-11,youtube_ocr,2026-05_youtube_ocr.csv,matched,
w047,발렌타인 21년,발렌타인 21년 700ml,700,False,189800,KR,트레이더스,,2026-05-11,youtube_ocr,2026-05_youtube_ocr.csv,matched,
w053,조니워커 블루라벨,조니워커 블루라벨 750ml,750,False,259800,KR,트레이더스,,2026-05-11,youtube_ocr,2026-05_youtube_ocr.csv,matched,
w036,라가불린 11년 오퍼맨 스위트피트,라가불린 11년 오퍼맨 스위트피트 700ml,700,False,89800,KR,트레이더스,,2026-05-04,youtube_ocr,2026-05_youtube_ocr.csv,matched,
w031,아란 셰리 캐스크,아란 셰리 캐스크 700ml,700,False,99800,KR,트레이더스,,2026-05-04,youtube_ocr,2026-05_youtube_ocr.csv,matched,
w089,탈리스커 와일드 블루,탈리스커 와일드 블루 700ml,700,False,84800,KR,트레이더스,,2026-05-04,youtube_ocr,2026-05_youtube_ocr.csv,matched,
w077,러셀스 리저브 싱글배럴,러셀스 리저브 싱글배럴 750ml,750,False,99800,KR,트레이더스,,2026-05-04,youtube_ocr,2026-05_youtube_ocr.csv,matched,
w005,글렌피딕 12년,글렌피딕 12년,,False,69800,KR,트레이더스,,2026-05-04,youtube_ocr,2026-05_youtube_ocr.csv,matched,
w005,글렌피딕 12년,글렌피딕 12년 700ml,700,False,69800,KR,트레이더스,,2026-05-04,youtube_ocr,2026-05_youtube_ocr.csv,matched,
w073,와일드터키 8년,와일드터키 8년 1L,1000,False,49980,KR,트레이더스,,2026-05-04,youtube_ocr,2026-05_youtube_ocr.csv,matched,
w073,와일드터키 8년,와일드터키 8년,,False,49980,KR,트레이더스,,2026-05-04,youtube_ocr,2026-05_youtube_ocr.csv,matched,
w050,조니워커 블랙라벨 12년,조니워커 블랙라벨 12년 700ml,700,False,49980,KR,트레이더스,,2026-05-04,youtube_ocr,2026-05_youtube_ocr.csv,matched,
w070,1792 스몰배치,1792 스몰배치 750ml,750,False,44980,KR,트레이더스,,2026-05-04,youtube_ocr,2026-05_youtube_ocr.csv,matched,
w043,발렌타인 파이니스트,발렌타인 파이니스트,,False,28980,KR,트레이더스,,2026-05-04,youtube_ocr,2026-05_youtube_ocr.csv,matched,
w013,글렌그란트 12년,글렌그란트 12년 700ml,700,False,69800,KR,트레이더스,,2026-05-04,youtube_ocr,2026-05_youtube_ocr.csv,matched,
w014,글렌그란트 15년,글렌그란트 15년 700ml,700,False,97800,KR,트레이더스,,2026-05-04,youtube_ocr,2026-05_youtube_ocr.csv,matched,
w015,글렌그란트 익스플로레이션 No.1,글렌그란트 익스플로레이션 No.1 700ml,700,False,99800,KR,트레이더스,,2026-05-04,youtube_ocr,2026-05_youtube_ocr.csv,matched,
w018,글렌드로낙 12년,글렌드로낙 12년,,False,79800,KR,트레이더스,,2026-05-04,youtube_ocr,2026-05_youtube_ocr.csv,matched,
w006,글렌피딕 14년 버번배럴,글렌피딕 14년 버번배럴 700ml,700,False,99800,KR,트레이더스,,2026-05-04,youtube_ocr,2026-05_youtube_ocr.csv,matched,
w060,노마드 아웃랜드 셰리 피니시,노마드 아웃랜드 셰리 피니시 700ml,700,False,49980,KR,트레이더스,,2026-05-04,youtube_ocr,2026-05_youtube_ocr.csv,matched,
w055,듀어스 12년,듀어스 12년 700ml,700,False,39980,KR,트레이더스,,2026-05-04,youtube_ocr,2026-05_youtube_ocr.csv,matched,
w056,듀어스 15년,듀어스 15년 700ml,700,False,59400,KR,트레이더스,,2026-05-04,youtube_ocr,2026-05_youtube_ocr.csv,matched,
w036,라가불린 11년 오퍼맨 스위트피트,라가불린 11년 오퍼맨 스위트피트,,False,89800,KR,트레이더스,,2026-05-04,youtube_ocr,2026-05_youtube_ocr.csv,matched,
w026,로얄 브라클라 12년,로얄 브라클라 12년 700ml,700,False,89800,KR,트레이더스,,2026-05-04,youtube_ocr,2026-05_youtube_ocr.csv,matched,
w041,몽키숄더,몽키숄더 700ml,700,False,49980,KR,트레이더스,,2026-05-04,youtube_ocr,2026-05_youtube_ocr.csv,matched,
w044,발렌타인 10년,발렌타인 10년 700ml,700,False,39980,KR,트레이더스,,2026-05-04,youtube_ocr,2026-05_youtube_ocr.csv,matched,
w008,발베니 12년 더블우드,발베니 12년 몬틸라 700ml,700,False,96800,KR,트레이더스,,2026-05-04,youtube_ocr,2026-05_youtube_ocr.csv,matched,
w040,뱅크홀 싱글몰트,뱅크홀 싱글몰트 700ml,700,False,29940,KR,트레이더스,,2026-05-04,youtube_ocr,2026-05_youtube_ocr.csv,matched,
w083,산토리 가쿠빈,산토리 가쿠빈 700ml,700,False,29980,KR,트레이더스,,2026-05-04,youtube_ocr,2026-05_youtube_ocr.csv,matched,
w080,에반 윌리엄스 블랙,에반 윌리엄스 블랙 1L,1000,False,33980,KR,트레이더스,,2026-05-04,youtube_ocr,2026-05_youtube_ocr.csv,matched,
w081,에반 윌리엄스 12년,에반 윌리엄스 12년 750ml,750,False,99800,KR,트레이더스,,2026-05-04,youtube_ocr,2026-05_youtube_ocr.csv,matched,
w111,에반 윌리엄스 BIB,에반 윌리엄스 BIB 1L,1000,False,35980,KR,트레이더스,,2026-05-04,youtube_ocr,2026-05_youtube_ocr.csv,matched,
w019,오반 14년,오반 14년 700ml,700,False,89400,KR,트레이더스,,2026-05-04,youtube_ocr,2026-05_youtube_ocr.csv,matched,
w074,와일드터키 레어브리드,와일드터키 레어브리드,,False,79800,KR,트레이더스,,2026-05-04,youtube_ocr,2026-05_youtube_ocr.csv,matched,
w075,와일드터키 켄터키 스피릿 싱글배럴,와일드터키 켄터키 스피릿 싱글배럴 750ml,750,False,69400,KR,트레이더스,,2026-05-04,youtube_ocr,2026-05_youtube_ocr.csv,matched,
w076,이글 레어 10년,이글 레어 10년 750ml,750,False,74800,KR,트레이더스,,2026-05-04,youtube_ocr,2026-05_youtube_ocr.csv,matched,
w065,짐빔 화이트,짐빔 화이트 750ml,750,False,19980,KR,트레이더스,,2026-05-04,youtube_ocr,2026-05_youtube_ocr.csv,matched,
w130,칼라일,칼라일 1500ml,1500,False,23980,KR,트레이더스,,2026-05-04,youtube_ocr,2026-05_youtube_ocr.csv,matched,
w088,탈리스만 9년 포르투기즈 캐스크,탈리스만 9년 포르투기즈 캐스크,,False,19980,KR,트레이더스,,2026-05-04,youtube_ocr,2026-05_youtube_ocr.csv,matched,
w032,탈리스커 10년,탈리스커 10년 700ml,700,False,69800,KR,트레이더스,,2026-05-04,youtube_ocr,2026-05_youtube_ocr.csv,matched,
w078,포 로지스 싱글배럴,포 로지스 싱글배럴,,False,82800,KR,트레이더스,,2026-05-04,youtube_ocr,2026-05_youtube_ocr.csv,matched,
w024,달모어 2005 빈티지,달모어 2005 빈티지 700ml,700,False,678000,KR,트레이더스,,2026-05-04,youtube_ocr,2026-05_youtube_ocr.csv,matched,
w053,조니워커 블루라벨,조니워커 블루라벨 750ml,750,False,259800,KR,트레이더스,,2026-05-04,youtube_ocr,2026-05_youtube_ocr.csv,matched,
w079,포 로지스 스몰배치 셀렉트,포 로지스 스몰배치 셀렉트 750ml,750,False,116800,KR,트레이더스,,2026-05-04,youtube_ocr,2026-05_youtube_ocr.csv,matched,
w007,글렌피딕 15년,글렌피딕 15년 700ml,700,False,99800,KR,트레이더스,구월점,2026-06-08,youtube_ocr,2026-06_youtube_ocr.csv,matched,
w078,포 로지스 싱글배럴,포 로지스 싱글배럴 750ml,750,False,82800,KR,트레이더스,구월점,2026-06-08,youtube_ocr,2026-06_youtube_ocr.csv,matched,
w076,이글 레어 10년,이글 레어 10년 750ml,750,False,69800,KR,트레이더스,구월점,2026-06-08,youtube_ocr,2026-06_youtube_ocr.csv,matched,
w071,메이커스 마크,메이커스 마크 1L,1000,False,49980,KR,트레이더스,구월점,2026-06-08,youtube_ocr,2026-06_youtube_ocr.csv,matched,
w052,조니워커 블랙 루비,조니워커 블랙 루비 700ml,700,False,54800,KR,트레이더스,구월점,2026-06-08,youtube_ocr,2026-06_youtube_ocr.csv,matched,
w058,커티삭 프로히비션,커티삭 프로히비션 1L,1000,False,39980,KR,트레이더스,구월점,2026-06-08,youtube_ocr,2026-06_youtube_ocr.csv,matched,
w023,달모어 12년,달모어 12년 700ml,700,False,99800,KR,트레이더스,구월점,2026-06-08,youtube_ocr,2026-06_youtube_ocr.csv,matched,
w024,달모어 2005 빈티지,달모어 2005 빈티지 700ml,700,False,678000,KR,트레이더스,구월점,2026-06-08,youtube_ocr,2026-06_youtube_ocr.csv,matched,
w069,버팔로 트레이스,버팔로 트레이스 750ml,750,False,45000,KR,우성마트,우성 그린 마트,2026-06-13,youtube_ocr,2026-06_youtube_ocr.csv,matched,
w084,카발란 디스틸러리 셀렉트,카발란 디스틸러리 셀렉트,,False,85000,KR,우성마트,우성 그린 마트,2026-06-13,youtube_ocr,2026-06_youtube_ocr.csv,matched,
w056,듀어스 15년,듀어스 15년 700ml,700,False,66500,KR,우성마트,우성 그린 마트,2026-06-13,youtube_ocr,2026-06_youtube_ocr.csv,matched,
w070,1792 스몰배치,1792 스몰배치,,False,99800,KR,우성마트,우성 그린 마트,2026-06-13,youtube_ocr,2026-06_youtube_ocr.csv,matched,
w052,조니워커 블랙 루비,조니워커 블랙 루비 750ml,750,False,259000,KR,우성마트,우성 그린 마트,2026-06-13,youtube_ocr,2026-06_youtube_ocr.csv,outlier,price_vs_havg(65613)
w081,에반 윌리엄스 12년,에반 윌리엄스 12년 750ml,750,False,99800,KR,트레이더스,동탄점,2026-06-09,youtube_ocr,2026-06_youtube_ocr.csv,matched,
w088,탈리스만 9년 포르투기즈 캐스크,탈리스만 9년 포르투기즈 캐스크,,False,25980,KR,트레이더스,동탄점,2026-06-09,youtube_ocr,2026-06_youtube_ocr.csv,matched,
w030,글렌글라사 포트소이,글렌글라사 포트소이 700ml,700,False,109800,KR,트레이더스,동탄점,2026-06-09,youtube_ocr,2026-06_youtube_ocr.csv,matched,
w059,로얄 살루트 21년,로얄 살루트 21년 700ml,700,False,179800,KR,트레이더스,동탄점,2026-06-09,youtube_ocr,2026-06_youtube_ocr.csv,matched,
w077,러셀스 리저브 싱글배럴,러셀스 리저브 싱글배럴 750ml,750,False,89400,KR,트레이더스,동탄점,2026-06-01,youtube_ocr,2026-06_youtube_ocr.csv,matched,
w003,글렌리벳 17년 스몰배치,글렌리벳 17년 스몰배치,,False,229800,KR,트레이더스,동탄점,2026-06-01,youtube_ocr,2026-06_youtube_ocr.csv,matched,
w004,글렌리벳 19년 스몰배치,글렌리벳 19년 스몰배치,,False,349800,KR,트레이더스,동탄점,2026-06-01,youtube_ocr,2026-06_youtube_ocr.csv,matched,
w084,카발란 디스틸러리 셀렉트,카발란 디스틸러리 셀렉트 700ml,700,False,69800,KR,트레이더스,동탄점,2026-06-16,youtube_ocr,2026-06_youtube_ocr.csv,matched,
w070,1792 스몰배치,1792 스몰배치 750ml,750,False,44980,KR,트레이더스,동탄점,2026-06-16,youtube_ocr,2026-06_youtube_ocr.csv,matched,
w064,골든블루 사피루스,골든블루 사피루스,,False,28980,KR,트레이더스,동탄점,2026-06-16,youtube_ocr,2026-06_youtube_ocr.csv,matched,
w029,글렌글라사 샌드엔드,글렌글라사 샌드엔드 700ml,700,False,79800,KR,트레이더스,동탄점,2026-06-16,youtube_ocr,2026-06_youtube_ocr.csv,matched,
w013,글렌그란트 12년,글렌그란트 12년 700ml,700,False,59400,KR,트레이더스,동탄점,2026-06-16,youtube_ocr,2026-06_youtube_ocr.csv,matched,
w085,글렌드로낙 오드 투 더 밸리,글렌드로(?) 오드 투 더 밸리 700ml,700,False,89400,KR,트레이더스,동탄점,2026-06-16,youtube_ocr,2026-06_youtube_ocr.csv,matched,
w002,글렌리벳 15년,글렌리벳 15년 700ml,700,False,94800,KR,트레이더스,동탄점,2026-06-16,youtube_ocr,2026-06_youtube_ocr.csv,matched,
w038,글렌킨치 12년,글렌킨치 12년 700ml,700,False,59800,KR,트레이더스,동탄점,2026-06-16,youtube_ocr,2026-06_youtube_ocr.csv,matched,
w005,글렌피딕 12년,글렌피딕 12년 700ml,700,False,69800,KR,트레이더스,동탄점,2026-06-16,youtube_ocr,2026-06_youtube_ocr.csv,matched,
w006,글렌피딕 14년 버번배럴,글렌피딕 14년 버번배럴 700ml,700,False,89800,KR,트레이더스,동탄점,2026-06-16,youtube_ocr,2026-06_youtube_ocr.csv,matched,
w007,글렌피딕 15년,글렌피딕 15년 700ml,700,False,99800,KR,트레이더스,동탄점,2026-06-16,youtube_ocr,2026-06_youtube_ocr.csv,matched,
w060,노마드 아웃랜드 셰리 피니시,노마드 아웃랜드 셰리 피니시 700ml,700,False,49980,KR,트레이더스,동탄점,2026-06-16,youtube_ocr,2026-06_youtube_ocr.csv,matched,
w023,달모어 12년,달모어 12년 700ml,700,False,99800,KR,트레이더스,동탄점,2026-06-16,youtube_ocr,2026-06_youtube_ocr.csv,matched,
w055,듀어스 12년,듀어스 12년 700ml,700,False,39980,KR,트레이더스,동탄점,2026-06-16,youtube_ocr,2026-06_youtube_ocr.csv,matched,
w056,듀어스 15년,듀어스 15년 700ml,700,False,59400,KR,트레이더스,동탄점,2026-06-16,youtube_ocr,2026-06_youtube_ocr.csv,matched,
w036,라가불린 11년 오퍼맨 스위트피트,라가불린 11년 오퍼맨 스위트피트 700ml,700,False,79800,KR,트레이더스,동탄점,2026-06-16,youtube_ocr,2026-06_youtube_ocr.csv,matched,
w071,메이커스 마크,메이커스 마크 1L,1000,False,49980,KR,트레이더스,동탄점,2026-06-16,youtube_ocr,2026-06_youtube_ocr.csv,matched,
w090,발렌타인 17년,발렌타인 17년 700ml,700,False,149800,KR,트레이더스,동탄점,2026-06-16,youtube_ocr,2026-06_youtube_ocr.csv,matched,
w008,발베니 12년 더블우드,발베니 12년 더블우드 700ml,700,False,96800,KR,트레이더스,동탄점,2026-06-16,youtube_ocr,2026-06_youtube_ocr.csv,matched,
w040,뱅크홀 싱글몰트,뱅크홀 싱글몰트 700ml,700,False,29940,KR,트레이더스,동탄점,2026-06-16,youtube_ocr,2026-06_youtube_ocr.csv,matched,
w069,버팔로 트레이스,버팔로 트레이스 1L,1000,False,49980,KR,트레이더스,동탄점,2026-06-16,youtube_ocr,2026-06_youtube_ocr.csv,matched,
w062,부쉬밀 15년 싱글몰트,부쉬밀 15년 싱글몰트 700ml,700,False,99800,KR,트레이더스,동탄점,2026-06-16,youtube_ocr,2026-06_youtube_ocr.csv,matched,
w083,산토리 가쿠빈,산토리 가쿠빈 700ml,700,False,29980,KR,트레이더스,동탄점,2026-06-16,youtube_ocr,2026-06_youtube_ocr.csv,matched,
w031,아란 셰리 캐스크,아란 셰리 캐스크 700ml,700,False,99800,KR,트레이더스,동탄점,2026-06-16,youtube_ocr,2026-06_youtube_ocr.csv,matched,
w081,에반 윌리엄스 12년,에반 윌리엄스 12년 750ml,750,False,79800,KR,트레이더스,동탄점,2026-06-16,youtube_ocr,2026-06_youtube_ocr.csv,matched,
w080,에반 윌리엄스 블랙,에반 윌리엄스 블랙 1L,1000,False,29980,KR,트레이더스,동탄점,2026-06-16,youtube_ocr,2026-06_youtube_ocr.csv,matched,
w074,와일드터키 레어브리드,와일드터키 레어브리드,,False,79800,KR,트레이더스,동탄점,2026-06-16,youtube_ocr,2026-06_youtube_ocr.csv,matched,
w076,이글 레어 10년,이글 레어 10년 750ml,750,False,74800,KR,트레이더스,동탄점,2026-06-16,youtube_ocr,2026-06_youtube_ocr.csv,matched,
w061,제임슨,제임슨 700ml,700,False,27980,KR,트레이더스,동탄점,2026-06-16,youtube_ocr,2026-06_youtube_ocr.csv,matched,
w042,조니워커 그린라벨 15년,조니워커 그린라벨 15년 700ml,700,False,69800,KR,트레이더스,동탄점,2026-06-16,youtube_ocr,2026-06_youtube_ocr.csv,matched,
w050,조니워커 블랙라벨 12년,조니워커 블랙라벨 12년 700ml,700,False,44980,KR,트레이더스,동탄점,2026-06-16,youtube_ocr,2026-06_youtube_ocr.csv,matched,
w065,짐빔 화이트,짐빔 화이트 750ml,750,False,19980,KR,트레이더스,동탄점,2026-06-16,youtube_ocr,2026-06_youtube_ocr.csv,matched,
w130,칼라일,칼라일 1500ml,1500,False,23980,KR,트레이더스,동탄점,2026-06-16,youtube_ocr,2026-06_youtube_ocr.csv,matched,
w058,커티삭 프로히비션,커티삭 프로히비션 1L,1000,False,39980,KR,트레이더스,동탄점,2026-06-16,youtube_ocr,2026-06_youtube_ocr.csv,matched,
w025,클라이넬리시 14년,클라이넬리시 14년 700ml,700,False,84800,KR,트레이더스,동탄점,2026-06-16,youtube_ocr,2026-06_youtube_ocr.csv,matched,
w088,탈리스만 9년 포르투기즈 캐스크,탈리스만 9년 포르투기즈 캐스크,,False,19980,KR,트레이더스,동탄점,2026-06-16,youtube_ocr,2026-06_youtube_ocr.csv,matched,
w032,탈리스커 10년,탈리스커 10년 700ml,700,False,69800,KR,트레이더스,동탄점,2026-06-16,youtube_ocr,2026-06_youtube_ocr.csv,matched,
w089,탈리스커 와일드 블루,탈리스커 와일드 블루,,False,69400,KR,트레이더스,동탄점,2026-06-16,youtube_ocr,2026-06_youtube_ocr.csv,matched,
w030,글렌글라사 포트소이,글렌글라사 포트소이 700ml,700,False,109800,KR,트레이더스,동탄점,2026-06-16,youtube_ocr,2026-06_youtube_ocr.csv,matched,
w003,글렌리벳 17년 스몰배치,글렌리벳 17년 스몰배치,,False,229800,KR,트레이더스,동탄점,2026-06-16,youtube_ocr,2026-06_youtube_ocr.csv,matched,
w004,글렌리벳 19년 스몰배치,글렌리벳 19년 스몰배치,,False,349800,KR,트레이더스,동탄점,2026-06-16,youtube_ocr,2026-06_youtube_ocr.csv,matched,
w024,달모어 2005 빈티지,달모어 2005 빈티지 700ml,700,False,678000,KR,트레이더스,동탄점,2026-06-16,youtube_ocr,2026-06_youtube_ocr.csv,matched,
w059,로얄 살루트 21년,로얄 살루트 21년 700ml,700,False,179800,KR,트레이더스,동탄점,2026-06-16,youtube_ocr,2026-06_youtube_ocr.csv,matched,
w059,로얄 살루트 21년,로얄 살루트 21년 700ml,700,False,209800,KR,트레이더스,동탄점,2026-06-16,youtube_ocr,2026-06_youtube_ocr.csv,matched,
w092,발렌타인 싱글몰트 글렌버기 16년,발렌타인 싱글몰트 글렌버기 16년,,False,169800,KR,트레이더스,동탄점,2026-06-16,youtube_ocr,2026-06_youtube_ocr.csv,matched,
w053,조니워커 블루라벨,조니워커 블루라벨,,False,259800,KR,트레이더스,동탄점,2026-06-16,youtube_ocr,2026-06_youtube_ocr.csv,matched,
w016,탐두 15년,탐두 15년 700ml,700,False,169800,KR,트레이더스,동탄점,2026-06-16,youtube_ocr,2026-06_youtube_ocr.csv,matched,
w079,포 로지스 스몰배치 셀렉트,포 로지스 스몰배치 셀렉트 750ml,750,False,116800,KR,트레이더스,동탄점,2026-06-16,youtube_ocr,2026-06_youtube_ocr.csv,matched,
w070,1792 스몰배치,1792 스몰배치 750ml,750,False,39980,KR,트레이더스,동탄점,2026-06-01,youtube_ocr,2026-06_youtube_ocr.csv,matched,
w064,골든블루 사피루스,골든블루 사피루스,,False,28980,KR,트레이더스,동탄점,2026-06-01,youtube_ocr,2026-06_youtube_ocr.csv,matched,
w029,글렌글라사 샌드엔드,글렌글라사 샌드엔드 700ml,700,False,99800,KR,트레이더스,동탄점,2026-06-01,youtube_ocr,2026-06_youtube_ocr.csv,matched,
w013,글렌그란트 12년,글렌그란트 12년 700ml,700,False,59400,KR,트레이더스,동탄점,2026-06-01,youtube_ocr,2026-06_youtube_ocr.csv,matched,
w014,글렌그란트 15년,글렌그란트 15년 700ml,700,False,89400,KR,트레이더스,동탄점,2026-06-01,youtube_ocr,2026-06_youtube_ocr.csv,matched,
w002,글렌리벳 15년,글렌리벳 15년 700ml,700,False,94800,KR,트레이더스,동탄점,2026-06-01,youtube_ocr,2026-06_youtube_ocr.csv,matched,
w038,글렌킨치 12년,글렌킨치 12년,,False,59800,KR,트레이더스,동탄점,2026-06-01,youtube_ocr,2026-06_youtube_ocr.csv,matched,
w005,글렌피딕 12년,글렌피딕 12년 700ml,700,False,69800,KR,트레이더스,동탄점,2026-06-01,youtube_ocr,2026-06_youtube_ocr.csv,matched,
w006,글렌피딕 14년 버번배럴,글렌피딕 14년 버번배럴 700ml,700,False,99800,KR,트레이더스,동탄점,2026-06-01,youtube_ocr,2026-06_youtube_ocr.csv,matched,
w007,글렌피딕 15년,글렌피딕 15년 700ml,700,False,99800,KR,트레이더스,동탄점,2026-06-01,youtube_ocr,2026-06_youtube_ocr.csv,matched,
w060,노마드 아웃랜드 셰리 피니시,노마드 아웃랜드 셰리 피니시 700ml,700,False,49980,KR,트레이더스,동탄점,2026-06-01,youtube_ocr,2026-06_youtube_ocr.csv,matched,
w023,달모어 12년,달모어 12년 700ml,700,False,99800,KR,트레이더스,동탄점,2026-06-01,youtube_ocr,2026-06_youtube_ocr.csv,matched,
w055,듀어스 12년,듀어스 12년 700ml,700,False,39980,KR,트레이더스,동탄점,2026-06-01,youtube_ocr,2026-06_youtube_ocr.csv,matched,
w036,라가불린 11년 오퍼맨 스위트피트,라가불린 11년 오퍼맨 스위트피트,,False,89800,KR,트레이더스,동탄점,2026-06-01,youtube_ocr,2026-06_youtube_ocr.csv,matched,
w071,메이커스 마크,메이커스 마크 1L,1000,False,49980,KR,트레이더스,동탄점,2026-06-01,youtube_ocr,2026-06_youtube_ocr.csv,matched,
w041,몽키숄더,몽키숄더 700ml,700,False,49980,KR,트레이더스,동탄점,2026-06-01,youtube_ocr,2026-06_youtube_ocr.csv,matched,
w044,발렌타인 10년,발렌타인 10년 700ml,700,False,31980,KR,트레이더스,동탄점,2026-06-01,youtube_ocr,2026-06_youtube_ocr.csv,matched,
w090,발렌타인 17년,발렌타인 17년 700ml,700,False,149800,KR,트레이더스,동탄점,2026-06-01,youtube_ocr,2026-06_youtube_ocr.csv,matched,
w008,발베니 12년 더블우드,발베니 12년 더블우드 700ml,700,False,96800,KR,트레이더스,동탄점,2026-06-01,youtube_ocr,2026-06_youtube_ocr.csv,matched,
w040,뱅크홀 싱글몰트,뱅크홀 싱글몰트 700ml,700,False,29940,KR,트레이더스,동탄점,2026-06-01,youtube_ocr,2026-06_youtube_ocr.csv,matched,
w069,버팔로 트레이스,버팔로 트레이스 1L,1000,False,42980,KR,트레이더스,동탄점,2026-06-01,youtube_ocr,2026-06_youtube_ocr.csv,matched,
w017,벤리악 10년,벤리악 10년 700ml,700,False,49940,KR,트레이더스,동탄점,2026-06-01,youtube_ocr,2026-06_youtube_ocr.csv,matched,
w062,부쉬밀 15년 싱글몰트,부쉬밀 15년 싱글몰트,,False,99800,KR,트레이더스,동탄점,2026-06-01,youtube_ocr,2026-06_youtube_ocr.csv,matched,
w031,아란 셰리 캐스크,아란 셰리 캐스크 700ml,700,False,99800,KR,트레이더스,동탄점,2026-06-01,youtube_ocr,2026-06_youtube_ocr.csv,matched,
w081,에반 윌리엄스 12년,에반 윌리엄스 12년 750ml,750,False,99800,KR,트레이더스,동탄점,2026-06-01,youtube_ocr,2026-06_youtube_ocr.csv,matched,
w111,에반 윌리엄스 BIB,에반 윌리엄스 BIB 1L,1000,False,39980,KR,트레이더스,동탄점,2026-06-01,youtube_ocr,2026-06_youtube_ocr.csv,matched,
w080,에반 윌리엄스 블랙,에반 윌리엄스 블랙 1L,1000,False,29980,KR,트레이더스,동탄점,2026-06-01,youtube_ocr,2026-06_youtube_ocr.csv,matched,
w074,와일드터키 레어브리드,와일드터키 레어브리드 750ml,750,False,79800,KR,트레이더스,동탄점,2026-06-01,youtube_ocr,2026-06_youtube_ocr.csv,matched,
w076,이글 레어 10년,이글 레어 10년 750ml,750,False,69800,KR,트레이더스,동탄점,2026-06-01,youtube_ocr,2026-06_youtube_ocr.csv,matched,
w061,제임슨,제임슨 700ml,700,False,27980,KR,트레이더스,동탄점,2026-06-01,youtube_ocr,2026-06_youtube_ocr.csv,matched,
w042,조니워커 그린라벨 15년,조니워커 그린라벨 15년 700ml,700,False,69800,KR,트레이더스,동탄점,2026-06-01,youtube_ocr,2026-06_youtube_ocr.csv,matched,
w049,조니워커 레드라벨,조니워커 레드라벨 1750ml,1750,False,49940,KR,트레이더스,동탄점,2026-06-01,youtube_ocr,2026-06_youtube_ocr.csv,matched,
w050,조니워커 블랙라벨 12년,조니워커 블랙라벨 12년 700ml,700,False,44980,KR,트레이더스,동탄점,2026-06-01,youtube_ocr,2026-06_youtube_ocr.csv,matched,
w065,짐빔 화이트,짐빔 화이트 750ml,750,False,19980,KR,트레이더스,동탄점,2026-06-01,youtube_ocr,2026-06_youtube_ocr.csv,matched,
w084,카발란 디스틸러리 셀렉트,카발란 디스틸러리 셀렉트 700ml,700,False,69800,KR,트레이더스,동탄점,2026-06-01,youtube_ocr,2026-06_youtube_ocr.csv,matched,
w130,칼라일,칼라일 1500ml,1500,False,23980,KR,트레이더스,동탄점,2026-06-01,youtube_ocr,2026-06_youtube_ocr.csv,matched,
w058,커티삭 프로히비션,커티삭 프로히비션 1L,1000,False,39980,KR,트레이더스,동탄점,2026-06-01,youtube_ocr,2026-06_youtube_ocr.csv,matched,
w025,클라이넬리시 14년,클라이넬리시 14년 700ml,700,False,84800,KR,트레이더스,동탄점,2026-06-01,youtube_ocr,2026-06_youtube_ocr.csv,matched,
w088,탈리스만 9년 포르투기즈 캐스크,탈리스만 9년 포르투기즈 캐스크,,False,25980,KR,트레이더스,동탄점,2026-06-01,youtube_ocr,2026-06_youtube_ocr.csv,matched,
w032,탈리스커 10년,탈리스커 10년,,False,69800,KR,트레이더스,동탄점,2026-06-01,youtube_ocr,2026-06_youtube_ocr.csv,matched,
w030,글렌글라사 포트소이,글렌글라사 포트소이 700ml,700,False,109800,KR,트레이더스,동탄점,2026-06-01,youtube_ocr,2026-06_youtube_ocr.csv,matched,
w024,달모어 2005 빈티지,달모어 2005 빈티지 700ml,700,False,678000,KR,트레이더스,동탄점,2026-06-01,youtube_ocr,2026-06_youtube_ocr.csv,matched,
w059,로얄 살루트 21년,로얄 살루트 21년 700ml,700,False,179800,KR,트레이더스,동탄점,2026-06-01,youtube_ocr,2026-06_youtube_ocr.csv,matched,
w092,발렌타인 싱글몰트 글렌버기 16년,발렌타인 싱글몰트 글렌버기 16년,,False,169800,KR,트레이더스,동탄점,2026-06-01,youtube_ocr,2026-06_youtube_ocr.csv,matched,
w053,조니워커 블루라벨,조니워커 블루라벨 750ml,750,False,259800,KR,트레이더스,동탄점,2026-06-01,youtube_ocr,2026-06_youtube_ocr.csv,matched,
w053,조니워커 블루라벨,조니워커 블루라벨,,False,259800,KR,트레이더스,동탄점,2026-06-01,youtube_ocr,2026-06_youtube_ocr.csv,matched,
w016,탐두 15년,탐두 15년 700ml,700,False,169800,KR,트레이더스,동탄점,2026-06-01,youtube_ocr,2026-06_youtube_ocr.csv,matched,
w079,포 로지스 스몰배치 셀렉트,포 로지스 스몰배치 셀렉트 750ml,750,False,116800,KR,트레이더스,동탄점,2026-06-01,youtube_ocr,2026-06_youtube_ocr.csv,matched,
w070,1792 스몰배치,1792 스몰배치 750ml,750,False,39980,KR,트레이더스,동탄점,2026-06-09,youtube_ocr,2026-06_youtube_ocr.csv,matched,
w029,글렌글라사 샌드엔드,글렌글라사 샌드엔드 700ml,700,False,99800,KR,트레이더스,동탄점,2026-06-09,youtube_ocr,2026-06_youtube_ocr.csv,matched,
w013,글렌그란트 12년,글렌그란트 12년 700ml,700,False,59400,KR,트레이더스,동탄점,2026-06-09,youtube_ocr,2026-06_youtube_ocr.csv,matched,
w038,글렌킨치 12년,글렌킨치 12년 700ml,700,False,59800,KR,트레이더스,동탄점,2026-06-09,youtube_ocr,2026-06_youtube_ocr.csv,matched,
w005,글렌피딕 12년,글렌피딕 12년 700ml,700,False,69800,KR,트레이더스,동탄점,2026-06-09,youtube_ocr,2026-06_youtube_ocr.csv,matched,
w006,글렌피딕 14년 버번배럴,글렌피딕 14년 버번배럴 700ml,700,False,99800,KR,트레이더스,동탄점,2026-06-09,youtube_ocr,2026-06_youtube_ocr.csv,matched,
w007,글렌피딕 15년,글렌피딕 15년 700ml,700,False,99800,KR,트레이더스,동탄점,2026-06-09,youtube_ocr,2026-06_youtube_ocr.csv,matched,
w060,노마드 아웃랜드 셰리 피니시,노마드 아웃랜드 셰리 피니시 700ml,700,False,49980,KR,트레이더스,동탄점,2026-06-09,youtube_ocr,2026-06_youtube_ocr.csv,matched,
w023,달모어 12년,달모어 12년 700ml,700,False,99800,KR,트레이더스,동탄점,2026-06-09,youtube_ocr,2026-06_youtube_ocr.csv,matched,
w056,듀어스 15년,듀어스 15년,,False,59400,KR,트레이더스,동탄점,2026-06-09,youtube_ocr,2026-06_youtube_ocr.csv,matched,
w036,라가불린 11년 오퍼맨 스위트피트,라가불린 11년 오퍼맨 스위트피트 700ml,700,False,89800,KR,트레이더스,동탄점,2026-06-09,youtube_ocr,2026-06_youtube_ocr.csv,matched,
w071,메이커스 마크,메이커스 마크 1L,1000,False,49980,KR,트레이더스,동탄점,2026-06-09,youtube_ocr,2026-06_youtube_ocr.csv,matched,
w041,몽키숄더,몽키숄더 700ml,700,False,49980,KR,트레이더스,동탄점,2026-06-09,youtube_ocr,2026-06_youtube_ocr.csv,matched,
w044,발렌타인 10년,발렌타인 10년 700ml,700,False,31980,KR,트레이더스,동탄점,2026-06-09,youtube_ocr,2026-06_youtube_ocr.csv,matched,
w090,발렌타인 17년,발렌타인 17년 700ml,700,False,149800,KR,트레이더스,동탄점,2026-06-09,youtube_ocr,2026-06_youtube_ocr.csv,matched,
w008,발베니 12년 더블우드,발베니 12년 더블우드 700ml,700,False,96800,KR,트레이더스,동탄점,2026-06-09,youtube_ocr,2026-06_youtube_ocr.csv,matched,
w040,뱅크홀 싱글몰트,뱅크홀 싱글몰트 700ml,700,False,29940,KR,트레이더스,동탄점,2026-06-09,youtube_ocr,2026-06_youtube_ocr.csv,matched,
w069,버팔로 트레이스,버팔로 트레이스 1L,1000,False,49980,KR,트레이더스,동탄점,2026-06-09,youtube_ocr,2026-06_youtube_ocr.csv,matched,
w062,부쉬밀 15년 싱글몰트,부쉬밀 15년 싱글몰트 700ml,700,False,99800,KR,트레이더스,동탄점,2026-06-09,youtube_ocr,2026-06_youtube_ocr.csv,matched,
w031,아란 셰리 캐스크,아란 셰리 캐스크 700ml,700,False,99800,KR,트레이더스,동탄점,2026-06-09,youtube_ocr,2026-06_youtube_ocr.csv,matched,
w080,에반 윌리엄스 블랙,에반 윌리엄스 블랙 1L,1000,False,29980,KR,트레이더스,동탄점,2026-06-09,youtube_ocr,2026-06_youtube_ocr.csv,matched,
w074,와일드터키 레어브리드,와일드터키 레어브리드 750ml,750,False,79800,KR,트레이더스,동탄점,2026-06-09,youtube_ocr,2026-06_youtube_ocr.csv,matched,
w075,와일드터키 켄터키 스피릿 싱글배럴,와일드터키 켄터키 스피릿 싱글배럴,,False,69400,KR,트레이더스,동탄점,2026-06-09,youtube_ocr,2026-06_youtube_ocr.csv,matched,
w076,이글 레어 10년,이글 레어 10년 750ml,750,False,69800,KR,트레이더스,동탄점,2026-06-09,youtube_ocr,2026-06_youtube_ocr.csv,matched,
w061,제임슨,제임슨 700ml,700,False,27980,KR,트레이더스,동탄점,2026-06-09,youtube_ocr,2026-06_youtube_ocr.csv,matched,
w042,조니워커 그린라벨 15년,조니워커 그린라벨 15년 700ml,700,False,69800,KR,트레이더스,동탄점,2026-06-09,youtube_ocr,2026-06_youtube_ocr.csv,matched,
w049,조니워커 레드라벨,조니워커 레드라벨 1750ml,1750,False,49940,KR,트레이더스,동탄점,2026-06-09,youtube_ocr,2026-06_youtube_ocr.csv,matched,
w052,조니워커 블랙 루비,조니워커 블랙 루비 700ml,700,False,54800,KR,트레이더스,동탄점,2026-06-09,youtube_ocr,2026-06_youtube_ocr.csv,matched,
w050,조니워커 블랙라벨 12년,조니워커 블랙라벨 12년 700ml,700,False,44980,KR,트레이더스,동탄점,2026-06-09,youtube_ocr,2026-06_youtube_ocr.csv,matched,
w053,조니워커 블루라벨,조니워커 블루라벨 750ml,750,False,259800,KR,트레이더스,동탄점,2026-06-09,youtube_ocr,2026-06_youtube_ocr.csv,matched,
w065,짐빔 화이트,짐빔 화이트 750ml,750,False,19980,KR,트레이더스,동탄점,2026-06-09,youtube_ocr,2026-06_youtube_ocr.csv,matched,
w084,카발란 디스틸러리 셀렉트,카발란 디스틸러리 셀렉트 700ml,700,False,69800,KR,트레이더스,동탄점,2026-06-09,youtube_ocr,2026-06_youtube_ocr.csv,matched,
w130,칼라일,칼라일 1500ml,1500,False,23980,KR,트레이더스,동탄점,2026-06-09,youtube_ocr,2026-06_youtube_ocr.csv,matched,
w032,탈리스커 10년,탈리스커 10년 700ml,700,False,69800,KR,트레이더스,동탄점,2026-06-09,youtube_ocr,2026-06_youtube_ocr.csv,matched,
w089,탈리스커 와일드 블루,탈리스커 와일드 블루,,False,69400,KR,트레이더스,동탄점,2026-06-09,youtube_ocr,2026-06_youtube_ocr.csv,matched,
w003,글렌리벳 17년 스몰배치,글렌리벳 17년 스몰배치,,False,229800,KR,트레이더스,동탄점,2026-06-09,youtube_ocr,2026-06_youtube_ocr.csv,matched,
w024,달모어 2005 빈티지,달모어 2005 빈티지 700ml,700,False,678000,KR,트레이더스,동탄점,2026-06-09,youtube_ocr,2026-06_youtube_ocr.csv,matched,
w092,발렌타인 싱글몰트 글렌버기 16년,발렌타인 싱글몰트 글렌버기 16년,,False,169800,KR,트레이더스,동탄점,2026-06-09,youtube_ocr,2026-06_youtube_ocr.csv,matched,
w008,발베니 12년 더블우드,발베니 12년 더블우드 750ml,750,False,119800,KR,트레이더스,동탄점,2026-06-09,youtube_ocr,2026-06_youtube_ocr.csv,matched,
w016,탐두 15년,탐두 15년 700ml,700,False,169800,KR,트레이더스,동탄점,2026-06-09,youtube_ocr,2026-06_youtube_ocr.csv,matched,
w079,포 로지스 스몰배치 셀렉트,포 로지스 스몰배치 셀렉트 750ml,750,False,116800,KR,트레이더스,동탄점,2026-06-09,youtube_ocr,2026-06_youtube_ocr.csv,matched,
w006,글렌피딕 14년 버번배럴,글렌피딕 14년 버번배럴,,False,99800,KR,트레이더스,구월점,2026-06-08,youtube_ocr,2026-06_youtube_ocr.csv,matched,
w061,제임슨,제임슨,,False,27980,KR,트레이더스,구월점,2026-06-08,youtube_ocr,2026-06_youtube_ocr.csv,matched,
w059,로얄 살루트 21년,로얄 살루트 21년,,False,225000,KR,우성마트,우성 그린 마트,2026-06-13,youtube_ocr,2026-06_youtube_ocr.csv,matched,
,,몰트락 20년,,False,575000,KR,우성마트,우성 그린 마트,2026-06-13,youtube_ocr,2026-06_youtube_ocr.csv,unmatched,
,,탐나불린 셰리캐스크,,False,39800,KR,우성마트,우성 그린 마트,2026-06-13,youtube_ocr,2026-06_youtube_ocr.csv,unmatched,
,,벤로막 15년,,False,159800,KR,우성마트,우성 그린 마트,2026-06-13,youtube_ocr,2026-06_youtube_ocr.csv,unmatched,
,,보모어 18년,,False,169800,KR,우성마트,우성 그린 마트,2026-06-13,youtube_ocr,2026-06_youtube_ocr.csv,unmatched,
w020,글렌모렌지 12년,글렌모렌지 12년 700ml,700,False,79900,KR,코스트코,,2026-06-01,youtube_ocr,2026-06_youtube_ocr.csv,matched,
w008,발베니 12년 더블우드,발베니 12년 아메리칸 오크 700ml,700,False,115900,KR,코스트코,,2026-06-01,youtube_ocr,2026-06_youtube_ocr.csv,matched,
,,카발란 솔리스트 700ml,700,False,279000,KR,코스트코,,2026-06-01,youtube_ocr,2026-06_youtube_ocr.csv,unmatched,
w020,글렌모렌지 12년,글렌모렌지 12년 700ml,700,False,79900,KR,코스트코,공세점,2026-06-09,youtube_ocr,2026-06_youtube_ocr.csv,matched,
w026,로얄 브라클라 12년,로얄 브라클라 12년 700ml,700,False,103900,KR,코스트코,공세점,2026-06-09,youtube_ocr,2026-06_youtube_ocr.csv,matched,
w071,메이커스 마크,메이커스 마크 750ml,750,False,36990,KR,코스트코,공세점,2026-06-09,youtube_ocr,2026-06_youtube_ocr.csv,matched,
w041,몽키숄더,몽키숄더 700ml,700,False,49790,KR,코스트코,공세점,2026-06-09,youtube_ocr,2026-06_youtube_ocr.csv,matched,
w008,발베니 12년 더블우드,발베니 12년 아메리칸 오크,,False,115900,KR,코스트코,공세점,2026-06-09,youtube_ocr,2026-06_youtube_ocr.csv,matched,
w007,글렌피딕 15년,글렌피딕 15년 700ml,700,False,99800,KR,트레이더스,,2026-06-22,youtube_ocr,2026-06_youtube_ocr.csv,matched,
w030,글렌글라사 포트소이,글렌글라사 포트소이 700ml,700,False,89800,KR,트레이더스,,2026-06-22,youtube_ocr,2026-06_youtube_ocr.csv,matched,
w018,글렌드로낙 12년,글렌드로낙 12년,,False,99800,KR,트레이더스,,2026-06-22,youtube_ocr,2026-06_youtube_ocr.csv,matched,
w074,와일드터키 레어브리드,와일드터키 레어브리드 750ml,750,False,79800,KR,트레이더스,,2026-06-22,youtube_ocr,2026-06_youtube_ocr.csv,matched,
w076,이글 레어 10년,이글 레어 10년 750ml,750,False,74800,KR,트레이더스,,2026-06-22,youtube_ocr,2026-06_youtube_ocr.csv,matched,
w062,부쉬밀 15년 싱글몰트,부쉬밀 15년 싱글몰트 700ml,700,False,99800,KR,트레이더스,,2026-06-22,youtube_ocr,2026-06_youtube_ocr.csv,matched,
w005,글렌피딕 12년,글렌피딕 12년 700ml,700,False,69800,KR,트레이더스,,2026-06-22,youtube_ocr,2026-06_youtube_ocr.csv,matched,
w069,버팔로 트레이스,버팔로 트레이스 1L,1000,False,49980,KR,트레이더스,,2026-06-22,youtube_ocr,2026-06_youtube_ocr.csv,matched,
w056,듀어스 15년,듀어스 15년 700ml,700,False,59400,KR,트레이더스,,2026-06-22,youtube_ocr,2026-06_youtube_ocr.csv,matched,
w049,조니워커 레드라벨,조니워커 레드라벨 700ml,700,False,49940,KR,트레이더스,,2026-06-22,youtube_ocr,2026-06_youtube_ocr.csv,matched,
w064,골든블루 사피루스,골든블루 사피루스,,False,28980,KR,트레이더스,,2026-06-22,youtube_ocr,2026-06_youtube_ocr.csv,matched,
w070,1792 스몰배치,1792 스몰배치 750ml,750,False,44980,KR,트레이더스,,2026-06-30,youtube_ocr,2026-06_youtube_ocr.csv,matched,
w064,골든블루 사피루스,골든블루 사피루스,,False,28980,KR,트레이더스,,2026-06-30,youtube_ocr,2026-06_youtube_ocr.csv,matched,
w013,글렌그란트 12년,글렌그란트 12년 700ml,700,False,59400,KR,트레이더스,,2026-06-30,youtube_ocr,2026-06_youtube_ocr.csv,matched,
w018,글렌드로낙 12년,글렌드로낙 12년 1L,1000,False,99800,KR,트레이더스,,2026-06-30,youtube_ocr,2026-06_youtube_ocr.csv,matched,
w018,글렌드로낙 12년,글렌드로낙 오드 투 더 엠버스 700ml,700,False,99400,KR,트레이더스,,2026-06-30,youtube_ocr,2026-06_youtube_ocr.csv,matched,
w002,글렌리벳 15년,글렌리벳 15년 700ml,700,False,94800,KR,트레이더스,,2026-06-30,youtube_ocr,2026-06_youtube_ocr.csv,matched,
w038,글렌킨치 12년,글렌킨치 12년 700ml,700,False,59800,KR,트레이더스,,2026-06-30,youtube_ocr,2026-06_youtube_ocr.csv,matched,
w005,글렌피딕 12년,글렌피딕 12년 700ml,700,False,69800,KR,트레이더스,,2026-06-30,youtube_ocr,2026-06_youtube_ocr.csv,matched,
w060,노마드 아웃랜드 셰리 피니시,노마드 아웃랜드 셰리 피니시 700ml,700,False,49980,KR,트레이더스,,2026-06-30,youtube_ocr,2026-06_youtube_ocr.csv,matched,
w023,달모어 12년,달모어 12년 700ml,700,False,99800,KR,트레이더스,,2026-06-30,youtube_ocr,2026-06_youtube_ocr.csv,matched,
w055,듀어스 12년,듀어스 12년 700ml,700,False,39980,KR,트레이더스,,2026-06-30,youtube_ocr,2026-06_youtube_ocr.csv,matched,
w056,듀어스 15년,듀어스 15년 700ml,700,False,59400,KR,트레이더스,,2026-06-30,youtube_ocr,2026-06_youtube_ocr.csv,matched,
w036,라가불린 11년 오퍼맨 스위트피트,라가불린 11년 오퍼맨 스위트피트 700ml,700,False,89800,KR,트레이더스,,2026-06-30,youtube_ocr,2026-06_youtube_ocr.csv,matched,
w035,라프로익 10년,라프로익 10년 750ml,750,False,62800,KR,트레이더스,,2026-06-30,youtube_ocr,2026-06_youtube_ocr.csv,matched,
w071,메이커스 마크,메이커스 마크 1L,1000,False,49980,KR,트레이더스,,2026-06-30,youtube_ocr,2026-06_youtube_ocr.csv,matched,
w090,발렌타인 17년,발렌타인 17년 700ml,700,False,149800,KR,트레이더스,,2026-06-30,youtube_ocr,2026-06_youtube_ocr.csv,matched,
w069,버팔로 트레이스,버팔로 트레이스 1L,1000,False,49980,KR,트레이더스,,2026-06-30,youtube_ocr,2026-06_youtube_ocr.csv,matched,
w062,부쉬밀 15년 싱글몰트,부쉬밀 15년 싱글몰트 700ml,700,False,99800,KR,트레이더스,,2026-06-30,youtube_ocr,2026-06_youtube_ocr.csv,matched,
w031,아란 셰리 캐스크,아란 셰리 캐스크 700ml,700,False,99800,KR,트레이더스,,2026-06-30,youtube_ocr,2026-06_youtube_ocr.csv,matched,
w074,와일드터키 레어브리드,와일드터키 레어브리드 750ml,750,False,79800,KR,트레이더스,,2026-06-30,youtube_ocr,2026-06_youtube_ocr.csv,matched,
w076,이글 레어 10년,이글 레어 10년 750ml,750,False,74800,KR,트레이더스,,2026-06-30,youtube_ocr,2026-06_youtube_ocr.csv,matched,
w061,제임슨,제임슨 700ml,700,False,27980,KR,트레이더스,,2026-06-30,youtube_ocr,2026-06_youtube_ocr.csv,matched,
w049,조니워커 레드라벨,조니워커 레드라벨 1750ml,1750,False,49940,KR,트레이더스,,2026-06-30,youtube_ocr,2026-06_youtube_ocr.csv,matched,
w088,탈리스만 9년 포르투기즈 캐스크,탈리스만 9년 포르투기즈 캐스크,,False,19980,KR,트레이더스,,2026-06-30,youtube_ocr,2026-06_youtube_ocr.csv,matched,
w089,탈리스커 와일드 블루,탈리스커 와일드 블루 700ml,700,False,69400,KR,트레이더스,,2026-06-30,youtube_ocr,2026-06_youtube_ocr.csv,matched,
w030,글렌글라사 포트소이,글렌글라사 포트소이 700ml,700,False,109800,KR,트레이더스,,2026-06-30,youtube_ocr,2026-06_youtube_ocr.csv,matched,
w004,글렌리벳 19년 스몰배치,더 글렌리벳 19년,,False,339400,KR,트레이더스,,2026-06-30,youtube_ocr,2026-06_youtube_ocr.csv,matched,
w024,달모어 2005 빈티지,달모어 2005 빈티지 700ml,700,False,678000,KR,트레이더스,,2026-06-30,youtube_ocr,2026-06_youtube_ocr.csv,matched,
w059,로얄 살루트 21년,로얄 살루트 21년 700ml,700,False,179800,KR,트레이더스,,2026-06-30,youtube_ocr,2026-06_youtube_ocr.csv,matched,
w092,발렌타인 싱글몰트 글렌버기 16년,발렌타인 싱글몰트 글렌버기 16년,,False,169800,KR,트레이더스,,2026-06-30,youtube_ocr,2026-06_youtube_ocr.csv,matched,
w105,발베니 16년 프렌치 오크,발베니 16년 프렌치 오크 700ml,700,False,219800,KR,트레이더스,,2026-06-30,youtube_ocr,2026-06_youtube_ocr.csv,matched,
w053,조니워커 블루라벨,조니워커 블루라벨 750ml,750,False,259800,KR,트레이더스,,2026-06-30,youtube_ocr,2026-06_youtube_ocr.csv,matched,
w016,탐두 15년,탐두 15년 700ml,700,False,169800,KR,트레이더스,,2026-06-30,youtube_ocr,2026-06_youtube_ocr.csv,matched,
w079,포 로지스 스몰배치 셀렉트,포 로지스 스몰배치 셀렉트 750ml,750,False,116800,KR,트레이더스,,2026-06-30,youtube_ocr,2026-06_youtube_ocr.csv,matched,
w020,글렌모렌지 12년,글렌모렌지 12년 700ml,700,False,79900,KR,코스트코,,2026-07-03,youtube_ocr,2026-07_youtube_ocr.csv,matched,
w026,로얄 브라클라 12년,로얄 브라클라 12년 700ml,700,False,103900,KR,코스트코,,2026-07-03,youtube_ocr,2026-07_youtube_ocr.csv,matched,
w071,메이커스 마크,메이커스 마크 750ml,750,False,36990,KR,코스트코,,2026-07-03,youtube_ocr,2026-07_youtube_ocr.csv,matched,
w041,몽키숄더,몽키숄더 700ml,700,False,49790,KR,코스트코,,2026-07-03,youtube_ocr,2026-07_youtube_ocr.csv,matched,
w009,발베니 14년 캐리비안 캐스크,발베니 14년 캐리비안 캐스크,,False,134900,KR,코스트코,,2026-07-03,youtube_ocr,2026-07_youtube_ocr.csv,matched,
w070,1792 스몰배치,1792 스몰배치,700,False,59000,KR-DS,이마트 / 트레이더스,,2026-08-15,dailyshot,2026-08_dailyshot.csv,matched,
w083,산토리 가쿠빈,가쿠빈,,False,37900,KR-DS,코스트코 / 트레이더스,,2026-08-15,dailyshot,2026-08_dailyshot.csv,matched,
w063,골든블루 다이아몬드,골든블루 다이아몬드,,False,59000,KR-DS,트레이더스,,2026-08-15,dailyshot,2026-08_dailyshot.csv,matched,
w064,골든블루 사피루스,골든블루 사피루스,330,False,25200,KR-DS,트레이더스,,2026-08-15,dailyshot,2026-08_dailyshot.csv,excluded,sub_500ml
w013,글렌그란트 12년,글렌그란트 12년,,False,59900,KR-DS,트레이더스,,2026-08-15,dailyshot,2026-08_dailyshot.csv,matched,
w014,글렌그란트 15년,글렌그란트 15년,,False,120000,KR-DS,트레이더스,,2026-08-15,dailyshot,2026-08_dailyshot.csv,matched,
w018,글렌드로낙 12년,글렌드로낙 12년,,False,77000,KR-DS,트레이더스,,2026-08-15,dailyshot,2026-08_dailyshot.csv,matched,
w001,글렌리벳 12년,글렌리벳 12년,,False,60900,KR-DS,트레이더스,,2026-08-15,dailyshot,2026-08_dailyshot.csv,matched,
w002,글렌리벳 15년,글렌리벳 15년,,False,89000,KR-DS,코스트코 / 트레이더스,,2026-08-15,dailyshot,2026-08_dailyshot.csv,matched,
w003,글렌리벳 17년 스몰배치,글렌리벳 17년 스몰배치,,False,255000,KR-DS,트레이더스,,2026-08-15,dailyshot,2026-08_dailyshot.csv,matched,
w004,글렌리벳 19년 스몰배치,글렌리벳 19년 스몰배치,,False,380000,KR-DS,트레이더스,,2026-08-15,dailyshot,2026-08_dailyshot.csv,matched,
w020,글렌모렌지 12년,글렌모렌지 12년,,False,92000,KR-DS,코스트코 / 트레이더스,,2026-08-15,dailyshot,2026-08_dailyshot.csv,matched,
w021,글렌모렌지 15년,글렌모렌지 15년,,False,97000,KR-DS,트레이더스,,2026-08-15,dailyshot,2026-08_dailyshot.csv,matched,
w096,글렌알라키 10년 루비 포트,글렌알라키 10년 루비 포트,,False,179100,KR-DS,트레이더스,,2026-08-15,dailyshot,2026-08_dailyshot.csv,matched,
w005,글렌피딕 12년,글렌피딕 12년,700,False,72000,KR-DS,트레이더스,,2026-08-15,dailyshot,2026-08_dailyshot.csv,matched,
w006,글렌피딕 14년 버번배럴,글렌피딕 14년 버번배럴,,False,105000,KR-DS,트레이더스,,2026-08-15,dailyshot,2026-08_dailyshot.csv,matched,
w007,글렌피딕 15년,글렌피딕 15년,,False,104900,KR-DS,코스트코 / 트레이더스,,2026-08-15,dailyshot,2026-08_dailyshot.csv,matched,
w007,글렌피딕 15년,글렌피딕 15년 싱글 몰트 위스키,,False,104900,KR-DS,코스트코,,2026-08-15,dailyshot,2026-08_dailyshot.csv,matched,
w007,글렌피딕 15년,글렌피딕 15년 싱글트 위스키,,False,104900,KR-DS,코스트코,,2026-08-15,dailyshot,2026-08_dailyshot.csv,matched,
w023,달모어 12년,달모어 12년,,False,113000,KR-DS,트레이더스,,2026-08-15,dailyshot,2026-08_dailyshot.csv,matched,
w024,달모어 2005 빈티지,달모어 2005 빈티지,,False,879000,KR-DS,트레이더스,,2026-08-15,dailyshot,2026-08_dailyshot.csv,matched,
w055,듀어스 12년,듀어스 12년,700,False,48000,KR-DS,트레이더스,,2026-08-15,dailyshot,2026-08_dailyshot.csv,matched,
w056,듀어스 15년,듀어스 15년,,False,68000,KR-DS,트레이더스,,2026-08-15,dailyshot,2026-08_dailyshot.csv,matched,
w057,듀어스 18년,듀어스 18년,,False,118000,KR-DS,트레이더스,,2026-08-15,dailyshot,2026-08_dailyshot.csv,matched,
w035,라프로익 10년,라프로익 10년,700,False,92000,KR-DS,이마트 / 트레이더스,,2026-08-15,dailyshot,2026-08_dailyshot.csv,matched,
w102,라프로익 오크 셀렉트,라프로익 오크 셀렉트,,False,48000,KR-DS,이마트,,2026-08-15,dailyshot,2026-08_dailyshot.csv,matched,
w026,로얄 브라클라 12년,로얄 브라클라 12년,,False,89900,KR-DS,코스트코 / 트레이더스,,2026-08-15,dailyshot,2026-08_dailyshot.csv,matched,
w059,로얄 살루트 21년,로얄 살루트 21년,700,False,195000,KR-DS,트레이더스,,2026-08-15,dailyshot,2026-08_dailyshot.csv,matched,
w012,맥캘란 12년 더블캐스크,맥캘란 12년 더블캐스크,,False,109000,KR-DS,코스트코 / 트레이더스,,2026-08-15,dailyshot,2026-08_dailyshot.csv,matched,
w041,몽키숄더,몽키숄더,,False,52000,KR-DS,코스트코 / 트레이더스,,2026-08-15,dailyshot,2026-08_dailyshot.csv,matched,
w044,발렌타인 10년,발렌타인 10년,700,False,48000,KR-DS,트레이더스,,2026-08-15,dailyshot,2026-08_dailyshot.csv,matched,
w090,발렌타인 17년,발렌타인 17년,700,False,147000,KR-DS,코스트코 / 트레이더스,,2026-08-15,dailyshot,2026-08_dailyshot.csv,matched,
w047,발렌타인 21년,발렌타인 21년,,False,184000,KR-DS,코스트코 / 트레이더스,,2026-08-15,dailyshot,2026-08_dailyshot.csv,matched,
w046,발렌타인 싱글몰트 15년,발렌타인 싱글몰트 15년,,False,95000,KR-DS,트레이더스,,2026-08-15,dailyshot,2026-08_dailyshot.csv,matched,
w092,발렌타인 싱글몰트 글렌버기 16년,발렌타인 싱글몰트 글렌버기 16년,,False,398000,KR-DS,트레이더스,,2026-08-15,dailyshot,2026-08_dailyshot.csv,matched,
w043,발렌타인 파이니스트,발렌타인 파이니스트,700,False,24900,KR-DS,트레이더스,,2026-08-15,dailyshot,2026-08_dailyshot.csv,matched,
w008,발베니 12년 더블우드,발베니 12년 더블우드,,False,108000,KR-DS,코스트코 / 트레이더스,,2026-08-15,dailyshot,2026-08_dailyshot.csv,matched,
w008,발베니 12년 더블우드,발베니 12년 싱글트 위스키,,False,108000,KR-DS,코스트코,,2026-08-15,dailyshot,2026-08_dailyshot.csv,matched,
w009,발베니 14년 캐리비안 캐스크,발베니 14년 캐리비안 캐스크,,False,163000,KR-DS,코스트코 / 트레이더스,,2026-08-15,dailyshot,2026-08_dailyshot.csv,matched,
w009,발베니 14년 캐리비안 캐스크,발베니 14년 캐리비안 케스크,,False,163000,KR-DS,트레이더스,,2026-08-15,dailyshot,2026-08_dailyshot.csv,matched,
w105,발베니 16년 프렌치 오크,발베니 16년 프렌치 오크,,False,299000,KR-DS,이마트,,2026-08-15,dailyshot,2026-08_dailyshot.csv,matched,
w069,버팔로 트레이스,버팔로 트레이스,700,False,39000,KR-DS,트레이더스,,2026-08-15,dailyshot,2026-08_dailyshot.csv,matched,
w106,벨즈,벨즈,700,False,19900,KR-DS,코스트코,,2026-08-15,dailyshot,2026-08_dailyshot.csv,matched,
w026,로얄 브라클라 12년,브라클라 12년,,False,89900,KR-DS,코스트코,,2026-08-15,dailyshot,2026-08_dailyshot.csv,matched,
w083,산토리 가쿠빈,산토리 가쿠빈,,False,37900,KR-DS,코스트코 / 트레이더스,,2026-08-15,dailyshot,2026-08_dailyshot.csv,matched,
w048,시바스 리갈 12년,시바스 리갈 12년,,False,54000,KR-DS,코스트코,,2026-08-15,dailyshot,2026-08_dailyshot.csv,matched,
w031,아란 셰리 캐스크,아란 셰리 캐스크,700,False,119000,KR-DS,트레이더스,,2026-08-15,dailyshot,2026-08_dailyshot.csv,matched,
w011,아벨라워 아부나흐,아벨라워 아부나흐,,False,200000,KR-DS,트레이더스,,2026-08-15,dailyshot,2026-08_dailyshot.csv,matched,
w081,에반 윌리엄스 12년,에반 윌리엄스 12년,,False,89000,KR-DS,트레이더스,,2026-08-15,dailyshot,2026-08_dailyshot.csv,matched,
w080,에반 윌리엄스 블랙,에반 윌리엄스 블랙,700,False,26000,KR-DS,이마트 / 트레이더스,,2026-08-15,dailyshot,2026-08_dailyshot.csv,matched,
w019,오반 14년,오반 14년,,False,149000,KR-DS,트레이더스,,2026-08-15,dailyshot,2026-08_dailyshot.csv,matched,
w074,와일드터키 레어브리드,와일드터키 레어브리드,,False,75000,KR-DS,트레이더스,,2026-08-15,dailyshot,2026-08_dailyshot.csv,matched,
w075,와일드터키 켄터키 스피릿 싱글배럴,와일드터키 켄터키 스피릿 싱글배럴,,False,129000,KR-DS,트레이더스,,2026-08-15,dailyshot,2026-08_dailyshot.csv,matched,
w072,우드포드 리저브,우드포드 리저브,700,False,65000,KR-DS,코스트코,,2026-08-15,dailyshot,2026-08_dailyshot.csv,matched,
w076,이글 레어 10년,이글 레어 10년,700,False,77000,KR-DS,트레이더스,,2026-08-15,dailyshot,2026-08_dailyshot.csv,matched,
w068,잭다니엘 라이,잭다니엘 라이,,False,62800,KR-DS,트레이더스,,2026-08-15,dailyshot,2026-08_dailyshot.csv,matched,
w067,잭다니엘 애플,잭다니엘 애플,,False,115000,KR-DS,코스트코 / 트레이더스,,2026-08-15,dailyshot,2026-08_dailyshot.csv,matched,
w091,잭다니엘 허니,잭다니엘 허니,,False,98000,KR-DS,코스트코,,2026-08-15,dailyshot,2026-08_dailyshot.csv,matched,
w067,잭다니엘 애플,잭다니엘스 애플,,False,115000,KR-DS,코스트코 / 트레이더스,,2026-08-15,dailyshot,2026-08_dailyshot.csv,matched,
w061,제임슨,제임슨,1000,False,350000,KR-DS,코스트코 / 트레이더스,,2026-08-15,dailyshot,2026-08_dailyshot.csv,outlier,price_vs_havg(27603)
w051,조니워커 더블블랙,조니워커 더블블랙,700,False,48000,KR-DS,트레이더스,,2026-08-15,dailyshot,2026-08_dailyshot.csv,matched,
w052,조니워커 블랙 루비,조니워커 블랙 루비,,False,52900,KR-DS,트레이더스,,2026-08-15,dailyshot,2026-08_dailyshot.csv,matched,
w053,조니워커 블루라벨,조니워커 블루,700,False,350000,KR-DS,코스트코 / 트레이더스,,2026-08-15,dailyshot,2026-08_dailyshot.csv,matched,
w053,조니워커 블루라벨,조니워커 블루라,,False,690000,KR-DS,트레이더스,,2026-08-15,dailyshot,2026-08_dailyshot.csv,matched,
w053,조니워커 블루라벨,조니워커 블루라벨,,False,690000,KR-DS,코스트코 / 트레이더스,,2026-08-15,dailyshot,2026-08_dailyshot.csv,matched,
w097,주라 18년,주라 18년,,False,142000,KR-DS,트레이더스,,2026-08-15,dailyshot,2026-08_dailyshot.csv,matched,
w065,짐빔 화이트,짐빔 화이트,700,False,19900,KR-DS,이마트 / 코스트코 / 트레이더스,,2026-08-15,dailyshot,2026-08_dailyshot.csv,matched,
w084,카발란 디스틸러리 셀렉트,카발란 디스틸러리 셀렉트,,False,77000,KR-DS,트레이더스,,2026-08-15,dailyshot,2026-08_dailyshot.csv,matched,
w084,카발란 디스틸러리 셀렉트,카발란 디스틸러리 셀렉트 싱글,,False,77000,KR-DS,트레이더스,,2026-08-15,dailyshot,2026-08_dailyshot.csv,matched,
w084,카발란 디스틸러리 셀렉트,카발란 디스틸러리 셀렉트 싱글트,,False,77000,KR-DS,트레이더스,,2026-08-15,dailyshot,2026-08_dailyshot.csv,matched,
w058,커티삭 프로히비션,커티삭 프로히비션,,False,38000,KR-DS,트레이더스,,2026-08-15,dailyshot,2026-08_dailyshot.csv,matched,
w113,코발 밀레,코발 밀레 위스키,,False,99000,KR-DS,이마트,,2026-08-15,dailyshot,2026-08_dailyshot.csv,matched,
w088,탈리스만 9년 포르투기즈 캐스크,탈리스만 9년 포르투기즈 캐스크,,False,32900,KR-DS,트레이더스,,2026-08-15,dailyshot,2026-08_dailyshot.csv,matched,
,,탈리스커,,False,84000,KR-DS,트레이더스,,2026-08-15,dailyshot,2026-08_dailyshot.csv,unmatched,
w032,탈리스커 10년,탈리스커 10년,,False,69000,KR-DS,트레이더스,,2026-08-15,dailyshot,2026-08_dailyshot.csv,matched,
w033,탈리스커 9년,탈리스커 9년,,False,265000,KR-DS,트레이더스,,2026-08-15,dailyshot,2026-08_dailyshot.csv,outlier,price_vs_havg(25980)
w089,탈리스커 와일드 블루,탈리스커 와일드 블루,,False,119000,KR-DS,트레이더스,,2026-08-15,dailyshot,2026-08_dailyshot.csv,matched,
w016,탐두 15년,탐두 15년,,False,209000,KR-DS,트레이더스,,2026-08-15,dailyshot,2026-08_dailyshot.csv,matched,
w093,글렌파클라스 15년,파클라스 15년,,False,138000,KR-DS,트레이더스,,2026-08-15,dailyshot,2026-08_dailyshot.csv,matched,
w079,포 로지스 스몰배치 셀렉트,포 로지스 스몰배치 셀렉트,,False,139900,KR-DS,트레이더스,,2026-08-15,dailyshot,2026-08_dailyshot.csv,matched,
w078,포 로지스 싱글배럴,포 로지스 싱글배럴,,False,88000,KR-DS,트레이더스,,2026-08-15,dailyshot,2026-08_dailyshot.csv,matched,
,,"Tankyu Distillery - Whisky New Make, 63%, 10cl",,False,84179,HK,Caskells(Shopify products.json),,2026-08-10,overseas,2026-08_hk_whisky_poc.csv,unmatched,
,,"Michel Couvreur - CAP A PIE, Whisky, 45%",,False,401766,HK,Caskells(Shopify products.json),,2026-08-10,overseas,2026-08_hk_whisky_poc.csv,unmatched,
,,"Michel Couvreur - The Unique, Whisky, 44%",,False,344369,HK,Caskells(Shopify products.json),,2026-08-10,overseas,2026-08_hk_whisky_poc.csv,unmatched,
,,"Michel Couvreur - Special Vatting, Malt Whisky, 45%",,False,803530,HK,Caskells(Shopify products.json),,2026-08-10,overseas,2026-08_hk_whisky_poc.csv,unmatched,
,,"Michel Couvreur - Overaged Malt, Whisky, 43%",,False,451507,HK,Caskells(Shopify products.json),,2026-08-10,overseas,2026-08_hk_whisky_poc.csv,unmatched,
,,"Michel Couvreur - Candid, Malt Whisky, 49%",,False,558645,HK,Caskells(Shopify products.json),,2026-08-10,overseas,2026-08_hk_whisky_poc.csv,unmatched,
,,"Michel Couvreur -  Pale Single-Single Malt Whisky, 45%",,False,558645,HK,Caskells(Shopify products.json),,2026-08-10,overseas,2026-08_hk_whisky_poc.csv,unmatched,
,,"Michel Couvreur -  Intravagan'za, Whisky, 50%",,False,401766,HK,Caskells(Shopify products.json),,2026-08-10,overseas,2026-08_hk_whisky_poc.csv,unmatched,
,,"Michel Couvreur - Couvreur's Clearach, Edition 2019-2022, 43%",,False,344369,HK,Caskells(Shopify products.json),,2026-08-10,overseas,2026-08_hk_whisky_poc.csv,unmatched,
,,"Hazelburn -  10y, 46%, 70cl",,False,336717,HK,Caskells(Shopify products.json),,2026-08-10,overseas,2026-08_hk_whisky_poc.csv,unmatched,
,,"Kilkerran -  8y, Port Cask Matured, 57.9%",,False,604561,HK,Caskells(Shopify products.json),,2026-08-10,overseas,2026-08_hk_whisky_poc.csv,unmatched,
,,"Springbank - 10y, Sherry Fino Cask Matured 55%, 70cl",,False,1025458,HK,Caskells(Shopify products.json),,2026-08-10,overseas,2026-08_hk_whisky_poc.csv,unmatched,
,,"Springbank - 10y, Local Barley, 55.2%, 70cl",,False,1140247,HK,Caskells(Shopify products.json),,2026-08-10,overseas,2026-08_hk_whisky_poc.csv,unmatched,
,,"Adelphi Selection - Linkwood 14y, 2008, 1st Fill Olo Sherry HHD, 50.9%, 267b",,False,558645,HK,Caskells(Shopify products.json),,2026-08-10,overseas,2026-08_hk_whisky_poc.csv,unmatched,
,,"Macallan - Rare Cask, 2024 Release, 43%",,False,1066783,HK,Caskells(Shopify products.json),,2026-08-10,overseas,2026-08_hk_whisky_poc.csv,unmatched,
,,"Macallan - A Night On Earth in JEREZ, 2024 Release, 43%",,False,370389,HK,Caskells(Shopify products.json),,2026-08-10,overseas,2026-08_hk_whisky_poc.csv,unmatched,
,,"Ardbeg - 19y, 46.2%",,False,1101985,HK,Caskells(Shopify products.json),,2026-08-10,overseas,2026-08_hk_whisky_poc.csv,unmatched,
,,"The First Editions Authors' Series - Littlemill 30y, 1990, 47.8%, 263b",,False,5280341,HK,Caskells(Shopify products.json),,2026-08-10,overseas,2026-08_hk_whisky_poc.csv,unmatched,
w105,발베니 16년 프렌치 오크,"Balvenie - 16y, French Oak, 47.6%",,False,596908,HK,Caskells(Shopify products.json),,2026-08-10,overseas,2026-08_hk_whisky_poc.csv,matched,
,,"Berry's - Craigellachie 13y, 2000, 46%",,False,374980,HK,Caskells(Shopify products.json),,2026-08-10,overseas,2026-08_hk_whisky_poc.csv,unmatched,
,,"Drunken Master - WHITE CAT Secret Speyside, 19y, 44.8%, 300b, Blended Malt (Macallan Sherry+Highland Park)",,False,918320,HK,Caskells(Shopify products.json),,2026-08-10,overseas,2026-08_hk_whisky_poc.csv,unmatched,
,,"Macallan - Classic Cut, 2023 Release, 50.3%",,False,459161,HK,Caskells(Shopify products.json),,2026-08-10,overseas,2026-08_hk_whisky_poc.csv,unmatched,
,,"Macallan - Sherry Oak, 30y, 2023 release, 43%",,False,16376709,HK,Caskells(Shopify products.json),,2026-08-10,overseas,2026-08_hk_whisky_poc.csv,unmatched,
,,"Miyagikyo - 宮城峽 Single Malt Whisky NAS, 45%, 50ml",50,True,45916,HK,Caskells(Shopify products.json),,2026-08-10,overseas,2026-08_hk_whisky_poc.csv,excluded,non_unit
,,"Taketsuru - 竹鶴 Pure Malt Whisky NAS, 43%, 50ml",50,True,45916,HK,Caskells(Shopify products.json),,2026-08-10,overseas,2026-08_hk_whisky_poc.csv,excluded,non_unit
,,"Yoichi - 余市 Single Malt Whisky NAS, 45%, 50ml",50,True,45916,HK,Caskells(Shopify products.json),,2026-08-10,overseas,2026-08_hk_whisky_poc.csv,excluded,non_unit
,,"Yoichi - 余市 Single Malt Whisky 10YO, 45%, 70cl",,False,596908,HK,Caskells(Shopify products.json),,2026-08-10,overseas,2026-08_hk_whisky_poc.csv,unmatched,
,,"Macallan - Double Cask, 30y, 2022 Release, 43%",,False,13154935,HK,Caskells(Shopify products.json),,2026-08-10,overseas,2026-08_hk_whisky_poc.csv,unmatched,
,,Gift Box - Whisky 11oz (Blue),,False,7652,HK,Caskells(Shopify products.json),,2026-08-10,overseas,2026-08_hk_whisky_poc.csv,unmatched,
,,"Ardnamurchan - AD/ Heritage Barley Release 2025, Golden Promise 6y, 59.2%, 70cl, 10000B",,False,336717,HK,Caskells(Shopify products.json),,2026-08-10,overseas,2026-08_hk_whisky_poc.csv,unmatched,
,,"Adelphi Selection - Benrinnes 11y, 2011, 56.2%, 341b",,False,482118,HK,Caskells(Shopify products.json),,2026-08-10,overseas,2026-08_hk_whisky_poc.csv,unmatched,
,,"Macallan - James Bond Diamonds are Forever 55th Anniversary 2025 Release, 18y, 45.5%",,False,2173357,HK,Caskells(Shopify products.json),,2026-08-10,overseas,2026-08_hk_whisky_poc.csv,unmatched,
w170,맥캘란 셰리오크 18년,"Macallan - Sherry Oak, 18y, 2026 release, 43%",,False,1296362,HK,Caskells(Shopify products.json),,2026-08-10,overseas,2026-08_hk_whisky_poc.csv,matched,
w012,맥캘란 12년 더블캐스크,"Macallan - Double Cask, 12y, 2025 release, 40%",,False,267077,HK,Caskells(Shopify products.json),,2026-08-10,overseas,2026-08_hk_whisky_poc.csv,matched,
,,"Adelphi - Private Stock Reserve 8y, Peated blend, 46%, 70cl, 1800B",,False,221928,HK,Caskells(Shopify products.json),,2026-08-10,overseas,2026-08_hk_whisky_poc.csv,unmatched,
,,"Adelphi - Speyside (Glen Elgin) 10y, Single Malt Whisky, 46%,70cl, 1800B",,False,264017,HK,Caskells(Shopify products.json),,2026-08-10,overseas,2026-08_hk_whisky_poc.csv,unmatched,
,,"Adelphi - Islay (Caol Ila) 10y, Single Malt Whisky, 46%,70cl, 1800B",,False,275496,HK,Caskells(Shopify products.json),,2026-08-10,overseas,2026-08_hk_whisky_poc.csv,unmatched,
,,"Adelphi Selection - Ardmore 8y Refill Oloroso Butt, 2016, 59.7%, 632b",,False,401766,HK,Caskells(Shopify products.json),,2026-08-10,overseas,2026-08_hk_whisky_poc.csv,unmatched,
,,"Adelphi Selection - Linkwood 10y Refill Oloroso HHD 2015, 56.4%, 238b",,False,440029,HK,Caskells(Shopify products.json),,2026-08-10,overseas,2026-08_hk_whisky_poc.csv,unmatched,
,,"Adelphi Selection - Dailuaine 12y Refill Oloroso HHD 2013, 53.5%, 265b",,False,455334,HK,Caskells(Shopify products.json),,2026-08-10,overseas,2026-08_hk_whisky_poc.csv,unmatched,
,,"Adelphi Selection - Ben Nevis 11y Refill Oloroso Butt 2013, 59.9%, 624b",,False,566297,HK,Caskells(Shopify products.json),,2026-08-10,overseas,2026-08_hk_whisky_poc.csv,unmatched,
,,"Adelphi Selection - Benrinnes 14y Refill Oloroso HHD 2011, 56.2%, 282b",,False,554818,HK,Caskells(Shopify products.json),,2026-08-10,overseas,2026-08_hk_whisky_poc.csv,unmatched,
,,"Adelphi Selection - Clynelish 9y, Refill Oloroso Butt, 2015-2024, 54.5%, 477b",,False,531861,HK,Caskells(Shopify products.json),,2026-08-10,overseas,2026-08_hk_whisky_poc.csv,unmatched,
,,"Adelphi Selection - Teaninch 16y, Refill Oloroso Sherry Cask, 56.4%, 207b",,False,566297,HK,Caskells(Shopify products.json),,2026-08-10,overseas,2026-08_hk_whisky_poc.csv,unmatched,
,,"Adelphi Selection - Lochranza, Isle of Arran 10y, 1st Fill Bourbon (Peated) 2014, 57.1%, 230b",,False,520381,HK,Caskells(Shopify products.json),,2026-08-10,overseas,2026-08_hk_whisky_poc.csv,unmatched,
,,"Master of Malt -  Linkwood 16y, 56.5%, 70cl, 278B",,False,413245,HK,Caskells(Shopify products.json),,2026-08-10,overseas,2026-08_hk_whisky_poc.csv,unmatched,
,,"Master of Malt - Glenlivet 26y 1998, 55.7%, 70cl, 99B",,False,910668,HK,Caskells(Shopify products.json),,2026-08-10,overseas,2026-08_hk_whisky_poc.csv,unmatched,
,,"Master of Malt -  Dailuaine 9y, 59.1%, 70cl, 320B",,False,275496,HK,Caskells(Shopify products.json),,2026-08-10,overseas,2026-08_hk_whisky_poc.csv,unmatched,
,,"Master of Malt -  Mortlach 12y, 61.6%, 70cl, 300B",,False,340544,HK,Caskells(Shopify products.json),,2026-08-10,overseas,2026-08_hk_whisky_poc.csv,unmatched,
,,"Master of Malt - Ben Nevis 26y 1998, 45.5%, 70cl, 301B",,False,1262691,HK,Caskells(Shopify products.json),,2026-08-10,overseas,2026-08_hk_whisky_poc.csv,unmatched,
,,"Master of Malt - Cambus 34y 1990, 47.2%, Single Grain, 70cl, 259B",,False,834141,HK,Caskells(Shopify products.json),,2026-08-10,overseas,2026-08_hk_whisky_poc.csv,unmatched,
,,"Master of Malt - Bunnahabhain 15y 2009, 50.9%, 70cl, 324B",,False,459161,HK,Caskells(Shopify products.json),,2026-08-10,overseas,2026-08_hk_whisky_poc.csv,unmatched,
,,"Master of Malt - Glen Elgin 16y 2006, 51%, 70cl, 271B",,False,405591,HK,Caskells(Shopify products.json),,2026-08-10,overseas,2026-08_hk_whisky_poc.csv,unmatched,
,,"Master of Malt - Ledaig 23y 1995, 47.4%, 70cl, 188B",,False,841793,HK,Caskells(Shopify products.json),,2026-08-10,overseas,2026-08_hk_whisky_poc.csv,unmatched,
,,"Master of Malt - A Secret Islay Distillery 31y 1990, 47.4%, 70cl, 186B",,False,1446354,HK,Caskells(Shopify products.json),,2026-08-10,overseas,2026-08_hk_whisky_poc.csv,unmatched,
,,"Glenrothes - Glenrothes 15, 43%, 2024 release",,False,298455,HK,Caskells(Shopify products.json),,2026-08-10,overseas,2026-08_hk_whisky_poc.csv,unmatched,
,,"Macallan - A Night On Earth THE FIRST LIGHT, 2025 Release, 43%",,False,374980,HK,Caskells(Shopify products.json),,2026-08-10,overseas,2026-08_hk_whisky_poc.csv,unmatched,
,,"Macallan - Sherry Oak 25y, 43%, 2025 release",,False,7499614,HK,Caskells(Shopify products.json),,2026-08-10,overseas,2026-08_hk_whisky_poc.csv,unmatched,
,,"Glenfarclas - 25y, 43%",,False,757614,HK,Caskells(Shopify products.json),,2026-08-10,overseas,2026-08_hk_whisky_poc.csv,unmatched,
,,"Caskells x Kowloon Spirits – 2026 Year of the Horse, Limited Edition (mini 100ml)",100,True,152288,HK,Caskells(Shopify products.json),,2026-08-10,overseas,2026-08_hk_whisky_poc.csv,excluded,non_unit
,,"Woodrow's - Blended Malt Scotch Whisky, 50%ABV, 700ml",700,False,225755,HK,Caskells(Shopify products.json),,2026-08-10,overseas,2026-08_hk_whisky_poc.csv,unmatched,
,,"GlenDronach - Sherry cask matured, 18y, 46%",,False,566297,HK,Caskells(Shopify products.json),,2026-08-10,overseas,2026-08_hk_whisky_poc.csv,unmatched,
,,"GlenDronach - Sherry cask matured 15y, 46%",,False,420896,HK,Caskells(Shopify products.json),,2026-08-10,overseas,2026-08_hk_whisky_poc.csv,unmatched,
,,"Dalmore - King Alexander III, 40%, 2026 CNY Horse Year Gift Box",,False,645884,HK,Caskells(Shopify products.json),,2026-08-10,overseas,2026-08_hk_whisky_poc.csv,unmatched,
,,"Adelphi Selection - Arran 11y Refill Oloroso HHD Unpeated , 2014, 57.6%, 318b",,False,612213,HK,Caskells(Shopify products.json),,2026-08-10,overseas,2026-08_hk_whisky_poc.csv,unmatched,
,,"Adelphi Selection - Glen Garioch 13y 1st Fill ASB , 2011, 57%, 231b",,False,528034,HK,Caskells(Shopify products.json),,2026-08-10,overseas,2026-08_hk_whisky_poc.csv,unmatched,
,,"Adelphi's - Breath of Speyside 15y (Fully Matured in 1st Fill Oloroso Butt), 2009, 58.1%, 677b",,False,757614,HK,Caskells(Shopify products.json),,2026-08-10,overseas,2026-08_hk_whisky_poc.csv,unmatched,
,,"Ardnamurchan - AD/ Midgie Release 2025, 48%",,False,275496,HK,Caskells(Shopify products.json),,2026-08-10,overseas,2026-08_hk_whisky_poc.csv,unmatched,
,,"Ardnamurchan - AD/ Sauternes Release 2025 (Peated), 50%",,False,336717,HK,Caskells(Shopify products.json),,2026-08-10,overseas,2026-08_hk_whisky_poc.csv,unmatched,
,,"Hibiki - Harmony NAS, 100th Anniversary Edition 2023, 70cl, 43%",,False,1836639,HK,Caskells(Shopify products.json),,2026-08-10,overseas,2026-08_hk_whisky_poc.csv,unmatched,
,,"Berry's - Exceptional casks, North British Distillery, 50 Year Old Single Grain Scotch Whisky",,False,4515074,HK,Caskells(Shopify products.json),,2026-08-10,overseas,2026-08_hk_whisky_poc.csv,unmatched,
w005,글렌피딕 12년,"Glenfiddich - 12y, 40%",,False,149227,HK,Caskells(Shopify products.json),,2026-08-10,overseas,2026-08_hk_whisky_poc.csv,matched,
,,"Yamazaki - 18y, Mizunara Cask 2025 Release, 48%, 70cl",,False,6428240,HK,Caskells(Shopify products.json),,2026-08-10,overseas,2026-08_hk_whisky_poc.csv,unmatched,
,,"Adelphi Selection - Chichibu 7y, 2013, 57.8%, 210b",,False,1067547,HK,Caskells(Shopify products.json),,2026-08-10,overseas,2026-08_hk_whisky_poc.csv,unmatched,
,,"Laphroaig - 30y, 2024 Release, 45.8%,70cl",,False,3015152,HK,Caskells(Shopify products.json),,2026-08-10,overseas,2026-08_hk_whisky_poc.csv,unmatched,
,,"Springbank - 100 proof, 5y, 57.1%, 70cl",,False,470639,HK,Caskells(Shopify products.json),,2026-08-10,overseas,2026-08_hk_whisky_poc.csv,unmatched,
,,"Togouchi - Japanese Blended Whisky, Peated Cask Finish, 40%, 70cl",,False,198969,HK,Caskells(Shopify products.json),,2026-08-10,overseas,2026-08_hk_whisky_poc.csv,unmatched,
,,"Togouchi - Single Malt Japanese  Whisky, 43%, 70cl",,False,336717,HK,Caskells(Shopify products.json),,2026-08-10,overseas,2026-08_hk_whisky_poc.csv,unmatched,
,,"Sakurao - Single Malt Japanese  Whisky, 43%, 70cl",,False,336717,HK,Caskells(Shopify products.json),,2026-08-10,overseas,2026-08_hk_whisky_poc.csv,unmatched,
,,"Shindo - Experimental 01, Single Malt Japanese Whisky, 50%, 70cl",,False,440029,HK,Caskells(Shopify products.json),,2026-08-10,overseas,2026-08_hk_whisky_poc.csv,unmatched,
,,"Mars - Tsunuki Single Malt, 2025 Edition, 49%, 70cl",,False,374980,HK,Caskells(Shopify products.json),,2026-08-10,overseas,2026-08_hk_whisky_poc.csv,unmatched,
,,"Mars - Komagatake Single Malt Japanese Whisky, 45%, 70cl",,False,248712,HK,Caskells(Shopify products.json),,2026-08-10,overseas,2026-08_hk_whisky_poc.csv,unmatched,
,,"Woodrow's - Bunnahabhain 16y, 54.2%",,False,803530,HK,Caskells(Shopify products.json),,2026-08-10,overseas,2026-08_hk_whisky_poc.csv,unmatched,
,,"Macallan - Sherry Oak, 30y, 2022 release, 43%",,False,15297683,HK,Caskells(Shopify products.json),,2026-08-10,overseas,2026-08_hk_whisky_poc.csv,unmatched,
,,"Caskells - Secret Islay 15y, 2009, 50%, 93b, Peated Single Malt Scotch",,False,612213,HK,Caskells(Shopify products.json),,2026-08-10,overseas,2026-08_hk_whisky_poc.csv,unmatched,
,,"Caskells - Auchroisk Speyside 14y, 2011, 50%, 85b, Single Malt Scotch Whisky",,False,459161,HK,Caskells(Shopify products.json),,2026-08-10,overseas,2026-08_hk_whisky_poc.csv,unmatched,
,,"Caskells - Secret Highland 11y, 2014, 50%, 82b, Single Malt Scotch Whisky",,False,382634,HK,Caskells(Shopify products.json),,2026-08-10,overseas,2026-08_hk_whisky_poc.csv,unmatched,
,,"Springbank - 8y, Local Barley, 58.1%, 70cl",,False,994847,HK,Caskells(Shopify products.json),,2026-08-10,overseas,2026-08_hk_whisky_poc.csv,unmatched,
,,"Springbank - 12y, Cask Strength 56.2%, 70cl",,False,688740,HK,Caskells(Shopify products.json),,2026-08-10,overseas,2026-08_hk_whisky_poc.csv,unmatched,
,,"Springbank - 12y, Cask Strength 55.9%, 70cl",,False,688740,HK,Caskells(Shopify products.json),,2026-08-10,overseas,2026-08_hk_whisky_poc.csv,unmatched,
,,"Springbank - 10y, Amontillado Cask Matured 55%, 70cl",,False,1071374,HK,Caskells(Shopify products.json),,2026-08-10,overseas,2026-08_hk_whisky_poc.csv,unmatched,
,,"Springbank - 10y, 46%, 70cl",,False,378807,HK,Caskells(Shopify products.json),,2026-08-10,overseas,2026-08_hk_whisky_poc.csv,unmatched,
,,"Longrow - 100 Proof Peated 57.1%, 70cl",,False,535686,HK,Caskells(Shopify products.json),,2026-08-10,overseas,2026-08_hk_whisky_poc.csv,unmatched,
,,"Hazelburn -  8y, Oloroso Cask Matured, 48.2%, 70cl",,False,596908,HK,Caskells(Shopify products.json),,2026-08-10,overseas,2026-08_hk_whisky_poc.csv,unmatched,
,,"Kilkerran -  8y, Bourbon Cask Matured, 55.6%",,False,413245,HK,Caskells(Shopify products.json),,2026-08-10,overseas,2026-08_hk_whisky_poc.csv,unmatched,
,,"Kilkerran - ""Heavily Peated"" Batch 12, 58.4%, 70cl",,False,329064,HK,Caskells(Shopify products.json),,2026-08-10,overseas,2026-08_hk_whisky_poc.csv,unmatched,
,,"Kilkerran - ""Heavily Peated"" Batch 11, 57.9%, 70cl",,False,329064,HK,Caskells(Shopify products.json),,2026-08-10,overseas,2026-08_hk_whisky_poc.csv,unmatched,
,,"Longrow - 18y, 46%, 70cl",,False,1090504,HK,Caskells(Shopify products.json),,2026-08-10,overseas,2026-08_hk_whisky_poc.csv,unmatched,
,,"Hibiki - Harmony NAS, 100th Anniversary Edition, 43%, 70cl",,False,2402938,HK,Caskells(Shopify products.json),,2026-08-10,overseas,2026-08_hk_whisky_poc.csv,unmatched,
,,"Hibiki - 17y, 43%",,False,2601907,HK,Caskells(Shopify products.json),,2026-08-10,overseas,2026-08_hk_whisky_poc.csv,unmatched,
,,"The Whisky Age - Laphroaig 16y, 2006, 56.9%, 108B ( Whisky Fest Takao 2022 )",,False,987193,HK,Caskells(Shopify products.json),,2026-08-10,overseas,2026-08_hk_whisky_poc.csv,unmatched,
,,"Drunken Master - Ledaig 22y, 1997, 54%, 90B",,False,1025458,HK,Caskells(Shopify products.json),,2026-08-10,overseas,2026-08_hk_whisky_poc.csv,unmatched,
,,"That Boutique-y Whisky Co. - World Whisky Blend, 41.6%",,False,140809,HK,Caskells(Shopify products.json),,2026-08-10,overseas,2026-08_hk_whisky_poc.csv,unmatched,
,,"*PRE-ORDER 預訂* Kowloon Spirits  - Single Malt Whiskey Exclusive Barrel, 750ml",750,False,956584,HK,Caskells(Shopify products.json),,2026-08-10,overseas,2026-08_hk_whisky_poc.csv,unmatched,
,,"Kowloon Spirits - Single Malt Whiskey, 100ml",100,True,61222,HK,Caskells(Shopify products.json),,2026-08-10,overseas,2026-08_hk_whisky_poc.csv,excluded,non_unit
,,"Jura - 15y Sherry cask , 42.8%",,False,321412,HK,Caskells(Shopify products.json),,2026-08-10,overseas,2026-08_hk_whisky_poc.csv,unmatched,
,,"Macallan - Harmony Collection 5, Phoenix Honey Orchid Tea 43.9%",,False,550227,HK,Caskells(Shopify products.json),,2026-08-10,overseas,2026-08_hk_whisky_poc.csv,unmatched,
,,"Macallan - Harmony Collection 4, Vibrant Oak 44.2%",,False,550227,HK,Caskells(Shopify products.json),,2026-08-10,overseas,2026-08_hk_whisky_poc.csv,unmatched,
,,"Macallan - Sherry Oak 12y, 2025 release, 40%",,False,298455,HK,Caskells(Shopify products.json),,2026-08-10,overseas,2026-08_hk_whisky_poc.csv,unmatched,
w035,라프로익 10년,"Laphroaig - 10y, Cask Strength, Batch 14, 58.6%",,False,612213,HK,Caskells(Shopify products.json),,2026-08-10,overseas,2026-08_hk_whisky_poc.csv,outlier,price_vs_havg(69100)
,,"Michel Couvreur - Blossoming Auld Sherried, 46%",,False,1071374,HK,Caskells(Shopify products.json),,2026-08-10,overseas,2026-08_hk_whisky_poc.csv,unmatched,
w102,라프로익 오크 셀렉트,"The Owner's Selection - Islay Single Malt, (Unnameable Laphroaig) 30y, (1993-2024), 48%, 350b",,False,1905515,HK,Caskells(Shopify products.json),,2026-08-10,overseas,2026-08_hk_whisky_poc.csv,outlier,price_vs_havg(69800)
w214,더 글렌리벳 16년,"Glenlivet - 16y, 60.6%, 618b, 1st Fill Sherry Butt , Bottled in 2019",,False,1082853,HK,Caskells(Shopify products.json),,2026-08-10,overseas,2026-08_hk_whisky_poc.csv,matched,
,,"Chieftain's - Lucky Mouse Collection, 30y, 1990-2021, 53.2%, 240b",,False,2291973,HK,Caskells(Shopify products.json),,2026-08-10,overseas,2026-08_hk_whisky_poc.csv,unmatched,
,,"Chieftain's - Lucky Mouse Collection 18y, 2002-2021, 58.6%, 285B",,False,1109637,HK,Caskells(Shopify products.json),,2026-08-10,overseas,2026-08_hk_whisky_poc.csv,unmatched,
,,"Adelphi Selection - Dailuaine 10y, 2015, 57.9%, 311b",,False,596908,HK,Caskells(Shopify products.json),,2026-08-10,overseas,2026-08_hk_whisky_poc.csv,unmatched,
,,"Adelphi Selection - Caol Ila 10y 2014, 55.4%, 310b",,False,612213,HK,Caskells(Shopify products.json),,2026-08-10,overseas,2026-08_hk_whisky_poc.csv,unmatched,
,,"Adelphi Selection - Inchgower 14y, 2010, 57.7%, 542b",,False,642824,HK,Caskells(Shopify products.json),,2026-08-10,overseas,2026-08_hk_whisky_poc.csv,unmatched,
,,"Ardnamurchan - AD/ Madeira Release 2025, 6y, 52%",,False,336717,HK,Caskells(Shopify products.json),,2026-08-10,overseas,2026-08_hk_whisky_poc.csv,unmatched,
,,"Ardnamurchan - AD/ Mezcal Release 2025, 7y, 55%",,False,336717,HK,Caskells(Shopify products.json),,2026-08-10,overseas,2026-08_hk_whisky_poc.csv,unmatched,
,,"Glenfarclas - 185th Anniversary Edition, 46%",,False,531861,HK,Caskells(Shopify products.json),,2026-08-10,overseas,2026-08_hk_whisky_poc.csv,unmatched,
,,"Glenfarclas - 18y, 43%, 1 Litre",,False,489772,HK,Caskells(Shopify products.json),,2026-08-10,overseas,2026-08_hk_whisky_poc.csv,unmatched,
w093,글렌파클라스 15년,"Glenfarclas - 15y, Tasting Pack Set, with 2x 50ml mini (105 Cask Strength & 25y)",50,True,374980,HK,Caskells(Shopify products.json),,2026-08-10,overseas,2026-08_hk_whisky_poc.csv,excluded,non_unit
,,"Ardbeg - Anthology, 15y, V3, 46%",,False,470639,HK,Caskells(Shopify products.json),,2026-08-10,overseas,2026-08_hk_whisky_poc.csv,unmatched,
w023,달모어 12년,"Dalmore - 12y, 40%",,False,221928,HK,Caskells(Shopify products.json),,2026-08-10,overseas,2026-08_hk_whisky_poc.csv,matched,
,,"Glenfiddich - 16y, Aston Martin Formula 1 Limited Edition, Formula One Team, 43%, 70cl",,False,320647,HK,Caskells(Shopify products.json),,2026-08-10,overseas,2026-08_hk_whisky_poc.csv,unmatched,
,,"Ardnamurchan - AD/ Rum Cask Release 2023, 6y, 55%",,False,336717,HK,Caskells(Shopify products.json),,2026-08-10,overseas,2026-08_hk_whisky_poc.csv,unmatched,
,,"Adelphi - The Kincardine, Single Malt Scotch + Indian Whisky 7y, 52.9%, 820b",,False,776746,HK,Caskells(Shopify products.json),,2026-08-10,overseas,2026-08_hk_whisky_poc.csv,unmatched,
,,"GlenDronach - 15y, Revival, 46%",,False,420896,HK,Caskells(Shopify products.json),,2026-08-10,overseas,2026-08_hk_whisky_poc.csv,unmatched,
,,"Woodrow's - Girvan 30y, 53.7%, Single Grain Whisky",,False,1025458,HK,Caskells(Shopify products.json),,2026-08-10,overseas,2026-08_hk_whisky_poc.csv,unmatched,
,,"Ardbeg - Uigeadail , 54.2%",,False,352023,HK,Caskells(Shopify products.json),,2026-08-10,overseas,2026-08_hk_whisky_poc.csv,unmatched,
,,"Dram Mor - Glenturret Distillery, Ruadh Maor ( 1st Fill White Port ), 10y, 58.7%, 308b",,False,612213,HK,Caskells(Shopify products.json),,2026-08-10,overseas,2026-08_hk_whisky_poc.csv,unmatched,
,,"Balvenie - Double Wood, 12y, 40%",,False,237233,HK,Caskells(Shopify products.json),,2026-08-10,overseas,2026-08_hk_whisky_poc.csv,unmatched,
,,"Kilkerran -  8y, Sherry Cask Matured, 57.4%",,False,459161,HK,Caskells(Shopify products.json),,2026-08-10,overseas,2026-08_hk_whisky_poc.csv,unmatched,
,,"Wormtub - Speyside, 10y, 56.1%",,False,325239,HK,Caskells(Shopify products.json),,2026-08-10,overseas,2026-08_hk_whisky_poc.csv,unmatched,
,,"Springbank - 21y (2024 release), 46%",,False,2601907,HK,Caskells(Shopify products.json),,2026-08-10,overseas,2026-08_hk_whisky_poc.csv,unmatched,
,,"Springbank - 18y, 46%",,False,1101985,HK,Caskells(Shopify products.json),,2026-08-10,overseas,2026-08_hk_whisky_poc.csv,unmatched,
,,Longrow - Peated 46%,,False,298455,HK,Caskells(Shopify products.json),,2026-08-10,overseas,2026-08_hk_whisky_poc.csv,unmatched,
,,"Kilkerran - ""Heavily Peated"" Batch 9, 59.2%",,False,329064,HK,Caskells(Shopify products.json),,2026-08-10,overseas,2026-08_hk_whisky_poc.csv,unmatched,
,,"Kilkerran - 16y, 46%",,False,420896,HK,Caskells(Shopify products.json),,2026-08-10,overseas,2026-08_hk_whisky_poc.csv,unmatched,
,,"Kilkerran - 12y, 46%",,False,298455,HK,Caskells(Shopify products.json),,2026-08-10,overseas,2026-08_hk_whisky_poc.csv,unmatched,
,,"Kowloon Spirits - Single Malt Whiskey, 40%, 750ml",750,False,267844,HK,Caskells(Shopify products.json),,2026-08-10,overseas,2026-08_hk_whisky_poc.csv,unmatched,
,,"Caskells - Auchroisk 9y, 2009, 46%, 74b",,False,352023,HK,Caskells(Shopify products.json),,2026-08-10,overseas,2026-08_hk_whisky_poc.csv,unmatched,
,,"The Portuguese - Small Batch Blended Whisky, 48%",,False,221928,HK,Caskells(Shopify products.json),,2026-08-10,overseas,2026-08_hk_whisky_poc.csv,unmatched,
,,"Venakki Woodwork - Portuguese Single Malt, Matured in Madeira Medium Rich Cask N.10, 63.5%",,False,918320,HK,Caskells(Shopify products.json),,2026-08-10,overseas,2026-08_hk_whisky_poc.csv,unmatched,
,,"Venakki Woodwork - Portuguese Single Malt, Matured in Douro Wine STR Cask N.9, 64.8%",,False,841793,HK,Caskells(Shopify products.json),,2026-08-10,overseas,2026-08_hk_whisky_poc.csv,unmatched,
,,"Venakki Woodwork - Portuguese Single Malt, Matured in Brandy Cask N.5, 65.5%",,False,899187,HK,Caskells(Shopify products.json),,2026-08-10,overseas,2026-08_hk_whisky_poc.csv,unmatched,
,,"Venakki Woodwork - Portuguese Single Malt, Matured in 20y Port Tawny Cask N.1, 63.8%",,False,1071374,HK,Caskells(Shopify products.json),,2026-08-10,overseas,2026-08_hk_whisky_poc.csv,unmatched,
,,"Darkness - Speyside Single Malt, 8y, 47.8%",,False,260190,HK,Caskells(Shopify products.json),,2026-08-10,overseas,2026-08_hk_whisky_poc.csv,unmatched,
,,"That Boutique-y Whisky Co. - American Bourbon Whiskey, 10y, 45.8%",,False,340544,HK,Caskells(Shopify products.json),,2026-08-10,overseas,2026-08_hk_whisky_poc.csv,unmatched,
,,"That Boutique-y Whisky Co. - Islay Single Malt, 45.8%",,False,229579,HK,Caskells(Shopify products.json),,2026-08-10,overseas,2026-08_hk_whisky_poc.csv,unmatched,
,,"That Boutique-y Whisky Co. - Irish whiskey, 21y, 45.8%",,False,566297,HK,Caskells(Shopify products.json),,2026-08-10,overseas,2026-08_hk_whisky_poc.csv,unmatched,
,,"That Boutique-y Whisky Co. - English Rye, 8y, 45.8%",,False,229579,HK,Caskells(Shopify products.json),,2026-08-10,overseas,2026-08_hk_whisky_poc.csv,unmatched,
,,"That Boutique-y Whisky Co. - Canadian Corn Whisky, 8y, 45.8%",,False,191317,HK,Caskells(Shopify products.json),,2026-08-10,overseas,2026-08_hk_whisky_poc.csv,unmatched,
,,"That Boutique-y Whisky Co. - Blended Grain, 30y, 45.8%",,False,489772,HK,Caskells(Shopify products.json),,2026-08-10,overseas,2026-08_hk_whisky_poc.csv,unmatched,
,,"That Boutique-y Whisky Co. - Peated HIghland Single Malt, 18y, 45.8%",,False,516556,HK,Caskells(Shopify products.json),,2026-08-10,overseas,2026-08_hk_whisky_poc.csv,unmatched,
,,"That Boutique-y Whisky Co. - Speyside Single Malt, 12y, 45.8%",,False,298455,HK,Caskells(Shopify products.json),,2026-08-10,overseas,2026-08_hk_whisky_poc.csv,unmatched,
,,"Lagavulin - 8y, 48%",,False,260190,HK,Caskells(Shopify products.json),,2026-08-10,overseas,2026-08_hk_whisky_poc.csv,unmatched,
w243,탈리스커 다크 스톰,"Talisker - Storm, Single Malt, 70cl, 45.8%",,False,191317,HK,Caskells(Shopify products.json),,2026-08-10,overseas,2026-08_hk_whisky_poc.csv,matched,
w126,스모크헤드 오리지널,"Smokehead - Extra Rare, 1 Ltr",,False,260190,HK,Caskells(Shopify products.json),,2026-08-10,overseas,2026-08_hk_whisky_poc.csv,outlier,price_vs_havg(76100)
w126,스모크헤드 오리지널,"Smokehead - Unfiltered Islay Single Malt Whisky, 46%",,False,229579,HK,Caskells(Shopify products.json),,2026-08-10,overseas,2026-08_hk_whisky_poc.csv,outlier,price_vs_havg(76100)
,,"Aberfeldy - Single Malt Scotch Whisky 12y, 40%, 75cl",,False,191317,HK,Caskells(Shopify products.json),,2026-08-10,overseas,2026-08_hk_whisky_poc.csv,unmatched,
w027,에버펠디 16년,"Aberfeldy - Single Malt Scotch Whisky 16y, 40%, 70cl",,False,325239,HK,Caskells(Shopify products.json),,2026-08-10,overseas,2026-08_hk_whisky_poc.csv,outlier,price_vs_havg(75800)
,,"Buffalo Trace - Kentucky Straight Bourbon Whiskey, 45%, 75cl",,False,153054,HK,Caskells(Shopify products.json),,2026-08-10,overseas,2026-08_hk_whisky_poc.csv,unmatched,
w018,글렌드로낙 12년,"GlenDronach - 12y, Original, 43%",,False,210449,HK,Caskells(Shopify products.json),,2026-08-10,overseas,2026-08_hk_whisky_poc.csv,matched,
w102,라프로익 오크 셀렉트,"Laphroaig - Select Cask, 40%",,False,225755,HK,Caskells(Shopify products.json),,2026-08-10,overseas,2026-08_hk_whisky_poc.csv,outlier,price_vs_havg(69800)
,,"Adelphi Limited - Mortlach 36y, 1986, 51.4%, 176b",,False,3386305,HK,Caskells(Shopify products.json),,2026-08-10,overseas,2026-08_hk_whisky_poc.csv,unmatched,
,,"Ardbeg - 30y, ""Very Old"", 40% Abv, peated Islay single malt scotch whisky",,False,7576141,HK,Caskells(Shopify products.json),,2026-08-10,overseas,2026-08_hk_whisky_poc.csv,unmatched,
,,"Glenmorangie - The Nectar d'Or, 16y, 46%",,False,325239,HK,Caskells(Shopify products.json),,2026-08-10,overseas,2026-08_hk_whisky_poc.csv,unmatched,
,,"Rare Find - Dailuaine 15y, 55.3%",,False,558645,HK,Caskells(Shopify products.json),,2026-08-10,overseas,2026-08_hk_whisky_poc.csv,unmatched,
,,"Rare Find - Ledaig 12y, 56.5%",,False,727003,HK,Caskells(Shopify products.json),,2026-08-10,overseas,2026-08_hk_whisky_poc.csv,unmatched,
,,"Ardnamurchan - AD/ Sherry Cask Release 2024, 5y, 50%, peated",,False,336717,HK,Caskells(Shopify products.json),,2026-08-10,overseas,2026-08_hk_whisky_poc.csv,unmatched,
,,"Ardnamurchan - AD/ Paul Launois Release 2024, 7y, 57.3%, 3198B",,False,336717,HK,Caskells(Shopify products.json),,2026-08-10,overseas,2026-08_hk_whisky_poc.csv,unmatched,
w016,탐두 15년,"Tamdhu - Speyside Single Malt Scotch Whisky, Aged 15 Years, 46%",,False,440029,HK,Caskells(Shopify products.json),,2026-08-10,overseas,2026-08_hk_whisky_poc.csv,matched,
,,"Tamdhu - Speyside Single Malt Scotch Whisky, Batch Strength 57.5%",,False,336717,HK,Caskells(Shopify products.json),,2026-08-10,overseas,2026-08_hk_whisky_poc.csv,unmatched,
,,"Tamdhu - Speyside Single Malt Scotch Whisky, Aged 12 Years, 43%",,False,225755,HK,Caskells(Shopify products.json),,2026-08-10,overseas,2026-08_hk_whisky_poc.csv,unmatched,
,,Ardnamurchan - AD/10y (10th Anniversary) 50%,,False,336717,HK,Caskells(Shopify products.json),,2026-08-10,overseas,2026-08_hk_whisky_poc.csv,unmatched,
,,"The First Editions - Fettercairn 14y, 2008, 58.1%, 214b",,False,642824,HK,Caskells(Shopify products.json),,2026-08-10,overseas,2026-08_hk_whisky_poc.csv,unmatched,
,,"The First Editions - Auchroisk 25y, 1996, 48%, 541b",,False,1063720,HK,Caskells(Shopify products.json),,2026-08-10,overseas,2026-08_hk_whisky_poc.csv,unmatched,
,,"Murray McDavid - Cask Craft, Tullibardine distillery, Sherry Cask Finish, 44.5%",,False,191317,HK,Caskells(Shopify products.json),,2026-08-10,overseas,2026-08_hk_whisky_poc.csv,unmatched,
,,"Murray McDavid - Cask Craft, Benrinnes Distillery, Port Cask Finish, 44.5%",,False,176011,HK,Caskells(Shopify products.json),,2026-08-10,overseas,2026-08_hk_whisky_poc.csv,unmatched,
,,"Murray McDavid - Cask Craft, Inchgower Distillery, Madeira Cask Finish, 44.5%",,False,176011,HK,Caskells(Shopify products.json),,2026-08-10,overseas,2026-08_hk_whisky_poc.csv,unmatched,
,,"Murray McDavid - Crafted Blend, Rebel's Reserve, 50%, 1658b",,False,229579,HK,Caskells(Shopify products.json),,2026-08-10,overseas,2026-08_hk_whisky_poc.csv,unmatched,
,,"Murray McDavid - Crafted Blend, Half n Half 13y, 2010-2014, Spey Valley Stout Cask Finish, Lowland, 51.5%, 660b",,False,306107,HK,Caskells(Shopify products.json),,2026-08-10,overseas,2026-08_hk_whisky_poc.csv,unmatched,
,,"Murray McDavid - The Vatting, The Speysiders 13y, 2010-2024, blended malt, px cask finish, 54.1%, 1294b",,False,321412,HK,Caskells(Shopify products.json),,2026-08-10,overseas,2026-08_hk_whisky_poc.csv,unmatched,
,,"Murray McDavid - Select Grain, North British 15y, 2009-2024, Islay & Tokaji & Olo finish, 49.5%, 963b",,False,378807,HK,Caskells(Shopify products.json),,2026-08-10,overseas,2026-08_hk_whisky_poc.csv,unmatched,
,,"Murray McDavid - Benchmark, Glentauchers 9y, 2014-2024, st julien wine cask finish, 52.1%, 1326b",,False,355850,HK,Caskells(Shopify products.json),,2026-08-10,overseas,2026-08_hk_whisky_poc.csv,unmatched,
,,"Murray McDavid - Benchmark, Inchgower 15y, 2009-2024, Pacherenc wine cask finish, 53.1%, 1493b",,False,554818,HK,Caskells(Shopify products.json),,2026-08-10,overseas,2026-08_hk_whisky_poc.csv,unmatched,
,,"Murray McDavid - Benchmark, Miltonduff 15y, 2008-2024, OLO PX finish, 53.9%, 1493b",,False,554818,HK,Caskells(Shopify products.json),,2026-08-10,overseas,2026-08_hk_whisky_poc.csv,unmatched,
,,"Murray McDavid - Benchmark, Caol Ila 12y, 2012-2024, wild beer stout cask finish, 52.3%, 1502b, Peated",,False,497423,HK,Caskells(Shopify products.json),,2026-08-10,overseas,2026-08_hk_whisky_poc.csv,unmatched,
,,"Murray McDavid - Benchmark, Aultmore 15y, 2008-2024, PX & OL & Amarone wine cask finish, 51.4%, 1127b",,False,554818,HK,Caskells(Shopify products.json),,2026-08-10,overseas,2026-08_hk_whisky_poc.csv,unmatched,
,,"Murray McDavid - Mission Gold, North British 35y, 1988-2024, ex-islay cask finish, 52.1%, 727b",,False,918320,HK,Caskells(Shopify products.json),,2026-08-10,overseas,2026-08_hk_whisky_poc.csv,unmatched,
,,"Murray McDavid - Mission Gold, Fettercairn 28y, 1995-2024, PX OL Wine finish, 51.2%, 667b",,False,1101985,HK,Caskells(Shopify products.json),,2026-08-10,overseas,2026-08_hk_whisky_poc.csv,unmatched,
,,"The First Editions - Benrinnes 15y, 2007, 55.6%, 277b",,False,631345,HK,Caskells(Shopify products.json),,2026-08-10,overseas,2026-08_hk_whisky_poc.csv,unmatched,
w115,글렌피딕 18년,"Glenfiddich - 18y, 40%",,False,374980,HK,Caskells(Shopify products.json),,2026-08-10,overseas,2026-08_hk_whisky_poc.csv,matched,
,,"Glenfiddich - 15y, 40%",,False,210449,HK,Caskells(Shopify products.json),,2026-08-10,overseas,2026-08_hk_whisky_poc.csv,unmatched,
,,"Woodrow's - Mannochmore 15y, 54.1%",,False,566297,HK,Caskells(Shopify products.json),,2026-08-10,overseas,2026-08_hk_whisky_poc.csv,unmatched,
,,"The First Editions - Royal Brackla 15y, 2007, 56.6%, 162b",,False,543340,HK,Caskells(Shopify products.json),,2026-08-10,overseas,2026-08_hk_whisky_poc.csv,unmatched,
,,"Rare Find - Mortlach 10y, 59.3%",,False,558645,HK,Caskells(Shopify products.json),,2026-08-10,overseas,2026-08_hk_whisky_poc.csv,unmatched,
w023,달모어 12년,"Dalmore - 12y, 40% Sherry",,False,340544,HK,Caskells(Shopify products.json),,2026-08-10,overseas,2026-08_hk_whisky_poc.csv,outlier,price_vs_havg(99800)
,,"Ardbeg - Spectacular, 46%",,False,420896,HK,Caskells(Shopify products.json),,2026-08-10,overseas,2026-08_hk_whisky_poc.csv,unmatched,
,,"Glenmorangie - A Tale of the Forest, 46%",,False,417069,HK,Caskells(Shopify products.json),,2026-08-10,overseas,2026-08_hk_whisky_poc.csv,unmatched,
,,"Glenmorangie - A Tale of Tokyo, 46%",,False,451507,HK,Caskells(Shopify products.json),,2026-08-10,overseas,2026-08_hk_whisky_poc.csv,unmatched,
,,"Mortlach - Special Release 2023, 58%",,False,1071374,HK,Caskells(Shopify products.json),,2026-08-10,overseas,2026-08_hk_whisky_poc.csv,unmatched,
,,"Singleton of Glendullan - Special Release 2023, 14y, 55%",,False,505075,HK,Caskells(Shopify products.json),,2026-08-10,overseas,2026-08_hk_whisky_poc.csv,unmatched,
,,"Glenkinchie - Special Release 2023, 27y, 58.3%",,False,1304780,HK,Caskells(Shopify products.json),,2026-08-10,overseas,2026-08_hk_whisky_poc.csv,unmatched,
,,"Clynelish - Special Release 2023, 10y, 57.5%",,False,619867,HK,Caskells(Shopify products.json),,2026-08-10,overseas,2026-08_hk_whisky_poc.csv,unmatched,
,,"Oban - Special Release 2023, 11y, 58%",,False,557114,HK,Caskells(Shopify products.json),,2026-08-10,overseas,2026-08_hk_whisky_poc.csv,unmatched,
,,"The Maltman - Master Series, Edition 2, Glenrothes 25y, 1989, 48.2%(Brown Box)",,False,12167742,HK,Caskells(Shopify products.json),,2026-08-10,overseas,2026-08_hk_whisky_poc.csv,unmatched,
,,"Rare Find - Glenallachie 14y, 62.3%",,False,642824,HK,Caskells(Shopify products.json),,2026-08-10,overseas,2026-08_hk_whisky_poc.csv,unmatched,
,,"Highland Park - 18y, 43%, Viking Pride, Full-Bodied & Refined, 700ml",700,False,593081,HK,Caskells(Shopify products.json),,2026-08-10,overseas,2026-08_hk_whisky_poc.csv,unmatched,
,,"The First Editions - North British (Single Grain) 33y, 1988, 48.9%, 157b",,False,1109637,HK,Caskells(Shopify products.json),,2026-08-10,overseas,2026-08_hk_whisky_poc.csv,unmatched,
,,"The First Editions - Dailuaine 21y, 2000, 56.3%, 249b",,False,803530,HK,Caskells(Shopify products.json),,2026-08-10,overseas,2026-08_hk_whisky_poc.csv,unmatched,
,,"Glenfiddich - Ultimate, 38y",,False,28238345,HK,Caskells(Shopify products.json),,2026-08-10,overseas,2026-08_hk_whisky_poc.csv,unmatched,
w117,주라 12년 셰리 캐스크,"Jura - 12y Sherry cask , 40%",,False,187490,HK,Caskells(Shopify products.json),,2026-08-10,overseas,2026-08_hk_whisky_poc.csv,matched,
,,"Balvenie - Stories Series ""The Week of Peat"" 14y, 48.3%",,False,505075,HK,Caskells(Shopify products.json),,2026-08-10,overseas,2026-08_hk_whisky_poc.csv,unmatched,
,,"Fettercairn - 16y, 46.4%, 70cl",,False,329064,HK,Caskells(Shopify products.json),,2026-08-10,overseas,2026-08_hk_whisky_poc.csv,unmatched,
,,"Balvenie - Double Wood, 12y, 40%, with Rock Tumbler + Ice Ball Mold",,False,325239,HK,Caskells(Shopify products.json),,2026-08-10,overseas,2026-08_hk_whisky_poc.csv,unmatched,
,,"Nikka - Whisky From The Barrel, 51.4%, 500ml",500,False,191317,HK,Caskells(Shopify products.json),,2026-08-10,overseas,2026-08_hk_whisky_poc.csv,unmatched,
,,"Fettercairn - 18y, 46.8%, 70cl",,False,826487,HK,Caskells(Shopify products.json),,2026-08-10,overseas,2026-08_hk_whisky_poc.csv,unmatched,
,,"Macallan - A Night On Earth in Scotland, 2023 Release, 43%",,False,374980,HK,Caskells(Shopify products.json),,2026-08-10,overseas,2026-08_hk_whisky_poc.csv,unmatched,
,,"The First Editions - Craigellachie 15y, 2007, 56.3%, 561b",,False,681087,HK,Caskells(Shopify products.json),,2026-08-10,overseas,2026-08_hk_whisky_poc.csv,unmatched,
,,"Macallan - Harmony Collection 3, Amber Meadow, 44.2%",,False,681087,HK,Caskells(Shopify products.json),,2026-08-10,overseas,2026-08_hk_whisky_poc.csv,unmatched,
,,"Adelphi Selection - Linkwood 11y, 2011, 59.1%, 255b",,False,573951,HK,Caskells(Shopify products.json),,2026-08-10,overseas,2026-08_hk_whisky_poc.csv,unmatched,
,,"Adelphi Limited - Breath of Speyside 30y, 1992, 50.3%, 194b",,False,2142746,HK,Caskells(Shopify products.json),,2026-08-10,overseas,2026-08_hk_whisky_poc.csv,unmatched,
,,"Ardnamurchan - AD/ Paul Launois Release 2023, 6y, 57.1%, 2676b",,False,405591,HK,Caskells(Shopify products.json),,2026-08-10,overseas,2026-08_hk_whisky_poc.csv,unmatched,
,,"The First Editions - Craigellachie 14y, 2008, 56.8%, 242b",,False,642824,HK,Caskells(Shopify products.json),,2026-08-10,overseas,2026-08_hk_whisky_poc.csv,unmatched,
,,"GlenDronach - 21y Parliament, 48%",,False,757614,HK,Caskells(Shopify products.json),,2026-08-10,overseas,2026-08_hk_whisky_poc.csv,unmatched,
,,"GlenDronach - 1993 Cask#6345, PX Butt, 29y, 54.6%, 622B",,False,3436048,HK,Caskells(Shopify products.json),,2026-08-10,overseas,2026-08_hk_whisky_poc.csv,unmatched,
,,"Maclean's Nose - Blended Scotch Whisky, 46%, 70cl",,False,149227,HK,Caskells(Shopify products.json),,2026-08-10,overseas,2026-08_hk_whisky_poc.csv,unmatched,
,,"The First Editions - Cragganmore 26y, 1995, 54.7%, 590b",,False,1522881,HK,Caskells(Shopify products.json),,2026-08-10,overseas,2026-08_hk_whisky_poc.csv,unmatched,
,,"The First Editions - Ben Nevis 24y, 1996, 57%, 258b",,False,1323911,HK,Caskells(Shopify products.json),,2026-08-10,overseas,2026-08_hk_whisky_poc.csv,unmatched,
,,"Adelphi Selection - Glenrothes 15y, 2007, 59.6%, 389b",,False,547167,HK,Caskells(Shopify products.json),,2026-08-10,overseas,2026-08_hk_whisky_poc.csv,unmatched,
,,"Adelphi's - Breath of the Isles 16y, 2007, 57.4%, 280b",,False,623692,HK,Caskells(Shopify products.json),,2026-08-10,overseas,2026-08_hk_whisky_poc.csv,unmatched,
,,"Edinburgh Whisky - An Islay Distillery 9y, 46.3%",,False,340544,HK,Caskells(Shopify products.json),,2026-08-10,overseas,2026-08_hk_whisky_poc.csv,unmatched,
,,"Edinburgh Whisky - A Highland Distillery 9y, 46.3%",,False,302280,HK,Caskells(Shopify products.json),,2026-08-10,overseas,2026-08_hk_whisky_poc.csv,unmatched,
,,"Rare Find - Highland Blended Malt Scotch 27y, 52.3%",,False,1052242,HK,Caskells(Shopify products.json),,2026-08-10,overseas,2026-08_hk_whisky_poc.csv,unmatched,
,,"Rare Find - Blended Malt Scotch 34y, 54.9%",,False,1905515,HK,Caskells(Shopify products.json),,2026-08-10,overseas,2026-08_hk_whisky_poc.csv,unmatched,
,,"Whisky Row - Blended Malt Scotch, Smooth & Sweet, 46%",,False,149227,HK,Caskells(Shopify products.json),,2026-08-10,overseas,2026-08_hk_whisky_poc.csv,unmatched,
,,"Whisky Row - Blended Malt Scotch, Rich & Spicy, 46%",,False,149227,HK,Caskells(Shopify products.json),,2026-08-10,overseas,2026-08_hk_whisky_poc.csv,unmatched,
,,"Gleann Mor Spirits - Lowland Distillery, 8y, 50%",,False,286974,HK,Caskells(Shopify products.json),,2026-08-10,overseas,2026-08_hk_whisky_poc.csv,unmatched,
,,"Gleann Mor Spirits - Blended Irish Whiskey, 43%",,False,225755,HK,Caskells(Shopify products.json),,2026-08-10,overseas,2026-08_hk_whisky_poc.csv,unmatched,
,,"Firkin Gin - Gin, Rested in Oak Casks, Bourbon, 46%, 70cl",,False,149227,HK,Caskells(Shopify products.json),,2026-08-10,overseas,2026-08_hk_whisky_poc.csv,unmatched,
,,"Gleann Mor Spirits - Bunnahabhain (Peated) , 8y, 50%, 70cl",,False,367328,HK,Caskells(Shopify products.json),,2026-08-10,overseas,2026-08_hk_whisky_poc.csv,unmatched,
,,"Edinburgh Whisky - A Speyside Distillery, 7y, 46.3%",,False,279323,HK,Caskells(Shopify products.json),,2026-08-10,overseas,2026-08_hk_whisky_poc.csv,unmatched,
,,"Macallan - Rare Cask, 2023 Release, 43%",,False,1147899,HK,Caskells(Shopify products.json),,2026-08-10,overseas,2026-08_hk_whisky_poc.csv,unmatched,
,,"Adelphi's - Breath of the Highlands (Blair Athol) 1st Fill Sherry, 12y, 55.2%, 2293b",,False,688740,HK,Caskells(Shopify products.json),,2026-08-10,overseas,2026-08_hk_whisky_poc.csv,unmatched,
,,"Ardnamurchan - AD/09.22, 5y, Cask Strength, 58.4%",,False,336717,HK,Caskells(Shopify products.json),,2026-08-10,overseas,2026-08_hk_whisky_poc.csv,unmatched,
,,"Ardnamurchan - AD/10:22, 5y, Madeira Cask Release, 58.2%, 5781B",,False,336717,HK,Caskells(Shopify products.json),,2026-08-10,overseas,2026-08_hk_whisky_poc.csv,unmatched,
,,"Macallan - Folio 7, 43%, 2022",,False,4974234,HK,Caskells(Shopify products.json),,2026-08-10,overseas,2026-08_hk_whisky_poc.csv,unmatched,
,,"Dram Mor - Single Malt, Macduff 9y, 58%, 722b",,False,554818,HK,Caskells(Shopify products.json),,2026-08-10,overseas,2026-08_hk_whisky_poc.csv,unmatched,
,,"Dram Mor - Tobermory 25y, 50.1%, 218b, Calvados Cask",,False,1434875,HK,Caskells(Shopify products.json),,2026-08-10,overseas,2026-08_hk_whisky_poc.csv,unmatched,
,,"Dram Mor - Single Malt, Secret Orkney (Chateau D'Yquem HHD) 14y, 54.1%, 305b",,False,612213,HK,Caskells(Shopify products.json),,2026-08-10,overseas,2026-08_hk_whisky_poc.csv,unmatched,
,,"Dram Mor - Craigellachie ( Portugese Red Wine ) 9y, 52.1%, 234b",,False,459161,HK,Caskells(Shopify products.json),,2026-08-10,overseas,2026-08_hk_whisky_poc.csv,unmatched,
,,"Dram Mor - Glen Elgin ( 1st Fill Bourbon ) 8y, 56.8%, 244b",,False,382634,HK,Caskells(Shopify products.json),,2026-08-10,overseas,2026-08_hk_whisky_poc.csv,unmatched,
,,"Dram Mor - Glenturret Ruadh Maor ( Peated ) 10y, 57.2%, 268b",,False,681087,HK,Caskells(Shopify products.json),,2026-08-10,overseas,2026-08_hk_whisky_poc.csv,unmatched,
,,"Highland Park - 25y, 46%, 2022 release",,False,2670780,HK,Caskells(Shopify products.json),,2026-08-10,overseas,2026-08_hk_whisky_poc.csv,unmatched,
,,"The First Editions - Glenrothes 23y, 1997, 48.8%, 247b",,False,1140247,HK,Caskells(Shopify products.json),,2026-08-10,overseas,2026-08_hk_whisky_poc.csv,unmatched,
,,"Glenrothes - Quantum, 40y, 43%, 2022",,False,14876785,HK,Caskells(Shopify products.json),,2026-08-10,overseas,2026-08_hk_whisky_poc.csv,unmatched,
,,"Hibiki - 21y, 43%",,False,3359521,HK,Caskells(Shopify products.json),,2026-08-10,overseas,2026-08_hk_whisky_poc.csv,unmatched,
,,"Hepburn's Choice - Dailuaine 13y, 856b",,False,558645,HK,Caskells(Shopify products.json),,2026-08-10,overseas,2026-08_hk_whisky_poc.csv,unmatched,
,,"Concept 8 - Teaninich 8y, 40.8%",,False,286974,HK,Caskells(Shopify products.json),,2026-08-10,overseas,2026-08_hk_whisky_poc.csv,unmatched,
,,"Concept 8 - Dailuaine 8y, 40.8%",,False,286974,HK,Caskells(Shopify products.json),,2026-08-10,overseas,2026-08_hk_whisky_poc.csv,unmatched,
,,"Concept 8 - Blair Athol 8y, 40.8%",,False,286974,HK,Caskells(Shopify products.json),,2026-08-10,overseas,2026-08_hk_whisky_poc.csv,unmatched,
,,"Hibiki - Harmony NAS, Blossom Limited Edition 2022, 700ml, 43%",700,False,1836639,HK,Caskells(Shopify products.json),,2026-08-10,overseas,2026-08_hk_whisky_poc.csv,unmatched,
,,"Laphroaig - 16y, 48%",,False,696392,HK,Caskells(Shopify products.json),,2026-08-10,overseas,2026-08_hk_whisky_poc.csv,unmatched,
w035,라프로익 10년,"Laphroaig - 10y, 43%",,False,252539,HK,Caskells(Shopify products.json),,2026-08-10,overseas,2026-08_hk_whisky_poc.csv,outlier,price_vs_havg(69100)
,,"Hibiki - 12y, 43%",,False,1637671,HK,Caskells(Shopify products.json),,2026-08-10,overseas,2026-08_hk_whisky_poc.csv,unmatched,
,,"Edradour - Straight From The Cask, 11y, 2000, 57.5%, 500ml",500,False,459161,HK,Caskells(Shopify products.json),,2026-08-10,overseas,2026-08_hk_whisky_poc.csv,unmatched,
,,"Dalmore - 25y, 42%",,False,5846638,HK,Caskells(Shopify products.json),,2026-08-10,overseas,2026-08_hk_whisky_poc.csv,unmatched,
,,"Berry's - Glen Keith 18y, 1993, 53.8%",,False,642824,HK,Caskells(Shopify products.json),,2026-08-10,overseas,2026-08_hk_whisky_poc.csv,unmatched,
,,"Adelphi Selection - Mortlach 17y, 2003, 56.6%, 228b",,False,1105810,HK,Caskells(Shopify products.json),,2026-08-10,overseas,2026-08_hk_whisky_poc.csv,unmatched,
w009,발베니 14년 캐리비안 캐스크,"Balvenie - Caribbean Cask 14y, 43%",,False,344369,HK,Caskells(Shopify products.json),,2026-08-10,overseas,2026-08_hk_whisky_poc.csv,matched,
,,"Lagavulin - 10y, 43%",,False,367328,HK,Caskells(Shopify products.json),,2026-08-10,overseas,2026-08_hk_whisky_poc.csv,unmatched,
,,"Macallan - Rare Cask, 2022 Release, 43%",,False,1147899,HK,Caskells(Shopify products.json),,2026-08-10,overseas,2026-08_hk_whisky_poc.csv,unmatched,
w126,스모크헤드 오리지널,"Smokehead - Islay Single Malt Whisky, 43%",,False,221928,HK,Caskells(Shopify products.json),,2026-08-10,overseas,2026-08_hk_whisky_poc.csv,matched,
,,"Macallan - Rare Cask, Black, 48%",,False,1905515,HK,Caskells(Shopify products.json),,2026-08-10,overseas,2026-08_hk_whisky_poc.csv,unmatched,
,,"GlenDronach - Traditional Peated Malt, 48%",,False,336717,HK,Caskells(Shopify products.json),,2026-08-10,overseas,2026-08_hk_whisky_poc.csv,unmatched,
,,"Macallan - A Night On Earth in Scotland, 2021 Release, 40%,",,False,459161,HK,Caskells(Shopify products.json),,2026-08-10,overseas,2026-08_hk_whisky_poc.csv,unmatched,
,,"Macallan - A Night On Earth in Scotland, 2022 Release, 43%",,False,413245,HK,Caskells(Shopify products.json),,2026-08-10,overseas,2026-08_hk_whisky_poc.csv,unmatched,
,,"Mars - Komagatake, Single Cask Asian Exclusive #2122, 62%",,False,899187,HK,Caskells(Shopify products.json),,2026-08-10,overseas,2026-08_hk_whisky_poc.csv,unmatched,
,,"Mars - Iwai, Traditon, Sherry Cask Finish, 40%",,False,267844,HK,Caskells(Shopify products.json),,2026-08-10,overseas,2026-08_hk_whisky_poc.csv,unmatched,
,,"Macallan - Sherry Oak Cask, 12y, 40% ( 50ml )",50,True,49743,HK,Caskells(Shopify products.json),,2026-08-10,overseas,2026-08_hk_whisky_poc.csv,excluded,non_unit
,,"Macallan - Harmony Collection 2, Inspired by Intense Arabica, 44%",,False,719351,HK,Caskells(Shopify products.json),,2026-08-10,overseas,2026-08_hk_whisky_poc.csv,unmatched,
,,"The First Editions - Auchroisk 21y, 1994, 57.6%, 277b",,False,914493,HK,Caskells(Shopify products.json),,2026-08-10,overseas,2026-08_hk_whisky_poc.csv,unmatched,
,,"Alba Collection - Ship in a bottle, 2 shot, 350ml vol",350,False,313760,HK,Caskells(Shopify products.json),,2026-08-10,overseas,2026-08_hk_whisky_poc.csv,excluded,sub_500ml
,,"Adelphi Selection - The Sandebud Fusion (AD & High Coast) 6y, 58.9%, 1170b",,False,673435,HK,Caskells(Shopify products.json),,2026-08-10,overseas,2026-08_hk_whisky_poc.csv,unmatched,
,,"Ardnamurchan - AD/02.22 Cask Strength, 6y, 58.7%, 12886b",,False,336717,HK,Caskells(Shopify products.json),,2026-08-10,overseas,2026-08_hk_whisky_poc.csv,unmatched,
,,"Adelphi Selection - Fascadale Batch 10 Highland Park 14y, 46%",,False,459161,HK,Caskells(Shopify products.json),,2026-08-10,overseas,2026-08_hk_whisky_poc.csv,unmatched,
,,"Adelphi Limited - Bunnahabhain 23y, 1998, 53.5%, 587b, IB Single Malt Scotch Whisky",,False,2035610,HK,Caskells(Shopify products.json),,2026-08-10,overseas,2026-08_hk_whisky_poc.csv,unmatched,
,,"Bruichladdich - Islay Barley 2013, 50%",,False,325239,HK,Caskells(Shopify products.json),,2026-08-10,overseas,2026-08_hk_whisky_poc.csv,unmatched,
,,"The Whisky Agency - Pili Selection, Littlemill 25y",,False,1989694,HK,Caskells(Shopify products.json),,2026-08-10,overseas,2026-08_hk_whisky_poc.csv,unmatched,
,,"The Whisky Agency - Pili Selection, Littlemil 25y, Bunnahabhain 34y (Set)",,False,3749808,HK,Caskells(Shopify products.json),,2026-08-10,overseas,2026-08_hk_whisky_poc.csv,unmatched,
,,"Dalmore - 20y, 40%",,False,1905515,HK,Caskells(Shopify products.json),,2026-08-10,overseas,2026-08_hk_whisky_poc.csv,unmatched,
,,"Adelphi Selection - Glen Garioch 9y, 2011, 58.5%, 462b",,False,440029,HK,Caskells(Shopify products.json),,2026-08-10,overseas,2026-08_hk_whisky_poc.csv,unmatched,
,,"Mortlach - 16y, 43.4%",,False,367328,HK,Caskells(Shopify products.json),,2026-08-10,overseas,2026-08_hk_whisky_poc.csv,unmatched,
,,"Mortlach - 12y, 43.4%",,False,260190,HK,Caskells(Shopify products.json),,2026-08-10,overseas,2026-08_hk_whisky_poc.csv,unmatched,
w170,맥캘란 셰리오크 18년,"Macallan - Sherry Oak, 18y, 2022 release, 43%",,False,1255037,HK,Caskells(Shopify products.json),,2026-08-10,overseas,2026-08_hk_whisky_poc.csv,matched,
w172,로얄 브라클라 21년,"Royal Brackla - 21y, 46%, Sherry Cask Finish",,False,757614,HK,Caskells(Shopify products.json),,2026-08-10,overseas,2026-08_hk_whisky_poc.csv,matched,
,,"Royal Brackla - 18y, 46%, Sherry Cask Finish",,False,531861,HK,Caskells(Shopify products.json),,2026-08-10,overseas,2026-08_hk_whisky_poc.csv,unmatched,
w026,로얄 브라클라 12년,"Royal Brackla - 12y, 46%, Sherry Cask Finish",,False,225755,HK,Caskells(Shopify products.json),,2026-08-10,overseas,2026-08_hk_whisky_poc.csv,matched,
w097,주라 18년,"Jura - 18y, 44%",,False,665781,HK,Caskells(Shopify products.json),,2026-08-10,overseas,2026-08_hk_whisky_poc.csv,outlier,price_vs_havg(79400)
,,"Yoichi - 余市 Single Malt Whisky NAS, 45%, 70cl",,False,229579,HK,Caskells(Shopify products.json),,2026-08-10,overseas,2026-08_hk_whisky_poc.csv,unmatched,
,,"Mars - Iwai, Tradition, 40%",,False,229579,HK,Caskells(Shopify products.json),,2026-08-10,overseas,2026-08_hk_whisky_poc.csv,unmatched,
,,"The First Editions - Tomatin 25y, 1994, 47.9%, 402b",,False,1140247,HK,Caskells(Shopify products.json),,2026-08-10,overseas,2026-08_hk_whisky_poc.csv,unmatched,
,,"The First Editions - Tormore 30y, 46.3%, 1988, 150b",,False,1522881,HK,Caskells(Shopify products.json),,2026-08-10,overseas,2026-08_hk_whisky_poc.csv,unmatched,
,,"Ardnamurchan - AD/07.21:05 Release, 5y, 46.8%",,False,248712,HK,Caskells(Shopify products.json),,2026-08-10,overseas,2026-08_hk_whisky_poc.csv,unmatched,
,,"Ardnamurchan - AD/10.21:06 Release, 5y, 46.8%",,False,248712,HK,Caskells(Shopify products.json),,2026-08-10,overseas,2026-08_hk_whisky_poc.csv,unmatched,
,,"Glenrothes - Glenrothes 25, 43%, 2018",,False,2249884,HK,Caskells(Shopify products.json),,2026-08-10,overseas,2026-08_hk_whisky_poc.csv,unmatched,
,,"Macallan - Harmony Collection 1, Rich Cacao, 44%",,False,757614,HK,Caskells(Shopify products.json),,2026-08-10,overseas,2026-08_hk_whisky_poc.csv,unmatched,
,,"Macallan - Sir Peter Blake, 2020 release, 47.7%",,False,6887401,HK,Caskells(Shopify products.json),,2026-08-10,overseas,2026-08_hk_whisky_poc.csv,unmatched,
,,"Mars - Komagatake 2016, Sherry Hogshead #3365, 60%",,False,1101985,HK,Caskells(Shopify products.json),,2026-08-10,overseas,2026-08_hk_whisky_poc.csv,unmatched,
,,"Bruichladdich - Port Charlotte Heavily Peated 10y, 50%",,False,317585,HK,Caskells(Shopify products.json),,2026-08-10,overseas,2026-08_hk_whisky_poc.csv,unmatched,
,,"Adelphi's - Breath of Isles 14y, 2007, 58.3%, 1020b",,False,581602,HK,Caskells(Shopify products.json),,2026-08-10,overseas,2026-08_hk_whisky_poc.csv,unmatched,
,,"Adelphi's - Breath of Speyside 17y, 2004, 63.3%, 254b",,False,841793,HK,Caskells(Shopify products.json),,2026-08-10,overseas,2026-08_hk_whisky_poc.csv,unmatched,
,,"Adelphi Limited - Glen Grant 28y, 1992, 52.5%, 185b",,False,2027956,HK,Caskells(Shopify products.json),,2026-08-10,overseas,2026-08_hk_whisky_poc.csv,unmatched,
w032,탈리스커 10년,Talisker - 10y,,False,214274,HK,Caskells(Shopify products.json),,2026-08-10,overseas,2026-08_hk_whisky_poc.csv,outlier,price_vs_havg(69950)
,,"Burns Crystal - Tumbler, Skyline The Whisky Trail",,False,107138,HK,Caskells(Shopify products.json),,2026-08-10,overseas,2026-08_hk_whisky_poc.csv,unmatched,
w190,글렌피딕 21년,"Glenfiddich - 21y, Gran Reserva, 40%",,False,849446,HK,Caskells(Shopify products.json),,2026-08-10,overseas,2026-08_hk_whisky_poc.csv,matched,
,,"Singleton - 18y, Cask Strength",,False,727003,HK,Caskells(Shopify products.json),,2026-08-10,overseas,2026-08_hk_whisky_poc.csv,unmatched,
,,"Dalmore - 18y, 43%",,False,872403,HK,Caskells(Shopify products.json),,2026-08-10,overseas,2026-08_hk_whisky_poc.csv,unmatched,
,,"Dalmore - King Alexander III, 40%",,False,642824,HK,Caskells(Shopify products.json),,2026-08-10,overseas,2026-08_hk_whisky_poc.csv,unmatched,
,,"Hakushu - Distiller Reserve, NAS, 43%",,False,355850,HK,Caskells(Shopify products.json),,2026-08-10,overseas,2026-08_hk_whisky_poc.csv,unmatched,
,,"Hakushu - 12y, 43%",,False,642824,HK,Caskells(Shopify products.json),,2026-08-10,overseas,2026-08_hk_whisky_poc.csv,unmatched,
,,"Miyagikyo - 宮城峽 Single Malt Whisky NAS, 45%",,False,229579,HK,Caskells(Shopify products.json),,2026-08-10,overseas,2026-08_hk_whisky_poc.csv,unmatched,
,,"Mars - Iwai, 40%",,False,198969,HK,Caskells(Shopify products.json),,2026-08-10,overseas,2026-08_hk_whisky_poc.csv,unmatched,
,,"Talisker - 18y, 45.8%",,False,711697,HK,Caskells(Shopify products.json),,2026-08-10,overseas,2026-08_hk_whisky_poc.csv,unmatched,
,,"The Maltman - Macallan 25y, 1989, 49.5%, 239b (Red Box)",,False,10713734,HK,Caskells(Shopify products.json),,2026-08-10,overseas,2026-08_hk_whisky_poc.csv,unmatched,
,,"Macallan - Rare Cask 2016 release, 43%",,False,1331564,HK,Caskells(Shopify products.json),,2026-08-10,overseas,2026-08_hk_whisky_poc.csv,unmatched,
,,"Alba Collection - Mini Potstill, with 2 wee GG, 200ml vol",200,True,214274,HK,Caskells(Shopify products.json),,2026-08-10,overseas,2026-08_hk_whisky_poc.csv,excluded,non_unit
,,"Alba Collection - Big Barrel, with 2 wee GG, 350ml vol",350,False,302280,HK,Caskells(Shopify products.json),,2026-08-10,overseas,2026-08_hk_whisky_poc.csv,excluded,sub_500ml
,,"Alba Collection - Globe, mini, 200ml vol",200,True,183663,HK,Caskells(Shopify products.json),,2026-08-10,overseas,2026-08_hk_whisky_poc.csv,excluded,non_unit
,,"Alba Collection - Golfer Man , 350ml vol",350,False,260190,HK,Caskells(Shopify products.json),,2026-08-10,overseas,2026-08_hk_whisky_poc.csv,excluded,sub_500ml
,,"Alba Collection - Card insert tap, 2 shot, 350ml vol",350,False,325239,HK,Caskells(Shopify products.json),,2026-08-10,overseas,2026-08_hk_whisky_poc.csv,excluded,sub_500ml
,,"Alba Collection - Golf Club, 200ml vol",200,True,183663,HK,Caskells(Shopify products.json),,2026-08-10,overseas,2026-08_hk_whisky_poc.csv,excluded,non_unit
,,"Alba Collection - Mini Potstill, 200ml vol",200,True,122443,HK,Caskells(Shopify products.json),,2026-08-10,overseas,2026-08_hk_whisky_poc.csv,excluded,non_unit
,,"Ardbeg - Wee Beastie, 5y, 47.4%",,False,241060,HK,Caskells(Shopify products.json),,2026-08-10,overseas,2026-08_hk_whisky_poc.csv,unmatched,
,,"Ardbeg - Corryvreckan, 57.1%",,False,428550,HK,Caskells(Shopify products.json),,2026-08-10,overseas,2026-08_hk_whisky_poc.csv,unmatched,
,,"Ardbeg - An Oa, 46.6%",,False,298455,HK,Caskells(Shopify products.json),,2026-08-10,overseas,2026-08_hk_whisky_poc.csv,unmatched,
,,"Ardbeg - 10y, 46%",,False,294628,HK,Caskells(Shopify products.json),,2026-08-10,overseas,2026-08_hk_whisky_poc.csv,unmatched,
,,"The Maltman - Master Series, Edition 1, Macallan 25y, 1989, 47.9%, 385b (Cream Box)",,False,10713734,HK,Caskells(Shopify products.json),,2026-08-10,overseas,2026-08_hk_whisky_poc.csv,unmatched,
w176,보모어 18년,"Bowmore - 18y, 43%",,False,470639,HK,Caskells(Shopify products.json),,2026-08-10,overseas,2026-08_hk_whisky_poc.csv,matched,
,,"Hepburn's Choice (NEW) - Craigellachie 11y, 372b",,False,390285,HK,Caskells(Shopify products.json),,2026-08-10,overseas,2026-08_hk_whisky_poc.csv,unmatched,
,,"Sakurao - 3y, Single Cask #5149, 59.6%, (Asia Exclusive)",,False,1270343,HK,Caskells(Shopify products.json),,2026-08-10,overseas,2026-08_hk_whisky_poc.csv,unmatched,
,,"Talisker - 25y, 45.8%",,False,1369827,HK,Caskells(Shopify products.json),,2026-08-10,overseas,2026-08_hk_whisky_poc.csv,unmatched,
,,"Yamazaki - Distiller's Reserve, NAS, 43%",,False,397939,HK,Caskells(Shopify products.json),,2026-08-10,overseas,2026-08_hk_whisky_poc.csv,unmatched,
,,"Yamazaki - 18y, 43%",,False,3053414,HK,Caskells(Shopify products.json),,2026-08-10,overseas,2026-08_hk_whisky_poc.csv,unmatched,
,,"Hibiki - Harmony (NAS), 43%",,False,378807,HK,Caskells(Shopify products.json),,2026-08-10,overseas,2026-08_hk_whisky_poc.csv,unmatched,
,,"Yamazaki - 12y, 50ml, 43%",50,True,95657,HK,Caskells(Shopify products.json),,2026-08-10,overseas,2026-08_hk_whisky_poc.csv,excluded,non_unit
,,"Drunken Master - NeoGeo, 30th Anniversary, SNK Edition 2, Bushmills 16y, 2002, 56.3%",,False,2678434,HK,Caskells(Shopify products.json),,2026-08-10,overseas,2026-08_hk_whisky_poc.csv,unmatched,
,,"Drunken Master - NeoGeo, 30th Anniversary, SNK Edition 3, Cooley 17y, 2002, 55.8%",,False,2678434,HK,Caskells(Shopify products.json),,2026-08-10,overseas,2026-08_hk_whisky_poc.csv,unmatched,
,,"The First Editions Authors' Series - Ardbeg 21y, 1993, 56.4%, Rudyard Kipling",,False,5777765,HK,Caskells(Shopify products.json),,2026-08-10,overseas,2026-08_hk_whisky_poc.csv,unmatched,
,,"The Whisky Agency - Irish Single Malt, XO, 48.4 %",,False,906841,HK,Caskells(Shopify products.json),,2026-08-10,overseas,2026-08_hk_whisky_poc.csv,unmatched,
,,Copper Dog - 40% 70cl,,False,153054,HK,Caskells(Shopify products.json),,2026-08-10,overseas,2026-08_hk_whisky_poc.csv,unmatched,
,,Johnnie Walker - Blue Legendary Eight,,False,1388959,HK,Caskells(Shopify products.json),,2026-08-10,overseas,2026-08_hk_whisky_poc.csv,unmatched,
w207,발베니 21년 포트우드,"Balvenie - Portwood, 21y, 40%",,False,1101985,HK,Caskells(Shopify products.json),,2026-08-10,overseas,2026-08_hk_whisky_poc.csv,matched,
,,"Nikka - Days, 40%",,False,264017,HK,Caskells(Shopify products.json),,2026-08-10,overseas,2026-08_hk_whisky_poc.csv,unmatched,
w158,하이랜드파크 12년,"Highland Park - 12y, 40%, Viking Honour",,False,248712,HK,Caskells(Shopify products.json),,2026-08-10,overseas,2026-08_hk_whisky_poc.csv,matched,
,,"Macallan - Triple Cask, 12y, 2018 release, 40%",,False,252539,HK,Caskells(Shopify products.json),,2026-08-10,overseas,2026-08_hk_whisky_poc.csv,unmatched,
w012,맥캘란 12년 더블캐스크,"Macallan - Double Cask, 12y, 2018 release, 40%",,False,260190,HK,Caskells(Shopify products.json),,2026-08-10,overseas,2026-08_hk_whisky_poc.csv,matched,
,,"Highland Park - 21y, 46%, 2020 Release",,False,1255037,HK,Caskells(Shopify products.json),,2026-08-10,overseas,2026-08_hk_whisky_poc.csv,unmatched,
,,"Highland Park - 18y, 43%, Viking Pride",,False,711697,HK,Caskells(Shopify products.json),,2026-08-10,overseas,2026-08_hk_whisky_poc.csv,unmatched,
,,"Highland Park - 15y, 44%, Viking Heart, with Leather Bag",,False,453420,HK,Caskells(Shopify products.json),,2026-08-10,overseas,2026-08_hk_whisky_poc.csv,unmatched,
,,"Laphroaig - 28y, Limited Edition, 44.4%",,False,3015152,HK,Caskells(Shopify products.json),,2026-08-10,overseas,2026-08_hk_whisky_poc.csv,unmatched,
,,"Nikka - Tailored, Premium Blended Whisky",,False,459161,HK,Caskells(Shopify products.json),,2026-08-10,overseas,2026-08_hk_whisky_poc.csv,unmatched,
,,"Mars - Komagatake, Tsunuki Aging, 2020 Release, 54%",,False,566297,HK,Caskells(Shopify products.json),,2026-08-10,overseas,2026-08_hk_whisky_poc.csv,unmatched,
,,"The First Editions - Bowmore 23y, 48%, 1996, 116b",,False,1427222,HK,Caskells(Shopify products.json),,2026-08-10,overseas,2026-08_hk_whisky_poc.csv,unmatched,
,,"Laphroaig - 25y, 2016, Edition, 48.6%",,False,2219273,HK,Caskells(Shopify products.json),,2026-08-10,overseas,2026-08_hk_whisky_poc.csv,unmatched,
,,"Laphroaig - Quarter Cask, 48%",,False,302280,HK,Caskells(Shopify products.json),,2026-08-10,overseas,2026-08_hk_whisky_poc.csv,unmatched,
,,"Lagavulin - 16y, 43%",,False,374980,HK,Caskells(Shopify products.json),,2026-08-10,overseas,2026-08_hk_whisky_poc.csv,unmatched,
,,"Taketsuru - 竹鶴 Pure Malt Whisky 17YO, 43%, 70cl",,False,1675933,HK,Caskells(Shopify products.json),,2026-08-10,overseas,2026-08_hk_whisky_poc.csv,unmatched,
,,Hakushu - 18y,,False,2479463,HK,Caskells(Shopify products.json),,2026-08-10,overseas,2026-08_hk_whisky_poc.csv,unmatched,
,,"John Walker & Sons - Private Collection 2017, 46.8%",,False,3550838,HK,Caskells(Shopify products.json),,2026-08-10,overseas,2026-08_hk_whisky_poc.csv,unmatched,
,,"Johnnie Walker - Blue Label, 40%, 75cl",,False,573951,HK,Caskells(Shopify products.json),,2026-08-10,overseas,2026-08_hk_whisky_poc.csv,unmatched,
,,"Taketsuru - 竹鶴  Pure Malt Whisky 21YO, 43%, 70cl",,False,2295800,HK,Caskells(Shopify products.json),,2026-08-10,overseas,2026-08_hk_whisky_poc.csv,unmatched,
,,"Yamazaki - 12y, 43%",,False,719351,HK,Caskells(Shopify products.json),,2026-08-10,overseas,2026-08_hk_whisky_poc.csv,unmatched,
w025,클라이넬리시 14년,"Clynelish - 14y, 46%",,False,252539,HK,Caskells(Shopify products.json),,2026-08-10,overseas,2026-08_hk_whisky_poc.csv,outlier,price_vs_havg(83450)
,,"Dalmore - 15y, 40%",,False,374980,HK,Caskells(Shopify products.json),,2026-08-10,overseas,2026-08_hk_whisky_poc.csv,unmatched,
,,"Bowmore - 25y, 43%",,False,2257538,HK,Caskells(Shopify products.json),,2026-08-10,overseas,2026-08_hk_whisky_poc.csv,unmatched,
,,"Bowmore - 15y, 43%",,False,378807,HK,Caskells(Shopify products.json),,2026-08-10,overseas,2026-08_hk_whisky_poc.csv,unmatched,
,,"Bowmore - 12y, 40%",,False,164533,HK,Caskells(Shopify products.json),,2026-08-10,overseas,2026-08_hk_whisky_poc.csv,unmatched,
,,"Berry's - Linkwood 19y, 1993, 46%",,False,681087,HK,Caskells(Shopify products.json),,2026-08-10,overseas,2026-08_hk_whisky_poc.csv,unmatched,
,,"Berry's - Glenlivet 39y, 1974, 56%",,False,3635016,HK,Caskells(Shopify products.json),,2026-08-10,overseas,2026-08_hk_whisky_poc.csv,unmatched,
,,"Berry's - Exceptional Casks, Caol lla 33y, 1981, 46%",,False,7576141,HK,Caskells(Shopify products.json),,2026-08-10,overseas,2026-08_hk_whisky_poc.csv,unmatched,
,,"Berry's - Exceptional Casks, Bunnahabhain 28y, 1987, 49.4%, Cask #2483",,False,3367174,HK,Caskells(Shopify products.json),,2026-08-10,overseas,2026-08_hk_whisky_poc.csv,unmatched,
,,"Berry's - Bowmore 11y, 2001, 46%",,False,478291,HK,Caskells(Shopify products.json),,2026-08-10,overseas,2026-08_hk_whisky_poc.csv,unmatched,
,,"Berry's - Blair Athol 23y, 1989, 46%",,False,727003,HK,Caskells(Shopify products.json),,2026-08-10,overseas,2026-08_hk_whisky_poc.csv,unmatched,
,,"Berry's - Arran 16y, 1997, 46%",,False,520381,HK,Caskells(Shopify products.json),,2026-08-10,overseas,2026-08_hk_whisky_poc.csv,unmatched,
,,"Drunken Master - NeoGeo, 30th Anniversary, SNK Edition 1, Edradour 10y, 2009, 57.4%",,False,2678434,HK,Caskells(Shopify products.json),,2026-08-10,overseas,2026-08_hk_whisky_poc.csv,unmatched,
,,"Ardnamurchan - AD/04.21:03 Release, 5y, 46.8%",,False,248712,HK,Caskells(Shopify products.json),,2026-08-10,overseas,2026-08_hk_whisky_poc.csv,unmatched,
,,"Ardnamurchan - AD/01.21:01 Release, 5y, 46.8%",,False,248712,HK,Caskells(Shopify products.json),,2026-08-10,overseas,2026-08_hk_whisky_poc.csv,unmatched,
,,Ardnamurchan - First AD Tasting Pack,,False,172185,HK,Caskells(Shopify products.json),,2026-08-10,overseas,2026-08_hk_whisky_poc.csv,unmatched,
,,"The First Editions - Glen Keith 28y, 1993, 56.4%, 149b",,False,1675933,HK,Caskells(Shopify products.json),,2026-08-10,overseas,2026-08_hk_whisky_poc.csv,unmatched,
,,"The First Editions - Tamnavulin 27y, 47.6%, 1991, 255b",,False,1193815,HK,Caskells(Shopify products.json),,2026-08-10,overseas,2026-08_hk_whisky_poc.csv,unmatched,
,,"The First Editions - Royal Lochnagar 19y, 55.5%, 2000, 384b",,False,757614,HK,Caskells(Shopify products.json),,2026-08-10,overseas,2026-08_hk_whisky_poc.csv,unmatched,
,,"The First Editions - Macduff 21y, 1997, 54.4%, 288b",,False,948931,HK,Caskells(Shopify products.json),,2026-08-10,overseas,2026-08_hk_whisky_poc.csv,unmatched,
,,"The First Editions - Glen Keith 26y, 1993, 56.7%, 162b",,False,1052242,HK,Caskells(Shopify products.json),,2026-08-10,overseas,2026-08_hk_whisky_poc.csv,unmatched,
,,"The First Editions - Bruichladdich 28y, 50.7%, 1991, 295b",,False,1909340,HK,Caskells(Shopify products.json),,2026-08-10,overseas,2026-08_hk_whisky_poc.csv,unmatched,
,,"Adelphi Selection - Glen Keith, 23y, 1995, 60.5%, 137b",,False,1331564,HK,Caskells(Shopify products.json),,2026-08-10,overseas,2026-08_hk_whisky_poc.csv,unmatched,
,,"Adelphi Limited - Glen Grant 22y, 1985, 62.1%, 64b, IB Single Malt Scotch Whisky",,False,1645323,HK,Caskells(Shopify products.json),,2026-08-10,overseas,2026-08_hk_whisky_poc.csv,unmatched,
,,"Adelphi Limited - Benrinnes 33y, 1984, 57.3%, 395b",,False,2621039,HK,Caskells(Shopify products.json),,2026-08-10,overseas,2026-08_hk_whisky_poc.csv,unmatched,
w276,올트모어 18년,"Adelphi Selection - Aultmore 18y, 2000, 55% , 480b",,False,941279,HK,Caskells(Shopify products.json),,2026-08-10,overseas,2026-08_hk_whisky_poc.csv,matched,
,,"Adelphi Limited - Teaninich 34y, 1983, 44%, 190b",,False,2295800,HK,Caskells(Shopify products.json),,2026-08-10,overseas,2026-08_hk_whisky_poc.csv,unmatched,
,,"Adelphi Limited - Mortlach 25y, 1993, 56.1%, 385b",,False,1874904,HK,Caskells(Shopify products.json),,2026-08-10,overseas,2026-08_hk_whisky_poc.csv,unmatched,
,,"Adelphi Limited - Miltonduff 36y, 1981, 51.8%, 138b",,False,2487117,HK,Caskells(Shopify products.json),,2026-08-10,overseas,2026-08_hk_whisky_poc.csv,unmatched,
,,"Adelphi - Loyal Old Mature Private Stock, Blended Scotch Whisky, 40%, 70cl",,False,126268,HK,Caskells(Shopify products.json),,2026-08-10,overseas,2026-08_hk_whisky_poc.csv,unmatched,
w033,탈리스커 9년,"Hepburn's Choice (NEW) - Talisker 9y, 2011, 46%, 903b",,False,505075,HK,Caskells(Shopify products.json),,2026-08-10,overseas,2026-08_hk_whisky_poc.csv,outlier,price_vs_havg(25980)
,,"Hepburn's Choice (NEW) - Caol ila 10y, 2010, 46%, 639b",,False,505075,HK,Caskells(Shopify products.json),,2026-08-10,overseas,2026-08_hk_whisky_poc.csv,unmatched,
,,"Hepburn's Choice (NEW) - Miltonduff 10y, 257b",,False,352023,HK,Caskells(Shopify products.json),,2026-08-10,overseas,2026-08_hk_whisky_poc.csv,unmatched,
,,"Hepburn's Choice (NEW) - Caol Ila 9y, 797b, Sherry Cask",,False,455334,HK,Caskells(Shopify products.json),,2026-08-10,overseas,2026-08_hk_whisky_poc.csv,unmatched,
,,"Hepburn's Choice (NEW) - Caol Ila 9y, 388b, Wine cask",,False,451507,HK,Caskells(Shopify products.json),,2026-08-10,overseas,2026-08_hk_whisky_poc.csv,unmatched,
,,"Hepburn's Choice (NEW) - Blair Athol 10y, 183b",,False,352023,HK,Caskells(Shopify products.json),,2026-08-10,overseas,2026-08_hk_whisky_poc.csv,unmatched,
,,"Hepburn's Choice (NEW) - Benrinnes 9y, 351b",,False,325239,HK,Caskells(Shopify products.json),,2026-08-10,overseas,2026-08_hk_whisky_poc.csv,unmatched,
w081,에반 윌리엄스 12년,에반 윌리엄스 12년,750,False,99800,KR,트레이더스,,2026-05-27,youtube_martweb,2026-05_whiskeypick_traders_guwol.csv,matched,
w015,글렌그란트 익스플로레이션 No.1,더 글렌 그란트 익스플로레이션 넘버 1,700,False,99800,KR,트레이더스,,2026-05-27,youtube_martweb,2026-05_whiskeypick_traders_guwol.csv,matched,
w085,글렌드로낙 오드 투 더 밸리,더 글렌드로 오드투더 밸리,700,False,89400,KR,트레이더스,,2026-05-27,youtube_martweb,2026-05_whiskeypick_traders_guwol.csv,matched,
w086,글렌드로낙 오드 투 더 엠버스,더 글렌드로 오드 to투더 엠버스,700,False,99400,KR,트레이더스,,2026-05-27,youtube_martweb,2026-05_whiskeypick_traders_guwol.csv,matched,
w023,달모어 12년,달모어 12년,700,False,99800,KR,트레이더스,,2026-05-27,youtube_martweb,2026-05_whiskeypick_traders_guwol.csv,matched,
w008,발베니 12년 더블우드,발베니 12년,700,False,96800,KR,트레이더스,,2026-05-27,youtube_martweb,2026-05_whiskeypick_traders_guwol.csv,matched,
w027,에버펠디 16년,에버펠 16년,700,False,75800,KR,트레이더스,,2026-05-27,youtube_martweb,2026-05_whiskeypick_traders_guwol.csv,matched,
w077,러셀스 리저브 싱글배럴,러셀 리저브 싱글 베럴,750,False,89400,KR,트레이더스,,2026-05-27,youtube_martweb,2026-05_whiskeypick_traders_guwol.csv,matched,
w029,글렌글라사 샌드엔드,글렌라사 샌드엔드,700,False,79800,KR,트레이더스,,2026-05-27,youtube_martweb,2026-05_whiskeypick_traders_guwol.csv,matched,
w031,아란 셰리 캐스크,아란쉐리 캐스크,700,False,99800,KR,트레이더스,,2026-05-27,youtube_martweb,2026-05_whiskeypick_traders_guwol.csv,matched,
w030,글렌글라사 포트소이,글렌라사 포트소이,700,False,89800,KR,트레이더스,,2026-05-27,youtube_martweb,2026-05_whiskeypick_traders_guwol.csv,matched,
w006,글렌피딕 14년 버번배럴,글렌피딕 14년 법원 캐스크,700,False,99800,KR,트레이더스,,2026-05-27,youtube_martweb,2026-05_whiskeypick_traders_guwol.csv,matched,
w012,맥캘란 12년 더블캐스크,맥캘란 12년 더블 캐스크,700,False,99800,KR,트레이더스,,2026-05-27,youtube_martweb,2026-05_whiskeypick_traders_guwol.csv,matched,
w002,글렌리벳 15년,더 글렌리벳 15년,700,False,94800,KR,트레이더스,,2026-05-27,youtube_martweb,2026-05_whiskeypick_traders_guwol.csv,matched,
w076,이글 레어 10년,이글레어 10년,750,False,69800,KR,트레이더스,,2026-05-27,youtube_martweb,2026-05_whiskeypick_traders_guwol.csv,matched,
w036,라가불린 11년 오퍼맨 스위트피트,라가불린 11년 스위트피트,700,False,89800,KR,트레이더스,,2026-05-27,youtube_martweb,2026-05_whiskeypick_traders_guwol.csv,matched,
w062,부쉬밀 15년 싱글몰트,부쉬밀 15년 싱글 몰트,700,False,99800,KR,트레이더스,,2026-05-27,youtube_martweb,2026-05_whiskeypick_traders_guwol.csv,matched,
w005,글렌피딕 12년,글렌피딕 12년,700,False,69800,KR,트레이더스,,2026-05-27,youtube_martweb,2026-05_whiskeypick_traders_guwol.csv,matched,
w032,탈리스커 10년,탈리스커 10년,700,False,69800,KR,트레이더스,,2026-05-27,youtube_martweb,2026-05_whiskeypick_traders_guwol.csv,matched,
w089,탈리스커 와일드 블루,탈리스커 와일드 블루,700,False,69400,KR,트레이더스,,2026-05-27,youtube_martweb,2026-05_whiskeypick_traders_guwol.csv,matched,
w025,클라이넬리시 14년,클라이넬리시 14년,700,False,84800,KR,트레이더스,,2026-05-27,youtube_martweb,2026-05_whiskeypick_traders_guwol.csv,matched,
w078,포 로지스 싱글배럴,포로지스 싱글 베럴,750,False,82800,KR,트레이더스,,2026-05-27,youtube_martweb,2026-05_whiskeypick_traders_guwol.csv,matched,
,,레미마틴 VSOP,700,False,79800,KR,트레이더스,,2026-05-27,youtube_martweb,2026-05_whiskeypick_traders_guwol.csv,excluded,cognac
w074,와일드터키 레어브리드,와일드 터키 레어브리드,750,False,79800,KR,트레이더스,,2026-05-27,youtube_martweb,2026-05_whiskeypick_traders_guwol.csv,matched,
w013,글렌그란트 12년,더 글렌 그란트 12년,700,False,59400,KR,트레이더스,,2026-05-27,youtube_martweb,2026-05_whiskeypick_traders_guwol.csv,matched,
w056,듀어스 15년,듀어스 15년 파이노크 스페셜 리저브,700,False,59400,KR,트레이더스,,2026-05-27,youtube_martweb,2026-05_whiskeypick_traders_guwol.csv,matched,
w017,벤리악 10년,벤니학 10년,700,False,49940,KR,트레이더스,,2026-05-27,youtube_martweb,2026-05_whiskeypick_traders_guwol.csv,matched,
w041,몽키숄더,몽키 숄더,700,False,49980,KR,트레이더스,,2026-05-27,youtube_martweb,2026-05_whiskeypick_traders_guwol.csv,matched,
w060,노마드 아웃랜드 셰리 피니시,노마드 아울랜드 쉐리 피니시,700,False,49980,KR,트레이더스,,2026-05-27,youtube_martweb,2026-05_whiskeypick_traders_guwol.csv,matched,
w035,라프로익 10년,라프로익 10년,750,False,69800,KR,트레이더스,,2026-05-27,youtube_martweb,2026-05_whiskeypick_traders_guwol.csv,matched,
w042,조니워커 그린라벨 15년,조니워커 그린,,False,69800,KR,트레이더스,,2026-05-27,youtube_martweb,2026-05_whiskeypick_traders_guwol.csv,matched,
w050,조니워커 블랙라벨 12년,조니워커 블랙라벨,700,False,49980,KR,트레이더스,,2026-05-27,youtube_martweb,2026-05_whiskeypick_traders_guwol.csv,matched,
w069,버팔로 트레이스,버팔로 트레이스,1000,False,2980,KR,트레이더스,,2026-05-27,youtube_martweb,2026-05_whiskeypick_traders_guwol.csv,excluded,implausible_price
w071,메이커스 마크,메이커스 마크,1000,False,9980,KR,트레이더스,,2026-05-27,youtube_martweb,2026-05_whiskeypick_traders_guwol.csv,excluded,implausible_price
w040,뱅크홀 싱글몰트,뱅크홀 싱글몰트 위스키,700,False,29940,KR,트레이더스,,2026-05-27,youtube_martweb,2026-05_whiskeypick_traders_guwol.csv,matched,
w064,골든블루 사피루스,골든 블루 사피루스,450,False,28980,KR,트레이더스,,2026-05-27,youtube_martweb,2026-05_whiskeypick_traders_guwol.csv,excluded,sub_500ml
w044,발렌타인 10년,발렌타인 10년,700,False,39980,KR,트레이더스,,2026-05-27,youtube_martweb,2026-05_whiskeypick_traders_guwol.csv,matched,
w070,1792 스몰배치,1792 스몰 배치,750,False,44980,KR,트레이더스,,2026-05-27,youtube_martweb,2026-05_whiskeypick_traders_guwol.csv,matched,
w058,커티삭 프로히비션,커티삭 프로히비션,1000,False,9980,KR,트레이더스,,2026-05-27,youtube_martweb,2026-05_whiskeypick_traders_guwol.csv,excluded,implausible_price
w055,듀어스 12년,듀어스 12년 퍼스트필 법원 캐스크,700,False,39980,KR,트레이더스,,2026-05-27,youtube_martweb,2026-05_whiskeypick_traders_guwol.csv,matched,
,,다카라 미아자키 망고,700,False,24980,KR,트레이더스,,2026-05-27,youtube_martweb,2026-05_whiskeypick_traders_guwol.csv,excluded,liqueur-shochu
,,에반 윌리엄스 12주년 에디션 50도,1000,False,9980,KR,트레이더스,,2026-05-27,youtube_martweb,2026-05_whiskeypick_traders_guwol.csv,excluded,implausible_price
,,앱솔루트 보드카,1000,False,34980,KR,트레이더스,,2026-05-27,youtube_martweb,2026-05_whiskeypick_traders_guwol.csv,excluded,vodka
,,호세코에보 에스페셜 레포사도,750,False,27980,KR,트레이더스,,2026-05-27,youtube_martweb,2026-05_whiskeypick_traders_guwol.csv,excluded,tequila
w088,탈리스만 9년 포르투기즈 캐스크,탈리스만 9년 포르투기즈 캐스크 에디션,700,False,25980,KR,트레이더스,,2026-05-27,youtube_martweb,2026-05_whiskeypick_traders_guwol.csv,matched,
w061,제임슨,제임슨 스탠더드,700,False,27980,KR,트레이더스,,2026-05-27,youtube_martweb,2026-05_whiskeypick_traders_guwol.csv,matched,
w065,짐빔 화이트,진빔 화이트,750,False,19980,KR,트레이더스,,2026-05-27,youtube_martweb,2026-05_whiskeypick_traders_guwol.csv,matched,
w088,탈리스만 9년 포르투기즈 캐스크,탈리스만 위스키,1000,False,14980,KR,트레이더스,,2026-05-27,youtube_martweb,2026-05_whiskeypick_traders_guwol.csv,excluded,implausible_price
,,바톤 보드카,1000,False,9980,KR,트레이더스,,2026-05-27,youtube_martweb,2026-05_whiskeypick_traders_guwol.csv,excluded,implausible_price
,,바톤진,1000,False,9980,KR,트레이더스,,2026-05-27,youtube_martweb,2026-05_whiskeypick_traders_guwol.csv,excluded,implausible_price
w080,에반 윌리엄스 블랙,에반 윌리엄스 블랙,1000,False,29980,KR,트레이더스,,2026-05-27,youtube_martweb,2026-05_whiskeypick_traders_guwol.csv,matched,
w084,카발란 디스틸러리 셀렉트,카발란 디스틸러리 셀렉트 싱글 몰트,700,False,69800,KR,트레이더스,,2026-05-27,youtube_martweb,2026-05_whiskeypick_traders_guwol.csv,matched,
w007,글렌피딕 15년,글렌피딕 15년,700,False,99800,KR,트레이더스,,2026-05-27,youtube_martweb,2026-05_whiskeypick_traders_guwol.csv,matched,
w038,글렌킨치 12년,글렌킨치 12년,700,False,59800,KR,트레이더스,,2026-05-27,youtube_martweb,2026-05_whiskeypick_traders_guwol.csv,matched,
w052,조니워커 블랙 루비,조니워커 블랙루비,700,False,44800,KR,트레이더스,,2026-05-27,youtube_martweb,2026-05_whiskeypick_traders_guwol.csv,matched,
w067,잭다니엘 애플,잭다니엘 애플 전용잔 패키지,700,True,39980,KR,트레이더스,,2026-05-27,youtube_martweb,2026-05_whiskeypick_traders_guwol.csv,excluded,bundle_glass_set
w066,잭다니엘 No.7,잭다니엘 테네시 전용잔 패키지,700,True,39980,KR,트레이더스,,2026-05-27,youtube_martweb,2026-05_whiskeypick_traders_guwol.csv,excluded,bundle_glass_set
,,봄베이 사파이어 진,750,False,3980,KR,트레이더스,,2026-05-27,youtube_martweb,2026-05_whiskeypick_traders_guwol.csv,excluded,implausible_price
,,피치트리,1000,False,980,KR,트레이더스,,2026-05-27,youtube_martweb,2026-05_whiskeypick_traders_guwol.csv,excluded,implausible_price
,,페로네 리몬첼,1000,False,24980,KR,트레이더스,,2026-05-27,youtube_martweb,2026-05_whiskeypick_traders_guwol.csv,excluded,liqueur-limoncello
,,바카디 모이또 클래식,700,False,21980,KR,트레이더스,,2026-05-27,youtube_martweb,2026-05_whiskeypick_traders_guwol.csv,excluded,rum-cocktail
w079,포 로지스 스몰배치 셀렉트,호로지스 스몰 배치 셀렉트,750,False,116800,KR,트레이더스,,2026-05-27,youtube_martweb,2026-05_whiskeypick_traders_guwol.csv,matched,
w009,발베니 14년 캐리비안 캐스크,발베니 14년 캐리비안 캐스크,700,False,139800,KR,트레이더스,,2026-05-27,youtube_martweb,2026-05_whiskeypick_traders_guwol.csv,matched,
w028,글렌고인 캐스크 스트렝스 배치171,블렌고인 CS 171,700,False,149800,KR,트레이더스,,2026-05-27,youtube_martweb,2026-05_whiskeypick_traders_guwol.csv,matched,
w087,글렌드로낙 오드 투 더 다크,더 글렌드로 오드투더 다크,700,False,159800,KR,트레이더스,,2026-05-27,youtube_martweb,2026-05_whiskeypick_traders_guwol.csv,matched,
w016,탐두 15년,탐두 15년,700,False,169800,KR,트레이더스,,2026-05-27,youtube_martweb,2026-05_whiskeypick_traders_guwol.csv,matched,
w059,로얄 살루트 21년,로얄 살루트 21년 그레인,700,False,179800,KR,트레이더스,,2026-05-27,youtube_martweb,2026-05_whiskeypick_traders_guwol.csv,matched,
w011,아벨라워 아부나흐,아벨라워 아브나르 쉐리케스크 에디션,700,False,235800,KR,트레이더스,,2026-05-27,youtube_martweb,2026-05_whiskeypick_traders_guwol.csv,matched,
,,조니 워커 블루라베,750,False,259800,KR,트레이더스,,2026-05-27,youtube_martweb,2026-05_whiskeypick_traders_guwol.csv,unmatched,
w003,글렌리벳 17년 스몰배치,더 글렌리벳 17년 스몰 배치 2,700,False,229800,KR,트레이더스,,2026-05-27,youtube_martweb,2026-05_whiskeypick_traders_guwol.csv,matched,
w004,글렌리벳 19년 스몰배치,더 글렌리벳 19년 스몰 배치 2,700,False,349800,KR,트레이더스,,2026-05-27,youtube_martweb,2026-05_whiskeypick_traders_guwol.csv,matched,
w024,달모어 2005 빈티지,달모어 2005 빈티지 67만,700,False,8000,KR,트레이더스,,2026-05-27,youtube_martweb,2026-05_whiskeypick_traders_guwol.csv,excluded,implausible_price
w039,스트라스클라이드 1990 31년 (옥타브),옥타브 스트레스 클라이드 1990 31년,700,False,69800,KR,트레이더스,,2026-05-27,youtube_martweb,2026-05_whiskeypick_traders_guwol.csv,matched,
,,蘇格登 12年 甜醺三桶,,False,122535,TW,my9買酒網,,2026-05-30,overseas,2026-05_tw_whisky_poc.csv,unmatched,
,,麥卡倫 18年雪莉雙桶 (2023年),,False,970065,TW,my9買酒網,,2026-05-30,overseas,2026-05_tw_whisky_poc.csv,unmatched,
,,麥卡倫 18年雪莉雙桶 (2024年),,False,970065,TW,my9買酒網,,2026-05-30,overseas,2026-05_tw_whisky_poc.csv,unmatched,
,,格蘭帝 坎貝爾鎮嘉年華 2026,,False,229752,TW,my9買酒網,,2026-05-30,overseas,2026-05_tw_whisky_poc.csv,unmatched,
,,托摩 傳承系列 #44038 2009 VINTAGE 台灣單桶,,False,393131,TW,my9買酒網,,2026-05-30,overseas,2026-05_tw_whisky_poc.csv,unmatched,
,,托摩 傳承系列 #44034 2009 VINTAGE 台灣單桶,,False,393131,TW,my9買酒網,,2026-05-30,overseas,2026-05_tw_whisky_poc.csv,unmatched,
,,美國時代(金標)波本威士忌,,False,54120,TW,my9買酒網,,2026-05-30,overseas,2026-05_tw_whisky_poc.csv,unmatched,
,,美國時代(白標)波本威士忌,,False,38803,TW,my9買酒網,,2026-05-30,overseas,2026-05_tw_whisky_poc.csv,unmatched,
,,薩澤拉 黑麥威士忌,,False,137851,TW,my9買酒網,,2026-05-30,overseas,2026-05_tw_whisky_poc.csv,unmatched,
,,山蹄士 白雪公主系列 NO.13,,False,265491,TW,my9買酒網,,2026-05-30,overseas,2026-05_tw_whisky_poc.csv,unmatched,
,,詩貝 12年原酒 金色薄霧處女桶,,False,181759,TW,my9買酒網,,2026-05-30,overseas,2026-05_tw_whisky_poc.csv,unmatched,
,,齊克倫 重泥煤原酒系列 Batch 12,,False,183802,TW,my9買酒網,,2026-05-30,overseas,2026-05_tw_whisky_poc.csv,unmatched,
,,三郎丸蒸餾所貯藏梅酒(紅),,False,100070,TW,my9買酒網,,2026-05-30,overseas,2026-05_tw_whisky_poc.csv,unmatched,
,,NIKKA 弗朗提亞威士忌,,False,71376,TW,my9買酒網,,2026-05-30,overseas,2026-05_tw_whisky_poc.csv,unmatched,
,,麥卡倫 HARMONY系列 紫月橡木,,False,713763,TW,my9買酒網,,2026-05-30,overseas,2026-05_tw_whisky_poc.csv,unmatched,
,,京都威士忌 西陣織 七寶琉璃 水楢桶 (藍),,False,191971,TW,my9買酒網,,2026-05-30,overseas,2026-05_tw_whisky_poc.csv,unmatched,
,,京都威士忌 西陣織 雪莉桶 午馬,,False,202182,TW,my9買酒網,,2026-05-30,overseas,2026-05_tw_whisky_poc.csv,unmatched,
,,慕赫 16年,,False,263449,TW,my9買酒網,,2026-05-30,overseas,2026-05_tw_whisky_poc.csv,unmatched,
,,布萊迪 15年,,False,239963,TW,my9買酒網,,2026-05-30,overseas,2026-05_tw_whisky_poc.csv,unmatched,
,,布萊迪 12年 馬年禮盒,,False,137851,TW,my9買酒網,,2026-05-30,overseas,2026-05_tw_whisky_poc.csv,unmatched,
,,布萊迪 12年,,False,137851,TW,my9買酒網,,2026-05-30,overseas,2026-05_tw_whisky_poc.csv,unmatched,
,,格蘭傑 12年,,False,89858,TW,my9買酒網,,2026-05-30,overseas,2026-05_tw_whisky_poc.csv,unmatched,
,,格蘭多納 30年單桶原酒 1993#7275,,False,3369696,TW,my9買酒網,,2026-05-30,overseas,2026-05_tw_whisky_poc.csv,unmatched,
,,格蘭多納 30年單桶原酒 1992#6095,,False,3369696,TW,my9買酒網,,2026-05-30,overseas,2026-05_tw_whisky_poc.csv,unmatched,
,,格蘭多納 31年單桶原酒 1993#6325,,False,3880255,TW,my9買酒網,,2026-05-30,overseas,2026-05_tw_whisky_poc.csv,unmatched,
,,NIKKA 意志調和威士忌禮盒,,False,229752,TW,my9買酒網,,2026-05-30,overseas,2026-05_tw_whisky_poc.csv,unmatched,
,,格蘭多納 大師詠選系列第二樂章 雋永泥煤,,False,234857,TW,my9買酒網,,2026-05-30,overseas,2026-05_tw_whisky_poc.csv,unmatched,
,,皇家禮炮 21年 王者之冠限定版 繁盛金冠與鋒芒金冠,,False,980274,TW,my9買酒網,,2026-05-30,overseas,2026-05_tw_whisky_poc.csv,unmatched,
,,忍 將軍 純麥威士忌,,False,301230,TW,my9買酒網,,2026-05-30,overseas,2026-05_tw_whisky_poc.csv,unmatched,
,,忍 將軍 調和威士忌,,False,199118,TW,my9買酒網,,2026-05-30,overseas,2026-05_tw_whisky_poc.csv,unmatched,
,,麥卡倫 CLASSIC CUT 2025,,False,398237,TW,my9買酒網,,2026-05-30,overseas,2026-05_tw_whisky_poc.csv,unmatched,
,,詩貝 × 畢卡索 靈感系列《夢》2012,,False,158274,TW,my9買酒網,,2026-05-30,overseas,2026-05_tw_whisky_poc.csv,unmatched,
,,響 花開富貴禮盒版,,False,274478,TW,my9買酒網,,2026-05-30,overseas,2026-05_tw_whisky_poc.csv,unmatched,
,,齊侯門 100%艾拉 11年雪莉桶,,False,283871,TW,my9買酒網,,2026-05-30,overseas,2026-05_tw_whisky_poc.csv,unmatched,
,,齊侯門 100%艾拉 第15版,,False,270598,TW,my9買酒網,,2026-05-30,overseas,2026-05_tw_whisky_poc.csv,unmatched,
,,齊侯門 馬齊爾灣 桶裝強度原酒 2025,,False,222605,TW,my9買酒網,,2026-05-30,overseas,2026-05_tw_whisky_poc.csv,unmatched,
,,坦杜 雪莉桶原酒 生肖系列 火馬年限定版,,False,263449,TW,my9買酒網,,2026-05-30,overseas,2026-05_tw_whisky_poc.csv,unmatched,
,,麥卡倫 18年雪莉桶 (2025年),,False,1204921,TW,my9買酒網,,2026-05-30,overseas,2026-05_tw_whisky_poc.csv,unmatched,
,,高原騎士 18年 御馬迎春禮盒,,False,375772,TW,my9買酒網,,2026-05-30,overseas,2026-05_tw_whisky_poc.csv,unmatched,
,,高原騎士 12年 御馬迎春禮盒,,False,110281,TW,my9買酒網,,2026-05-30,overseas,2026-05_tw_whisky_poc.csv,unmatched,
,,齊克倫 16年 2025版,,False,433976,TW,my9買酒網,,2026-05-30,overseas,2026-05_tw_whisky_poc.csv,unmatched,
,,汀士頓 蛻變系列#5 織夢者,,False,336969,TW,my9買酒網,,2026-05-30,overseas,2026-05_tw_whisky_poc.csv,unmatched,
,,詩貝 × 畢卡索《繆思的禮讚》限量典藏木盒套組,,False,13478781,TW,my9買酒網,,2026-05-30,overseas,2026-05_tw_whisky_poc.csv,unmatched,
,,大摩璀璨18年 馬年新春禮盒,,False,735206,TW,my9買酒網,,2026-05-30,overseas,2026-05_tw_whisky_poc.csv,unmatched,
,,大摩 亞歷山大紀念款 馬年新春禮盒,,False,509539,TW,my9買酒網,,2026-05-30,overseas,2026-05_tw_whisky_poc.csv,unmatched,
,,大摩 15年 2026限定版禮盒,,False,283871,TW,my9買酒網,,2026-05-30,overseas,2026-05_tw_whisky_poc.csv,unmatched,
,,塔木嶺 雪莉三桶 2026馬年限定包裝,,False,70458,TW,my9買酒網,,2026-05-30,overseas,2026-05_tw_whisky_poc.csv,unmatched,
,,NIKKA 一甲威士忌原酒 限量三入組,,False,898585,TW,my9買酒網,,2026-05-30,overseas,2026-05_tw_whisky_poc.csv,unmatched,
,,皇家禮炮21年 王者之鑽 2026限定組合,,False,643305,TW,my9買酒網,,2026-05-30,overseas,2026-05_tw_whisky_poc.csv,unmatched,
,,皇家禮炮21年 王者之鑽 (1.08L),1080,False,374548,TW,my9買酒網,,2026-05-30,overseas,2026-05_tw_whisky_poc.csv,unmatched,
,,慕赫 無界系列#1 破曉,,False,362498,TW,my9買酒網,,2026-05-30,overseas,2026-05_tw_whisky_poc.csv,unmatched,
,,帝亞吉歐 2025年度原酒臻選系列套組 四境珍釀,,False,4778842,TW,my9買酒網,,2026-05-30,overseas,2026-05_tw_whisky_poc.csv,unmatched,
,,THE NIKKA 一甲 雙境 限量版威士忌,,False,4595038,TW,my9買酒網,,2026-05-30,overseas,2026-05_tw_whisky_poc.csv,unmatched,
,,詩貝 × 畢卡索 最終章《奧莉維亞》1996年單一麥芽蘇格蘭威士忌原酒,,False,2940824,TW,my9買酒網,,2026-05-30,overseas,2026-05_tw_whisky_poc.csv,unmatched,
,,約翰走路 金牌珍藏 2026限定版禮盒,,False,97005,TW,my9買酒網,,2026-05-30,overseas,2026-05_tw_whisky_poc.csv,unmatched,
,,約翰走路 XR 21年 馬年限定版,,False,270598,TW,my9買酒網,,2026-05-30,overseas,2026-05_tw_whisky_poc.csv,unmatched,
,,約翰走路 藍牌 馬年限定版,,False,580812,TW,my9買酒網,,2026-05-30,overseas,2026-05_tw_whisky_poc.csv,unmatched,
,,慕赫 12年 2026限定版禮盒,,False,151125,TW,my9買酒網,,2026-05-30,overseas,2026-05_tw_whisky_poc.csv,unmatched,
,,慕赫 16年 2026限定版禮盒,,False,263449,TW,my9買酒網,,2026-05-30,overseas,2026-05_tw_whisky_poc.csv,unmatched,
,,蘇格登 深焙16年 2026限定版禮盒,,False,212394,TW,my9買酒網,,2026-05-30,overseas,2026-05_tw_whisky_poc.csv,unmatched,
,,齊克倫 重泥煤原酒系列 Batch 11,,False,183802,TW,my9買酒網,,2026-05-30,overseas,2026-05_tw_whisky_poc.csv,unmatched,
,,尊美醇 黑桶 愛爾蘭威士忌,,False,74338,TW,my9買酒網,,2026-05-30,overseas,2026-05_tw_whisky_poc.csv,unmatched,
,,威勒 12年小麥波本威士忌 馬年限定禮盒,,False,296125,TW,my9買酒網,,2026-05-30,overseas,2026-05_tw_whisky_poc.csv,unmatched,
,,格蘭多納 12年 馬年紀念禮盒,,False,127640,TW,my9買酒網,,2026-05-30,overseas,2026-05_tw_whisky_poc.csv,unmatched,
,,NIKKA 一甲威士忌原酒 限量雙入組,,False,255279,TW,my9買酒網,,2026-05-30,overseas,2026-05_tw_whisky_poc.csv,unmatched,
,,百富故事系列 12年蒙地亞甜酒桶,,False,178697,TW,my9買酒網,,2026-05-30,overseas,2026-05_tw_whisky_poc.csv,unmatched,
,,艾柏迪 25年,,False,1409146,TW,my9買酒網,,2026-05-30,overseas,2026-05_tw_whisky_poc.csv,unmatched,
,,皇家禮炮 23年 福爾摩沙第三版,,False,382919,TW,my9買酒網,,2026-05-30,overseas,2026-05_tw_whisky_poc.csv,unmatched,
,,皇家禮炮 26年 王者品桶系列第三代 COLHEITA波特桶,,False,1213090,TW,my9買酒網,,2026-05-30,overseas,2026-05_tw_whisky_poc.csv,unmatched,
,,格蘭哥尼 16年水楢桶,,False,919008,TW,my9買酒網,,2026-05-30,overseas,2026-05_tw_whisky_poc.csv,unmatched,
,,百齡罈 18年 格蘭伯吉 單一麥芽威士忌,,False,224647,TW,my9買酒網,,2026-05-30,overseas,2026-05_tw_whisky_poc.csv,unmatched,
,,百齡罈 15年 格蘭伯吉 單一麥芽威士忌,,False,148063,TW,my9買酒網,,2026-05-30,overseas,2026-05_tw_whisky_poc.csv,unmatched,
,,百齡罈 12年 格蘭伯吉 單一麥芽威士忌,,False,91901,TW,my9買酒網,,2026-05-30,overseas,2026-05_tw_whisky_poc.csv,unmatched,
,,格蘭多納 21年,,False,730101,TW,my9買酒網,,2026-05-30,overseas,2026-05_tw_whisky_poc.csv,unmatched,
,,布萊迪 奧特摩 16.3 艾雷島大麥,,False,610629,TW,my9買酒網,,2026-05-30,overseas,2026-05_tw_whisky_poc.csv,unmatched,
,,布萊迪 奧特摩 16.2 蘇格蘭大麥,,False,561616,TW,my9買酒網,,2026-05-30,overseas,2026-05_tw_whisky_poc.csv,unmatched,
,,布萊迪 奧特摩 16.1 蘇格蘭大麥,,False,447250,TW,my9買酒網,,2026-05-30,overseas,2026-05_tw_whisky_poc.csv,unmatched,
,,約翰走路 黑紅寶石 蘇格蘭威士忌,,False,76585,TW,my9買酒網,,2026-05-30,overseas,2026-05_tw_whisky_poc.csv,unmatched,
,,雅柏 VINTAGE Y2K 24年,,False,2705968,TW,my9買酒網,,2026-05-30,overseas,2026-05_tw_whisky_poc.csv,unmatched,
,,麥卡倫 鳳凰蜜蘭香茶韻,,False,576932,TW,my9買酒網,,2026-05-30,overseas,2026-05_tw_whisky_poc.csv,unmatched,
,,波摩 21年 雪莉桶風味,,False,796473,TW,my9買酒網,,2026-05-30,overseas,2026-05_tw_whisky_poc.csv,unmatched,
,,波摩 18年 雪莉桶風味,,False,500350,TW,my9買酒網,,2026-05-30,overseas,2026-05_tw_whisky_poc.csv,unmatched,
,,波摩 15年 雪莉桶風味,,False,304294,TW,my9買酒網,,2026-05-30,overseas,2026-05_tw_whisky_poc.csv,unmatched,
,,波摩 12年 雪莉桶風味,,False,172570,TW,my9買酒網,,2026-05-30,overseas,2026-05_tw_whisky_poc.csv,unmatched,
,,遠慕 30年 RUGGED COAST 雪莉桶風味,,False,1225344,TW,my9買酒網,,2026-05-30,overseas,2026-05_tw_whisky_poc.csv,unmatched,
,,格蘭菲迪 16年 ASTON MARTIN 聯名限定版,,False,232814,TW,my9買酒網,,2026-05-30,overseas,2026-05_tw_whisky_poc.csv,unmatched,
,,雅柏 19年 第七版,,False,980274,TW,my9買酒網,,2026-05-30,overseas,2026-05_tw_whisky_poc.csv,unmatched,
,,格蘭哥尼 森藏雪莉單桶系列 2013歐洲橡木單桶 CASK NO.294,,False,620840,TW,my9買酒網,,2026-05-30,overseas,2026-05_tw_whisky_poc.csv,unmatched,
,,格蘭哥尼 12年PluX 2025年小批次限量版,,False,120493,TW,my9買酒網,,2026-05-30,overseas,2026-05_tw_whisky_poc.csv,unmatched,
,,泰斯卡 蔚藍之星,,False,191971,TW,my9買酒網,,2026-05-30,overseas,2026-05_tw_whisky_poc.csv,unmatched,
,,皇家禮炮 王者加冕限定版 國王查爾斯三世紀念款,,False,81689582,TW,my9買酒網,,2026-05-30,overseas,2026-05_tw_whisky_poc.csv,unmatched,
,,皇家禮炮 62禮讚 (新版),,False,8883741,TW,my9買酒網,,2026-05-30,overseas,2026-05_tw_whisky_poc.csv,unmatched,
,,紅馥 21年 單一蒸餾器 愛爾蘭威士忌,,False,673940,TW,my9買酒網,,2026-05-30,overseas,2026-05_tw_whisky_poc.csv,unmatched,
,,紅馥 12年 單一蒸餾器愛爾蘭威士忌,,False,130704,TW,my9買酒網,,2026-05-30,overseas,2026-05_tw_whisky_poc.csv,unmatched,
,,雅柏 神話選輯 傳奇三部曲「貝希爾」大蛇,,False,530982,TW,my9買酒網,,2026-05-30,overseas,2026-05_tw_whisky_poc.csv,unmatched,
,,噶瑪蘭 泥煤探尋者 波本桶泥煤威士忌原酒,,False,326757,TW,my9買酒網,,2026-05-30,overseas,2026-05_tw_whisky_poc.csv,unmatched,
,,噶瑪蘭 泥煤探尋者 OLOROSO 雪莉桶泥煤威士忌原酒,,False,326757,TW,my9買酒網,,2026-05-30,overseas,2026-05_tw_whisky_poc.csv,unmatched,
,,日之丸 極選雙重奏單桶原酒 波本桶&櫻花木桶,,False,498307,TW,my9買酒網,,2026-05-30,overseas,2026-05_tw_whisky_poc.csv,unmatched,
,,麥卡倫 15年雪莉雙桶 (新包裝),,False,370668,TW,my9買酒網,,2026-05-30,overseas,2026-05_tw_whisky_poc.csv,unmatched,
,,麥卡倫 12年雪莉桶 (新包裝),,False,244966,TW,my9買酒網,,2026-05-30,overseas,2026-05_tw_whisky_poc.csv,unmatched,
,,麥卡倫 12年雪莉雙桶 (新包裝),,False,161336,TW,my9買酒網,,2026-05-30,overseas,2026-05_tw_whisky_poc.csv,unmatched,
,,麥卡倫 精萃世界 墨西哥,,False,18890715,TW,my9買酒網,,2026-05-30,overseas,2026-05_tw_whisky_poc.csv,unmatched,
,,大摩 築光大師系列 NO.3 2025限定版,,False,1225344,TW,my9買酒網,,2026-05-30,overseas,2026-05_tw_whisky_poc.csv,unmatched,
,,麥卡倫 藝術即繁花,,False,3451385,TW,my9買酒網,,2026-05-30,overseas,2026-05_tw_whisky_poc.csv,unmatched,
,,麥卡倫 精萃世界 香港,,False,19197051,TW,my9買酒網,,2026-05-30,overseas,2026-05_tw_whisky_poc.csv,unmatched,
,,大摩 典藏珍稀年份 VINTAGE 2009,,False,694362,TW,my9買酒網,,2026-05-30,overseas,2026-05_tw_whisky_poc.csv,unmatched,
,,雅柏 煙燻宇宙 2025,,False,321653,TW,my9買酒網,,2026-05-30,overseas,2026-05_tw_whisky_poc.csv,unmatched,
,,坦杜 時光雙璧系列 21年雪莉桶,,False,1021120,TW,my9買酒網,,2026-05-30,overseas,2026-05_tw_whisky_poc.csv,unmatched,
,,日之丸 台灣限定版第二版 日本單一麥芽威士忌,,False,196055,TW,my9買酒網,,2026-05-30,overseas,2026-05_tw_whisky_poc.csv,unmatched,
,,日之丸 台灣限定版第一版 日本單一麥芽威士忌,,False,196055,TW,my9買酒網,,2026-05-30,overseas,2026-05_tw_whisky_poc.csv,unmatched,
,,格蘭多納 大師詠選系列第一樂章 臻選PX,,False,224647,TW,my9買酒網,,2026-05-30,overseas,2026-05_tw_whisky_poc.csv,unmatched,
,,格蘭帝 坎貝爾鎮嘉年華 2025,,False,232814,TW,my9買酒網,,2026-05-30,overseas,2026-05_tw_whisky_poc.csv,unmatched,
,,布萊迪 初次填充波本單桶 CASK#0894 台灣獨享版,,False,393131,TW,my9買酒網,,2026-05-30,overseas,2026-05_tw_whisky_poc.csv,unmatched,
,,布萊迪 班努斯甜紅酒單桶 CASK#453 台灣獨享版,,False,408449,TW,my9買酒網,,2026-05-30,overseas,2026-05_tw_whisky_poc.csv,unmatched,
,,噶瑪蘭 葡萄酒桶,,False,222605,TW,my9買酒網,,2026-05-30,overseas,2026-05_tw_whisky_poc.csv,unmatched,
,,雅柏 EUREKA! 委員會限定版,,False,334926,TW,my9買酒網,,2026-05-30,overseas,2026-05_tw_whisky_poc.csv,unmatched,
,,格蘭傑 稀印典藏,,False,1276399,TW,my9買酒網,,2026-05-30,overseas,2026-05_tw_whisky_poc.csv,unmatched,
,,波摩 21年 Aston Martin 大師鉅作系列 第四版,,False,1838015,TW,my9買酒網,,2026-05-30,overseas,2026-05_tw_whisky_poc.csv,unmatched,
,,蘇格登 深焙16年,,False,212394,TW,my9買酒網,,2026-05-30,overseas,2026-05_tw_whisky_poc.csv,unmatched,
,,布納哈本 18年,,False,355349,TW,my9買酒網,,2026-05-30,overseas,2026-05_tw_whisky_poc.csv,unmatched,
,,歐肯 24年,,False,561616,TW,my9買酒網,,2026-05-30,overseas,2026-05_tw_whisky_poc.csv,unmatched,
,,格蘭花格 特殊雪莉10年,,False,100070,TW,my9買酒網,,2026-05-30,overseas,2026-05_tw_whisky_poc.csv,unmatched,
,,史塔其 古董收藏系列 波本威士忌 George T. Stagg Antique Collection Kentucky Straight Bourbon Whiskey,,False,4697150,TW,my9買酒網,,2026-05-30,overseas,2026-05_tw_whisky_poc.csv,unmatched,
,,余市 10年 單一麥芽威士忌 木盒珍藏版,,False,735206,TW,my9買酒網,,2026-05-30,overseas,2026-05_tw_whisky_poc.csv,unmatched,
,,拉弗格 10年雪莉桶,,False,199118,TW,my9買酒網,,2026-05-30,overseas,2026-05_tw_whisky_poc.csv,unmatched,
,,噶瑪蘭 15年 (2025版),,False,428869,TW,my9買酒網,,2026-05-30,overseas,2026-05_tw_whisky_poc.csv,unmatched,
,,威勒 單桶小麥波本威士忌 (橘標),,False,786263,TW,my9買酒網,,2026-05-30,overseas,2026-05_tw_whisky_poc.csv,unmatched,
,,威勒 C.Y.P.B. 小麥波本威士忌 (白標),,False,786263,TW,my9買酒網,,2026-05-30,overseas,2026-05_tw_whisky_poc.csv,unmatched,
,,威勒 典藏小麥波本威士忌 (綠標),,False,112324,TW,my9買酒網,,2026-05-30,overseas,2026-05_tw_whisky_poc.csv,unmatched,
,,威勒 小麥原酒波本威士忌 (藍標),,False,735206,TW,my9買酒網,,2026-05-30,overseas,2026-05_tw_whisky_poc.csv,unmatched,
,,小磨坊 1990 #2581 33年珍稀單桶原酒,,False,13070333,TW,my9買酒網,,2026-05-30,overseas,2026-05_tw_whisky_poc.csv,unmatched,
,,大摩 亞歷山大紀念款 蛇年奢藝版,,False,509539,TW,my9買酒網,,2026-05-30,overseas,2026-05_tw_whisky_poc.csv,unmatched,
,,格蘭花格 17年,,False,245068,TW,my9買酒網,,2026-05-30,overseas,2026-05_tw_whisky_poc.csv,unmatched,
,,格蘭哥尼 穿越系列第一章 美洲甜白橡木桶限量版,,False,120493,TW,my9買酒網,,2026-05-30,overseas,2026-05_tw_whisky_poc.csv,unmatched,
,,格蘭哥尼 穿越系列第一章 24年美洲甜白橡木桶限量版,,False,1110978,TW,my9買酒網,,2026-05-30,overseas,2026-05_tw_whisky_poc.csv,unmatched,
,,布萊迪 波夏 10年 第二版,,False,182781,TW,my9買酒網,,2026-05-30,overseas,2026-05_tw_whisky_poc.csv,unmatched,
,,皇家禮炮 23年,,False,382919,TW,my9買酒網,,2026-05-30,overseas,2026-05_tw_whisky_poc.csv,unmatched,
,,齊侯門 塞內桶裝強度原酒,,False,253237,TW,my9買酒網,,2026-05-30,overseas,2026-05_tw_whisky_poc.csv,unmatched,
,,響 大師精選調和威士忌,,False,342076,TW,my9買酒網,,2026-05-30,overseas,2026-05_tw_whisky_poc.csv,unmatched,
,,星向 雙麥威士忌,,False,101090,TW,my9買酒網,,2026-05-30,overseas,2026-05_tw_whisky_poc.csv,unmatched,
,,星向 強度葡萄桶單一麥芽威士忌,,False,203202,TW,my9買酒網,,2026-05-30,overseas,2026-05_tw_whisky_poc.csv,unmatched,
,,星向 雪莉桶單一麥芽威士忌,,False,203202,TW,my9買酒網,,2026-05-30,overseas,2026-05_tw_whisky_poc.csv,unmatched,
,,星向 葡萄桶單一麥芽威士忌,,False,141936,TW,my9買酒網,,2026-05-30,overseas,2026-05_tw_whisky_poc.csv,unmatched,
,,格蘭多納 18年,,False,467673,TW,my9買酒網,,2026-05-30,overseas,2026-05_tw_whisky_poc.csv,unmatched,
,,格蘭利威 13年雪莉桶原酒 2025限量臻藏版,,False,365561,TW,my9買酒網,,2026-05-30,overseas,2026-05_tw_whisky_poc.csv,unmatched,
,,京都威士忌 西陣織 七寶琉璃,,False,204224,TW,my9買酒網,,2026-05-30,overseas,2026-05_tw_whisky_poc.csv,unmatched,
,,格蘭利威 12年首席三桶 原酒限定版,,False,158274,TW,my9買酒網,,2026-05-30,overseas,2026-05_tw_whisky_poc.csv,unmatched,
,,艾樂奇 10年原味桶純麥威士忌,,False,285914,TW,my9買酒網,,2026-05-30,overseas,2026-05_tw_whisky_poc.csv,unmatched,
,,艾樂奇 8年原味桶純麥威士忌,,False,234857,TW,my9買酒網,,2026-05-30,overseas,2026-05_tw_whisky_poc.csv,unmatched,
,,艾樂奇 7年原味桶純麥威士忌,,False,183802,TW,my9買酒網,,2026-05-30,overseas,2026-05_tw_whisky_poc.csv,unmatched,
,,BAZAAR 湯瑪町 15年紙盒精裝版2007 (雪莉桶風格),,False,490138,TW,my9買酒網,,2026-05-30,overseas,2026-05_tw_whisky_poc.csv,unmatched,
,,BAZAAR 湯瑪町 15年壓克力收藏版2007 (雪莉桶風格),,False,694362,TW,my9買酒網,,2026-05-30,overseas,2026-05_tw_whisky_poc.csv,unmatched,
,,BAZAAR 托本莫瑞 14年紙盒精裝版2008 (波本桶風格),,False,490138,TW,my9買酒網,,2026-05-30,overseas,2026-05_tw_whisky_poc.csv,unmatched,
,,BAZAAR 托本莫瑞 14年壓克力收藏版2008 (波本桶風格),,False,694362,TW,my9買酒網,,2026-05-30,overseas,2026-05_tw_whisky_poc.csv,unmatched,
,,瑰嶼 12年限量原酒 摺紙風箏II (帝亞吉歐2024臻選系列),,False,428869,TW,my9買酒網,,2026-05-30,overseas,2026-05_tw_whisky_poc.csv,unmatched,
,,歐本 10年限量原酒 海濱盛豔 (帝亞吉歐2024臻選系列),,False,357392,TW,my9買酒網,,2026-05-30,overseas,2026-05_tw_whisky_poc.csv,unmatched,
,,蘇格登 14年限量原酒 暖旭秋光 (帝亞吉歐2024臻選系列),,False,428869,TW,my9買酒網,,2026-05-30,overseas,2026-05_tw_whisky_poc.csv,unmatched,
,,慕赫 限量原酒 慕夜幻影 (帝亞吉歐2024臻選系列),,False,878164,TW,my9買酒網,,2026-05-30,overseas,2026-05_tw_whisky_poc.csv,unmatched,
,,本利林 21年限量原酒 飛揚樂章 (帝亞吉歐2024臻選系列),,False,1429569,TW,my9買酒網,,2026-05-30,overseas,2026-05_tw_whisky_poc.csv,unmatched,
,,卡爾里拉 11年限量原酒 騰雲饗宴 (帝亞吉歐2024臻選系列),,False,326757,TW,my9買酒網,,2026-05-30,overseas,2026-05_tw_whisky_poc.csv,unmatched,
,,泰斯卡 8年限量原酒 湧恆潮汐 (帝亞吉歐2024臻選系列),,False,306337,TW,my9買酒網,,2026-05-30,overseas,2026-05_tw_whisky_poc.csv,unmatched,
,,麥卡倫 CLASSIC CUT系列限量套組,,False,1633791,TW,my9買酒網,,2026-05-30,overseas,2026-05_tw_whisky_poc.csv,unmatched,
,,汀士頓 蛻變系列#4 凝聚者,,False,321653,TW,my9買酒網,,2026-05-30,overseas,2026-05_tw_whisky_poc.csv,unmatched,
,,麥卡倫 春宴 2024,,False,396195,TW,my9買酒網,,2026-05-30,overseas,2026-05_tw_whisky_poc.csv,unmatched,
,,約翰走路 金牌珍藏,,False,97005,TW,my9買酒網,,2026-05-30,overseas,2026-05_tw_whisky_poc.csv,unmatched,
,,約翰走路 BLONDE,,False,47993,TW,my9買酒網,,2026-05-30,overseas,2026-05_tw_whisky_poc.csv,unmatched,
,,天空之島 21年 春節禮盒,,False,243026,TW,my9買酒網,,2026-05-30,overseas,2026-05_tw_whisky_poc.csv,unmatched,
,,格蘭利威 40年雪莉桶原酒,,False,19197051,TW,my9買酒網,,2026-05-30,overseas,2026-05_tw_whisky_poc.csv,unmatched,
,,麥卡倫 18年雪莉桶 (2024年),,False,1184498,TW,my9買酒網,,2026-05-30,overseas,2026-05_tw_whisky_poc.csv,unmatched,
,,雅柏 神話選輯 傳奇二部曲 獨角獸,,False,490138,TW,my9買酒網,,2026-05-30,overseas,2026-05_tw_whisky_poc.csv,unmatched,
,,雅柏 19年 第六版,,False,980274,TW,my9買酒網,,2026-05-30,overseas,2026-05_tw_whisky_poc.csv,unmatched,
,,約翰走路 藍牌 蛇年限定版,,False,510459,TW,my9買酒網,,2026-05-30,overseas,2026-05_tw_whisky_poc.csv,unmatched,
,,領航者 波本威士忌,,False,140914,TW,my9買酒網,,2026-05-30,overseas,2026-05_tw_whisky_poc.csv,unmatched,
,,麥卡倫 CLASSIC CUT 2022-2024 限量套組,,False,1194710,TW,my9買酒網,,2026-05-30,overseas,2026-05_tw_whisky_poc.csv,unmatched,
,,麥卡倫 太陽橡木,,False,602462,TW,my9買酒網,,2026-05-30,overseas,2026-05_tw_whisky_poc.csv,unmatched,
,,高原騎士 15年,,False,243026,TW,my9買酒網,,2026-05-30,overseas,2026-05_tw_whisky_poc.csv,unmatched,
,,高原騎士 18年 新包裝,,False,375772,TW,my9買酒網,,2026-05-30,overseas,2026-05_tw_whisky_poc.csv,unmatched,
,,高原騎士 15年 新包裝,,False,243026,TW,my9買酒網,,2026-05-30,overseas,2026-05_tw_whisky_poc.csv,unmatched,
,,高原騎士 12年 新包裝,,False,110281,TW,my9買酒網,,2026-05-30,overseas,2026-05_tw_whisky_poc.csv,unmatched,
,,帝亞吉歐 2024年度原酒臻選系列套組 創藝新篇,,False,4595038,TW,my9買酒網,,2026-05-30,overseas,2026-05_tw_whisky_poc.csv,unmatched,
,,格蘭哥尼 森藏雪莉單桶系列 2011美洲橡木單桶 CASK NO.1236,,False,620840,TW,my9買酒網,,2026-05-30,overseas,2026-05_tw_whisky_poc.csv,unmatched,
,,京都威士忌 西陣織 赤帶,,False,107217,TW,my9買酒網,,2026-05-30,overseas,2026-05_tw_whisky_poc.csv,unmatched,
,,百富 13年蜜絲佳雪莉桶 台灣限定版,,False,202182,TW,my9買酒網,,2026-05-30,overseas,2026-05_tw_whisky_poc.csv,unmatched,
,,麥卡倫 200週年限定「時空旅行系列－大師工藝」,,False,5207711,TW,my9買酒網,,2026-05-30,overseas,2026-05_tw_whisky_poc.csv,unmatched,
,,雅柏 17年 傳奇回歸 委員會獨家限定版,,False,704572,TW,my9買酒網,,2026-05-30,overseas,2026-05_tw_whisky_poc.csv,unmatched,
,,雅柏 8年 議論紛紛 委員會限定版,,False,343096,TW,my9買酒網,,2026-05-30,overseas,2026-05_tw_whisky_poc.csv,unmatched,
,,艾雷波濤 8年,,False,151125,TW,my9買酒網,,2026-05-30,overseas,2026-05_tw_whisky_poc.csv,unmatched,
,,艾雷波濤 小批次原酒,,False,229752,TW,my9買酒網,,2026-05-30,overseas,2026-05_tw_whisky_poc.csv,unmatched,
,,艾雷波濤 12年原酒 台灣限定批次,,False,257322,TW,my9買酒網,,2026-05-30,overseas,2026-05_tw_whisky_poc.csv,unmatched,
,,皇家禮炮 21年 新奢時尚系列第三代 燦金羽冠與耀紫羽冠限定版,,False,878164,TW,my9買酒網,,2026-05-30,overseas,2026-05_tw_whisky_poc.csv,unmatched,
,,NIKKA 90週年紀念版威士忌,,False,11742878,TW,my9買酒網,,2026-05-30,overseas,2026-05_tw_whisky_poc.csv,unmatched,
,,響 大師精選 100周年,,False,375772,TW,my9買酒網,,2026-05-30,overseas,2026-05_tw_whisky_poc.csv,unmatched,
,,百富 故事系列 18年法國皮諾甜酒桶,,False,867953,TW,my9買酒網,,2026-05-30,overseas,2026-05_tw_whisky_poc.csv,unmatched,
,,百富 故事系列 14年美國波本桶,,False,270598,TW,my9買酒網,,2026-05-30,overseas,2026-05_tw_whisky_poc.csv,unmatched,
,,格蘭哥尼 森藏雪莉單桶系列 2007美洲橡木單桶 CASK NO.1003,,False,1000697,TW,my9買酒網,,2026-05-30,overseas,2026-05_tw_whisky_poc.csv,unmatched,
,,金車45週年紀念款 噶瑪蘭 PALO CORTADO 雪莉桶,,False,2481320,TW,my9買酒網,,2026-05-30,overseas,2026-05_tw_whisky_poc.csv,unmatched,
,,遠慕 23年 ANCIENT MOORLAND 雪莉桶風味,,False,418658,TW,my9買酒網,,2026-05-30,overseas,2026-05_tw_whisky_poc.csv,unmatched,
,,皇家柏克萊 25年 PX雪莉桶,,False,1838015,TW,my9買酒網,,2026-05-30,overseas,2026-05_tw_whisky_poc.csv,unmatched,
,,宮城峽 單一麥芽威士忌,,False,204224,TW,my9買酒網,,2026-05-30,overseas,2026-05_tw_whisky_poc.csv,unmatched,
,,NIKKA(一甲) 科菲穀物威士忌,,False,142956,TW,my9買酒網,,2026-05-30,overseas,2026-05_tw_whisky_poc.csv,unmatched,
,,NIKKA(一甲) 科菲麥芽威士忌,,False,153167,TW,my9買酒網,,2026-05-30,overseas,2026-05_tw_whisky_poc.csv,unmatched,
,,NIKKA DAYS 調和威士忌,,False,89858,TW,my9買酒網,,2026-05-30,overseas,2026-05_tw_whisky_poc.csv,unmatched,
,,竹鶴 調和麥芽威士忌,,False,209329,TW,my9買酒網,,2026-05-30,overseas,2026-05_tw_whisky_poc.csv,unmatched,
,,余市 單一麥芽威士忌,,False,209329,TW,my9買酒網,,2026-05-30,overseas,2026-05_tw_whisky_poc.csv,unmatched,
,,NIKKA WHISKY FROM THE BARREL 威士忌原酒,,False,112324,TW,my9買酒網,,2026-05-30,overseas,2026-05_tw_whisky_poc.csv,unmatched,
,,雅墨 20年 珍稀選桶系列 蘋果白蘭地桶,,False,898585,TW,my9買酒網,,2026-05-30,overseas,2026-05_tw_whisky_poc.csv,unmatched,
,,格蘭哥尼 12年PluX 2024年台灣限量紫金版,,False,140914,TW,my9買酒網,,2026-05-30,overseas,2026-05_tw_whisky_poc.csv,unmatched,
,,大摩 雪茄三桶,,False,357392,TW,my9買酒網,,2026-05-30,overseas,2026-05_tw_whisky_poc.csv,unmatched,
w070,1792 스몰배치,1792 小批次波本威士忌,,False,110281,TW,my9買酒網,,2026-05-30,overseas,2026-05_tw_whisky_poc.csv,matched,
,,美金條納帕谷紅酒桶威士忌 迷你酒禮盒,,False,240983,TW,my9買酒網,,2026-05-30,overseas,2026-05_tw_whisky_poc.csv,unmatched,
,,美金條納帕谷紅酒桶威士忌 禮盒,,False,222605,TW,my9買酒網,,2026-05-30,overseas,2026-05_tw_whisky_poc.csv,unmatched,
,,美金條納帕谷紅酒桶威士忌 迷你酒,,False,38803,TW,my9買酒網,,2026-05-30,overseas,2026-05_tw_whisky_poc.csv,unmatched,
,,大摩 典藏珍稀年份 VINTAGE 2008,,False,694362,TW,my9買酒網,,2026-05-30,overseas,2026-05_tw_whisky_poc.csv,unmatched,
,,高原騎士 NO.1+NO.2+NO.3+NO.4+NO.5 原酒套組,,False,1715482,TW,my9買酒網,,2026-05-30,overseas,2026-05_tw_whisky_poc.csv,unmatched,
,,約翰走路 藍牌 跨界極選系列 龍蝦先生禮盒,,False,428869,TW,my9買酒網,,2026-05-30,overseas,2026-05_tw_whisky_poc.csv,unmatched,
,,樂加維林 12年限量原酒 傳奇之墨 (帝亞吉歐2023臻選系列),,False,522813,TW,my9買酒網,,2026-05-30,overseas,2026-05_tw_whisky_poc.csv,unmatched,
,,克里尼基 10年限量原酒 爵士漸強 (帝亞吉歐2023臻選系列),,False,556511,TW,my9買酒網,,2026-05-30,overseas,2026-05_tw_whisky_poc.csv,unmatched,
,,高原騎士 原酒 NO.5,,False,326757,TW,my9買酒網,,2026-05-30,overseas,2026-05_tw_whisky_poc.csv,unmatched,
,,艾柏迪 21年 阿根廷馬爾貝克紅酒桶,,False,600419,TW,my9買酒網,,2026-05-30,overseas,2026-05_tw_whisky_poc.csv,unmatched,
,,格蘭多納 15年,,False,191971,TW,my9買酒網,,2026-05-30,overseas,2026-05_tw_whisky_poc.csv,unmatched,
,,格蘭多納 12年,,False,127640,TW,my9買酒網,,2026-05-30,overseas,2026-05_tw_whisky_poc.csv,unmatched,
,,OMAR 三桶單一麥芽威士忌 臺北市立動物園110週年X買酒網聯名紀念酒,,False,161336,TW,my9買酒網,,2026-05-30,overseas,2026-05_tw_whisky_poc.csv,unmatched,
,,波摩 27年 時光永恆系列,,False,4748207,TW,my9買酒網,,2026-05-30,overseas,2026-05_tw_whisky_poc.csv,unmatched,
,,格蘭傑 23年 森羅萬象限量版,,False,4064056,TW,my9買酒網,,2026-05-30,overseas,2026-05_tw_whisky_poc.csv,unmatched,
,,雅柏 VINTAGE Y2K 23年,,False,2744769,TW,my9買酒網,,2026-05-30,overseas,2026-05_tw_whisky_poc.csv,unmatched,
,,山崎+白州+響 2024限定套組,,False,2552798,TW,my9買酒網,,2026-05-30,overseas,2026-05_tw_whisky_poc.csv,unmatched,
,,格蘭帝 坎貝爾鎮圖騰系列 美人魚,,False,398237,TW,my9買酒網,,2026-05-30,overseas,2026-05_tw_whisky_poc.csv,unmatched,
,,格蘭帝 坎貝爾鎮嘉年華2024,,False,265491,TW,my9買酒網,,2026-05-30,overseas,2026-05_tw_whisky_poc.csv,unmatched,
,,噶瑪蘭 十五週年紀念版 Vintage 2009 Oloroso雪莉桶原酒,,False,1164076,TW,my9買酒網,,2026-05-30,overseas,2026-05_tw_whisky_poc.csv,unmatched,
,,慕赫 14年,,False,181759,TW,my9買酒網,,2026-05-30,overseas,2026-05_tw_whisky_poc.csv,unmatched,
,,遠慕 21年 HEATHER VALLEY 三桶熟成,,False,244048,TW,my9買酒網,,2026-05-30,overseas,2026-05_tw_whisky_poc.csv,unmatched,
,,格蘭路思 時淬之藝 25年,,False,1715482,TW,my9買酒網,,2026-05-30,overseas,2026-05_tw_whisky_poc.csv,unmatched,
,,雅柏 怖思議限定版,,False,357392,TW,my9買酒網,,2026-05-30,overseas,2026-05_tw_whisky_poc.csv,unmatched,
,,格蘭多納 28年單桶原酒 1993#4198,,False,2440477,TW,my9買酒網,,2026-05-30,overseas,2026-05_tw_whisky_poc.csv,unmatched,
,,格蘭路思 時淬之藝 18年,,False,326757,TW,my9買酒網,,2026-05-30,overseas,2026-05_tw_whisky_poc.csv,unmatched,
,,響 車輪限定版,,False,684049,TW,my9買酒網,,2026-05-30,overseas,2026-05_tw_whisky_poc.csv,unmatched,
,,新白州 迷你酒,,False,90881,TW,my9買酒網,,2026-05-30,overseas,2026-05_tw_whisky_poc.csv,unmatched,
,,山崎 12年 迷你酒,,False,80669,TW,my9買酒網,,2026-05-30,overseas,2026-05_tw_whisky_poc.csv,unmatched,
,,格蘭多納 31年單桶原酒 1990 #7423,,False,4074268,TW,my9買酒網,,2026-05-30,overseas,2026-05_tw_whisky_poc.csv,unmatched,
,,格蘭多納 29年單桶原酒 1991 #7708,,False,3053148,TW,my9買酒網,,2026-05-30,overseas,2026-05_tw_whisky_poc.csv,unmatched,
,,格蘭多納 GRANDEUR系列 29年 BATCH 12,,False,3859832,TW,my9買酒網,,2026-05-30,overseas,2026-05_tw_whisky_poc.csv,unmatched,
,,神偷 小麥小批次波本威士忌 (白標),,False,89858,TW,my9買酒網,,2026-05-30,overseas,2026-05_tw_whisky_poc.csv,unmatched,
,,鷹睿 10年波本威士忌,,False,138873,TW,my9買酒網,,2026-05-30,overseas,2026-05_tw_whisky_poc.csv,unmatched,
,,京都威士忌 西陣織 黑帶,,False,183802,TW,my9買酒網,,2026-05-30,overseas,2026-05_tw_whisky_poc.csv,unmatched,
,,坦杜 2009年歐洲橡木雪莉單桶 NO.4536 台灣限定版,,False,1102809,TW,my9買酒網,,2026-05-30,overseas,2026-05_tw_whisky_poc.csv,unmatched,
,,坦杜 2008年美洲橡木雪莉單桶 NO.5409 台灣限定版,,False,1000697,TW,my9買酒網,,2026-05-30,overseas,2026-05_tw_whisky_poc.csv,unmatched,
,,紅馥 15年 單一蒸餾器 愛爾蘭威士忌,,False,232814,TW,my9買酒網,,2026-05-30,overseas,2026-05_tw_whisky_poc.csv,unmatched,
,,大摩 築光大師系列 NO.2 2024限定版,,False,917988,TW,my9買酒網,,2026-05-30,overseas,2026-05_tw_whisky_poc.csv,unmatched,
,,山崎 職魂之作 2024,,False,12049213,TW,my9買酒網,,2026-05-30,overseas,2026-05_tw_whisky_poc.csv,unmatched,
,,費特肯 貳號密藏系列 Batch 3,,False,336969,TW,my9買酒網,,2026-05-30,overseas,2026-05_tw_whisky_poc.csv,unmatched,
,,費特肯 貳號密藏系列 Batch 2,,False,336969,TW,my9買酒網,,2026-05-30,overseas,2026-05_tw_whisky_poc.csv,unmatched,
,,波摩 22年 Aston Martin 大師鉅作系列 第三版,,False,1838015,TW,my9買酒網,,2026-05-30,overseas,2026-05_tw_whisky_poc.csv,unmatched,
,,慕赫 15年 權力遊戲特別版 三眼烏鴉,,False,459504,TW,my9買酒網,,2026-05-30,overseas,2026-05_tw_whisky_poc.csv,unmatched,
,,格蘭利威 15年雪莉桶原酒 2024年限定版,,False,600419,TW,my9買酒網,,2026-05-30,overseas,2026-05_tw_whisky_poc.csv,unmatched,
,,泰斯卡 2022酒廠限定版,,False,137851,TW,my9買酒網,,2026-05-30,overseas,2026-05_tw_whisky_poc.csv,unmatched,
,,蘇格登 12年 (1L),1000,False,142856,TW,my9買酒網,,2026-05-30,overseas,2026-05_tw_whisky_poc.csv,unmatched,
,,麥卡倫 30年雪莉桶 (2018年),,False,23281530,TW,my9買酒網,,2026-05-30,overseas,2026-05_tw_whisky_poc.csv,unmatched,
,,京都威士忌 西陣織 紫帶,,False,191971,TW,my9買酒網,,2026-05-30,overseas,2026-05_tw_whisky_poc.csv,unmatched,
,,坦杜 珍藏版雪茄原酒第三版,,False,663728,TW,my9買酒網,,2026-05-30,overseas,2026-05_tw_whisky_poc.csv,unmatched,
,,噶瑪蘭 珍選NO.1 迷你酒,,False,12254,TW,my9買酒網,,2026-05-30,overseas,2026-05_tw_whisky_poc.csv,unmatched,
,,格蘭傑 東京物語,,False,224647,TW,my9買酒網,,2026-05-30,overseas,2026-05_tw_whisky_poc.csv,unmatched,
,,噶瑪蘭 波特桶,,False,222605,TW,my9買酒網,,2026-05-30,overseas,2026-05_tw_whisky_poc.csv,unmatched,
,,百富 18年 PX雪莉桶,,False,663728,TW,my9買酒網,,2026-05-30,overseas,2026-05_tw_whisky_poc.csv,unmatched,
,,大摩 典藏珍稀年份 VINTAGE 2003,,False,1409146,TW,my9買酒網,,2026-05-30,overseas,2026-05_tw_whisky_poc.csv,unmatched,
,,格蘭多納 桶裝強度原酒 BATCH 11,,False,260386,TW,my9買酒網,,2026-05-30,overseas,2026-05_tw_whisky_poc.csv,unmatched,
,,OMAR 龍騰青雲 三桶單一麥芽威士忌,,False,183802,TW,my9買酒網,,2026-05-30,overseas,2026-05_tw_whisky_poc.csv,unmatched,
,,噶瑪蘭 經典獨奏 波特桶原酒,,False,334926,TW,my9買酒網,,2026-05-30,overseas,2026-05_tw_whisky_poc.csv,unmatched,
,,格蘭利威 12年美國桶 200周年限定版,,False,140914,TW,my9買酒網,,2026-05-30,overseas,2026-05_tw_whisky_poc.csv,unmatched,
,,格蘭冠 DEVOTION 70年,,False,326758328,TW,my9買酒網,,2026-05-30,overseas,2026-05_tw_whisky_poc.csv,unmatched,
,,汀士頓 蛻變系列#3 蘊育者,,False,477884,TW,my9買酒網,,2026-05-30,overseas,2026-05_tw_whisky_poc.csv,unmatched,
,,高原騎士 15年 限量禮盒,,False,243026,TW,my9買酒網,,2026-05-30,overseas,2026-05_tw_whisky_poc.csv,unmatched,
,,波摩 22年 Aston Martin 大師鉅作系列 第二版,,False,1838015,TW,my9買酒網,,2026-05-30,overseas,2026-05_tw_whisky_poc.csv,unmatched,
,,齊侯門 五聖獸-青龍 單桶原酒2013#673,,False,428869,TW,my9買酒網,,2026-05-30,overseas,2026-05_tw_whisky_poc.csv,unmatched,
,,齊侯門 五聖獸-玄武 單桶原酒2012#264,,False,398237,TW,my9買酒網,,2026-05-30,overseas,2026-05_tw_whisky_poc.csv,unmatched,
,,齊侯門 五聖獸-白虎 單桶原酒2013#852,,False,398237,TW,my9買酒網,,2026-05-30,overseas,2026-05_tw_whisky_poc.csv,unmatched,
,,OMAR 14年原桶強度PX雪莉桶 「寶島采風」套組,,False,8679517,TW,my9買酒網,,2026-05-30,overseas,2026-05_tw_whisky_poc.csv,unmatched,
,,格蘭菲迪 21年 福鹿限定版,,False,477884,TW,my9買酒網,,2026-05-30,overseas,2026-05_tw_whisky_poc.csv,unmatched,
,,格蘭菲迪 18年 小批次雪莉桶,,False,250175,TW,my9買酒網,,2026-05-30,overseas,2026-05_tw_whisky_poc.csv,unmatched,
,,帝王 25年,,False,673940,TW,my9買酒網,,2026-05-30,overseas,2026-05_tw_whisky_poc.csv,unmatched,
,,帝王 四重陳釀 32年限量版,,False,1110978,TW,my9買酒網,,2026-05-30,overseas,2026-05_tw_whisky_poc.csv,unmatched,
,,老酋長 25年,,False,694362,TW,my9買酒網,,2026-05-30,overseas,2026-05_tw_whisky_poc.csv,unmatched,
,,麥卡倫 詹姆士龐德60週年限量版 DECADE VI,,False,4901374,TW,my9買酒網,,2026-05-30,overseas,2026-05_tw_whisky_poc.csv,unmatched,
,,麥卡倫 詹姆士龐德60週年限量版 DECADE I,,False,3573920,TW,my9買酒網,,2026-05-30,overseas,2026-05_tw_whisky_poc.csv,unmatched,
,,麥卡倫 詹姆士龐德60週年限量版 DECADE IV,,False,3573920,TW,my9買酒網,,2026-05-30,overseas,2026-05_tw_whisky_poc.csv,unmatched,
,,蘇魔克 黑啤酒桶,,False,142956,TW,my9買酒網,,2026-05-30,overseas,2026-05_tw_whisky_poc.csv,unmatched,
,,格蘭冠 雪莉原酒 台灣限定版,,False,194013,TW,my9買酒網,,2026-05-30,overseas,2026-05_tw_whisky_poc.csv,unmatched,
,,山崎12年+白州12年 百年紀念款套組,,False,1848227,TW,my9買酒網,,2026-05-30,overseas,2026-05_tw_whisky_poc.csv,unmatched,
,,SMOS 單桶系列 媞安尼克蒸餾廠(2007) 15年原酒,,False,326757,TW,my9買酒網,,2026-05-30,overseas,2026-05_tw_whisky_poc.csv,unmatched,
,,SMOS 單桶系列 低地區(2009) 13年原酒,,False,285914,TW,my9買酒網,,2026-05-30,overseas,2026-05_tw_whisky_poc.csv,unmatched,
,,SMOS 精選系列 艾雷島 30年原酒,,False,1409146,TW,my9買酒網,,2026-05-30,overseas,2026-05_tw_whisky_poc.csv,unmatched,
,,SMOS 精選系列 帝國蒸餾廠 26年原酒,,False,2603856,TW,my9買酒網,,2026-05-30,overseas,2026-05_tw_whisky_poc.csv,unmatched,
,,亞伯樂 17年小批次雙桶原酒,,False,898585,TW,my9買酒網,,2026-05-30,overseas,2026-05_tw_whisky_poc.csv,unmatched,
,,亞伯樂 15年小批次雙桶原酒,,False,592250,TW,my9買酒網,,2026-05-30,overseas,2026-05_tw_whisky_poc.csv,unmatched,
,,皇家禮炮 24年干邑桶 亞洲限定版,,False,454399,TW,my9買酒網,,2026-05-30,overseas,2026-05_tw_whisky_poc.csv,unmatched,
,,坦杜 雪莉桶原酒 生肖系列 龍年限定版,,False,304294,TW,my9買酒網,,2026-05-30,overseas,2026-05_tw_whisky_poc.csv,unmatched,
,,SMOS 精選系列 斯貝賽蒸餾廠 25年原酒,,False,776052,TW,my9買酒網,,2026-05-30,overseas,2026-05_tw_whisky_poc.csv,unmatched,
,,SMOS 精選系列 格蘭路思蒸餾廠 31年原酒,,False,2144352,TW,my9買酒網,,2026-05-30,overseas,2026-05_tw_whisky_poc.csv,unmatched,
,,SMOS 特選原桶系列 大雲蒸餾廠(2011) 10年,,False,204224,TW,my9買酒網,,2026-05-30,overseas,2026-05_tw_whisky_poc.csv,unmatched,
,,SMOS 特選原桶系列 本利林蒸餾廠(2009) 12年,,False,224647,TW,my9買酒網,,2026-05-30,overseas,2026-05_tw_whisky_poc.csv,unmatched,
,,馬克白A1 珍藏系列套組,,False,51055989,TW,my9買酒網,,2026-05-30,overseas,2026-05_tw_whisky_poc.csv,unmatched,
,,馬克白A1 家族系列-血腥中士 布萊爾阿蘇10年,,False,362498,TW,my9買酒網,,2026-05-30,overseas,2026-05_tw_whisky_poc.csv,unmatched,
,,馬克白A1 家族系列-西登 阿德莫爾12年,,False,382919,TW,my9買酒網,,2026-05-30,overseas,2026-05_tw_whisky_poc.csv,unmatched,
,,馬克白A1 兇手系列 馬爾島18年,,False,957300,TW,my9買酒網,,2026-05-30,overseas,2026-05_tw_whisky_poc.csv,unmatched,
,,馬克白A1 貴族系列-麥克德夫夫人 林克伍德31年,,False,2871900,TW,my9買酒網,,2026-05-30,overseas,2026-05_tw_whisky_poc.csv,unmatched,
,,馬克白A1 女巫系列 艾雷島19年,,False,2106059,TW,my9買酒網,,2026-05-30,overseas,2026-05_tw_whisky_poc.csv,unmatched,
,,馬克白A1 幽靈系列 坎伯斯31年,,False,1148759,TW,my9買酒網,,2026-05-30,overseas,2026-05_tw_whisky_poc.csv,unmatched,
,,馬克白A1 貴族系列-安格斯 格蘭蓋瑞31年,,False,2871900,TW,my9買酒網,,2026-05-30,overseas,2026-05_tw_whisky_poc.csv,unmatched,
,,馬克白A1 貴族系列-孟提斯 班瑞克31年,,False,2871900,TW,my9買酒網,,2026-05-30,overseas,2026-05_tw_whisky_poc.csv,unmatched,
,,齊侯門 PX雪莉桶 2023版,,False,280807,TW,my9買酒網,,2026-05-30,overseas,2026-05_tw_whisky_poc.csv,unmatched,
,,雅柏 畸形歪像限定版,,False,745417,TW,my9買酒網,,2026-05-30,overseas,2026-05_tw_whisky_poc.csv,unmatched,
,,齊侯門 台灣限定單桶 第三批次,,False,222605,TW,my9買酒網,,2026-05-30,overseas,2026-05_tw_whisky_poc.csv,unmatched,
,,格蘭花格 50年,,False,29101913,TW,my9買酒網,,2026-05-30,overseas,2026-05_tw_whisky_poc.csv,unmatched,
,,麥卡倫 春宴 2023,,False,375772,TW,my9買酒網,,2026-05-30,overseas,2026-05_tw_whisky_poc.csv,unmatched,
,,坦杜 珍藏版雪茄原酒第二版,,False,806582,TW,my9買酒網,,2026-05-30,overseas,2026-05_tw_whisky_poc.csv,unmatched,
,,歐本 11年限量原酒 海之女神 (帝亞吉歐2023臻選系列),,False,472778,TW,my9買酒網,,2026-05-30,overseas,2026-05_tw_whisky_poc.csv,unmatched,
,,慕赫 限量原酒 闇夜武侍 (帝亞吉歐2023臻選系列),,False,857741,TW,my9買酒網,,2026-05-30,overseas,2026-05_tw_whisky_poc.csv,unmatched,
,,格蘭昆奇 27年限量原酒 花卉寶藏 (帝亞吉歐2023臻選系列),,False,1146717,TW,my9買酒網,,2026-05-30,overseas,2026-05_tw_whisky_poc.csv,unmatched,
,,瑰嶼 12年限量原酒 摺紙風箏 (帝亞吉歐2023臻選系列),,False,405384,TW,my9買酒網,,2026-05-30,overseas,2026-05_tw_whisky_poc.csv,unmatched,
,,泰斯卡 限量原酒 狂野探險家 (帝亞吉歐2023臻選系列),,False,398237,TW,my9買酒網,,2026-05-30,overseas,2026-05_tw_whisky_poc.csv,unmatched,
,,格蘭多納 桶裝強度原酒 BATCH 12,,False,336969,TW,my9買酒網,,2026-05-30,overseas,2026-05_tw_whisky_poc.csv,unmatched,
,,歐肯 14年豐馥紫雪莉桶 台灣限定版,,False,127640,TW,my9買酒網,,2026-05-30,overseas,2026-05_tw_whisky_poc.csv,unmatched,
,,麥卡倫 黃金麥穗,,False,602462,TW,my9買酒網,,2026-05-30,overseas,2026-05_tw_whisky_poc.csv,unmatched,
,,帝亞吉歐 2023年度原酒臻選系列套組 無垠之旅,,False,4748207,TW,my9買酒網,,2026-05-30,overseas,2026-05_tw_whisky_poc.csv,unmatched,
,,山崎 2023年水楢桶限量版,,False,908796,TW,my9買酒網,,2026-05-30,overseas,2026-05_tw_whisky_poc.csv,unmatched,
,,雅柏 19年 第五版,,False,1276399,TW,my9買酒網,,2026-05-30,overseas,2026-05_tw_whisky_poc.csv,unmatched,
,,格蘭多納 25年單桶原酒 1994#5079,,False,2195407,TW,my9買酒網,,2026-05-30,overseas,2026-05_tw_whisky_poc.csv,unmatched,
,,格蘭多納 26年單桶原酒 1993#6733,,False,1786960,TW,my9買酒網,,2026-05-30,overseas,2026-05_tw_whisky_poc.csv,unmatched,
,,齊克倫 限量發行原酒系列 8年雪莉桶原酒,,False,649432,TW,my9買酒網,,2026-05-30,overseas,2026-05_tw_whisky_poc.csv,unmatched,
,,吉拉 15年雪莉桶,,False,140914,TW,my9買酒網,,2026-05-30,overseas,2026-05_tw_whisky_poc.csv,unmatched,
,,大摩 典藏珍稀年份 VINTAGE 2007,,False,704572,TW,my9買酒網,,2026-05-30,overseas,2026-05_tw_whisky_poc.csv,unmatched,
,,布萊迪 奧特摩 12.2,,False,602462,TW,my9買酒網,,2026-05-30,overseas,2026-05_tw_whisky_poc.csv,unmatched,
,,百樂門 臻選年份原桶強度2013 Batch 1,,False,200140,TW,my9買酒網,,2026-05-30,overseas,2026-05_tw_whisky_poc.csv,unmatched,
,,高原騎士 NO.1+NO.2+NO.3+NO.4 原酒套組,,False,1388723,TW,my9買酒網,,2026-05-30,overseas,2026-05_tw_whisky_poc.csv,unmatched,
,,高原騎士 原酒 NO.4,,False,347180,TW,my9買酒網,,2026-05-30,overseas,2026-05_tw_whisky_poc.csv,unmatched,
,,蒙面狄肯 蘇格蘭調和威士忌,,False,80669,TW,my9買酒網,,2026-05-30,overseas,2026-05_tw_whisky_poc.csv,unmatched,
,,魁列奇 23年,,False,1123232,TW,my9買酒網,,2026-05-30,overseas,2026-05_tw_whisky_poc.csv,unmatched,
,,魁列奇 19年,,False,561616,TW,my9買酒網,,2026-05-30,overseas,2026-05_tw_whisky_poc.csv,unmatched,
,,厚岸蒸餾所 立冬,,False,1276297,TW,my9買酒網,,2026-05-30,overseas,2026-05_tw_whisky_poc.csv,unmatched,
,,厚岸蒸餾所 大寒 2022限定版調和威士忌,,False,970065,TW,my9買酒網,,2026-05-30,overseas,2026-05_tw_whisky_poc.csv,unmatched,
,,厚岸蒸餾所 處暑,,False,1113021,TW,my9買酒網,,2026-05-30,overseas,2026-05_tw_whisky_poc.csv,unmatched,
,,雅柏 神話選輯 傳奇首部曲 鷹身女妖限定版,,False,592250,TW,my9買酒網,,2026-05-30,overseas,2026-05_tw_whisky_poc.csv,unmatched,
,,百富 故事系列 19年桶錘之藝,,False,939430,TW,my9買酒網,,2026-05-30,overseas,2026-05_tw_whisky_poc.csv,unmatched,
,,帝王 18年,,False,183699,TW,my9買酒網,,2026-05-30,overseas,2026-05_tw_whisky_poc.csv,unmatched,
,,塔木嶺 玩桶系列 西班牙格那希紅酒桶,,False,71376,TW,my9買酒網,,2026-05-30,overseas,2026-05_tw_whisky_poc.csv,unmatched,
,,塔木嶺 玩桶系列 德國黑皮諾紅酒桶,,False,71376,TW,my9買酒網,,2026-05-30,overseas,2026-05_tw_whisky_poc.csv,unmatched,
,,雅墨 15年 珍稀選桶系列 干型瑪莎拉桶,,False,396195,TW,my9買酒網,,2026-05-30,overseas,2026-05_tw_whisky_poc.csv,unmatched,
,,雅墨 15年 珍稀選桶系列 甜型瑪莎拉桶,,False,396195,TW,my9買酒網,,2026-05-30,overseas,2026-05_tw_whisky_poc.csv,unmatched,
,,雅墨 15年 珍稀選桶系列 紅寶石瑪莎拉桶,,False,396195,TW,my9買酒網,,2026-05-30,overseas,2026-05_tw_whisky_poc.csv,unmatched,
,,百富 30年,,False,6310520,TW,my9買酒網,,2026-05-30,overseas,2026-05_tw_whisky_poc.csv,unmatched,
,,布魯克 裸麥威士忌,,False,87816,TW,my9買酒網,,2026-05-30,overseas,2026-05_tw_whisky_poc.csv,unmatched,
,,布萊迪 波夏 PMC波美侯紅酒桶,,False,336969,TW,my9買酒網,,2026-05-30,overseas,2026-05_tw_whisky_poc.csv,unmatched,
,,傑克丹尼 田納西蜂蜜威士忌利口酒,,False,71376,TW,my9買酒網,,2026-05-30,overseas,2026-05_tw_whisky_poc.csv,unmatched,
,,老酋長 1998雪莉桶原酒,,False,1225344,TW,my9買酒網,,2026-05-30,overseas,2026-05_tw_whisky_poc.csv,unmatched,
,,費特肯 18年 (2023年),,False,600419,TW,my9買酒網,,2026-05-30,overseas,2026-05_tw_whisky_poc.csv,unmatched,
,,費特肯 十四號秘藏系列 Batch 1 (2023年),,False,296125,TW,my9買酒網,,2026-05-30,overseas,2026-05_tw_whisky_poc.csv,unmatched,
,,吉拉 18年 獨獻台灣特仕版禮盒,,False,260386,TW,my9買酒網,,2026-05-30,overseas,2026-05_tw_whisky_poc.csv,unmatched,
,,麥卡倫 CLASSIC CUT 2023,,False,398237,TW,my9買酒網,,2026-05-30,overseas,2026-05_tw_whisky_poc.csv,unmatched,
,,百樂門 2012泥煤煙燻波本桶,,False,183802,TW,my9買酒網,,2026-05-30,overseas,2026-05_tw_whisky_poc.csv,unmatched,
,,格蘭菲迪 時光臻藏系列 40年,,False,15112572,TW,my9買酒網,,2026-05-30,overseas,2026-05_tw_whisky_poc.csv,unmatched,
,,格蘭菲迪 時光臻藏系列 30年,,False,3778143,TW,my9買酒網,,2026-05-30,overseas,2026-05_tw_whisky_poc.csv,unmatched,
,,大摩 五重奏,,False,357392,TW,my9買酒網,,2026-05-30,overseas,2026-05_tw_whisky_poc.csv,unmatched,
,,艾德多爾 泥煤13年原酒 BATCH 1,,False,361476,TW,my9買酒網,,2026-05-30,overseas,2026-05_tw_whisky_poc.csv,unmatched,
,,艾德多爾 泥煤18年原酒 BATCH 1,,False,549362,TW,my9買酒網,,2026-05-30,overseas,2026-05_tw_whisky_poc.csv,unmatched,
,,噶瑪蘭 山川首席 雪莉風味桶,,False,137851,TW,my9買酒網,,2026-05-30,overseas,2026-05_tw_whisky_poc.csv,unmatched,
,,鉑仕麥 25年 波特桶,,False,2348576,TW,my9買酒網,,2026-05-30,overseas,2026-05_tw_whisky_poc.csv,unmatched,
,,格蘭花格 紅門窖藏原酒系列 EDITION 10 2014,,False,210351,TW,my9買酒網,,2026-05-30,overseas,2026-05_tw_whisky_poc.csv,unmatched,
,,格蘭花格 紅門窖藏原酒系列 EDITION 9 2013,,False,231794,TW,my9買酒網,,2026-05-30,overseas,2026-05_tw_whisky_poc.csv,unmatched,
,,格蘭花格 紅門窖藏原酒系列三入套組 (2013+2014+2015)(不含外盒),,False,635136,TW,my9買酒網,,2026-05-30,overseas,2026-05_tw_whisky_poc.csv,unmatched,
,,坦杜 18年雪莉桶,,False,582039,TW,my9買酒網,,2026-05-30,overseas,2026-05_tw_whisky_poc.csv,unmatched,
,,格蘭花格 紅門窖藏原酒系列三入套組 (2005+2007+2012),,False,898585,TW,my9買酒網,,2026-05-30,overseas,2026-05_tw_whisky_poc.csv,unmatched,
,,白州 12年,,False,459504,TW,my9買酒網,,2026-05-30,overseas,2026-05_tw_whisky_poc.csv,unmatched,
,,山崎 12年 百年紀念款,,False,908796,TW,my9買酒網,,2026-05-30,overseas,2026-05_tw_whisky_poc.csv,unmatched,
,,OMAR 13年原桶強度PX雪莉桶 「花間酌趣」套組,,False,8679517,TW,my9買酒網,,2026-05-30,overseas,2026-05_tw_whisky_poc.csv,unmatched,
,,泰斯卡 PARLEY聯名限量版,,False,285914,TW,my9買酒網,,2026-05-30,overseas,2026-05_tw_whisky_poc.csv,unmatched,
,,雅柏 19年 第三版,,False,1613370,TW,my9買酒網,,2026-05-30,overseas,2026-05_tw_whisky_poc.csv,unmatched,
,,雅柏 19年 第二版,,False,1715482,TW,my9買酒網,,2026-05-30,overseas,2026-05_tw_whisky_poc.csv,unmatched,
,,天空之島 30年,,False,643305,TW,my9買酒網,,2026-05-30,overseas,2026-05_tw_whisky_poc.csv,unmatched,
,,天空之島 25年,,False,510459,TW,my9買酒網,,2026-05-30,overseas,2026-05_tw_whisky_poc.csv,unmatched,
,,天空之島 21年,,False,219540,TW,my9買酒網,,2026-05-30,overseas,2026-05_tw_whisky_poc.csv,unmatched,
,,皇家柏克萊 傑出桶陳系列 15年FINO雪莉桶,,False,385984,TW,my9買酒網,,2026-05-30,overseas,2026-05_tw_whisky_poc.csv,unmatched,
,,齊克倫 限量發行原酒系列 8年波本桶原酒,,False,326757,TW,my9買酒網,,2026-05-30,overseas,2026-05_tw_whisky_poc.csv,unmatched,
,,艾德多爾 21年雪莉桶原酒,,False,1194710,TW,my9買酒網,,2026-05-30,overseas,2026-05_tw_whisky_poc.csv,unmatched,
,,艾德多爾 10年,,False,148063,TW,my9買酒網,,2026-05-30,overseas,2026-05_tw_whisky_poc.csv,unmatched,
,,傑克丹尼 田納西蘋果威士忌利口酒,,False,71376,TW,my9買酒網,,2026-05-30,overseas,2026-05_tw_whisky_poc.csv,unmatched,
,,亞伯樂 12年 (非冷凝過濾),,False,120493,TW,my9買酒網,,2026-05-30,overseas,2026-05_tw_whisky_poc.csv,unmatched,
,,格蘭哥尼 原酒 BATCH 9,,False,214436,TW,my9買酒網,,2026-05-30,overseas,2026-05_tw_whisky_poc.csv,unmatched,
,,麥卡倫 奢想 2022,,False,918905,TW,my9買酒網,,2026-05-30,overseas,2026-05_tw_whisky_poc.csv,unmatched,
,,麥卡倫 奢想 2021,,False,918905,TW,my9買酒網,,2026-05-30,overseas,2026-05_tw_whisky_poc.csv,unmatched,
,,麥卡倫 奢想 2023,,False,918905,TW,my9買酒網,,2026-05-30,overseas,2026-05_tw_whisky_poc.csv,unmatched,
,,艾樂奇 10年 原酒裝瓶核心系列 第9批次,,False,243026,TW,my9買酒網,,2026-05-30,overseas,2026-05_tw_whisky_poc.csv,unmatched,
,,百富 25年 珍稀系列,,False,2940824,TW,my9買酒網,,2026-05-30,overseas,2026-05_tw_whisky_poc.csv,unmatched,
,,艾倫 25年,,False,1786960,TW,my9買酒網,,2026-05-30,overseas,2026-05_tw_whisky_poc.csv,unmatched,
,,艾雷元素 雪莉版 艾雷島調和麥芽蘇格蘭威士忌,,False,245068,TW,my9買酒網,,2026-05-30,overseas,2026-05_tw_whisky_poc.csv,unmatched,
,,艾雷元素 經典版 艾雷島調和麥芽蘇格蘭威士忌,,False,153167,TW,my9買酒網,,2026-05-30,overseas,2026-05_tw_whisky_poc.csv,unmatched,
,,艾樂奇 11年原酒 2023台灣限定版,,False,406406,TW,my9買酒網,,2026-05-30,overseas,2026-05_tw_whisky_poc.csv,unmatched,
,,班瑞克 16年,,False,168485,TW,my9買酒網,,2026-05-30,overseas,2026-05_tw_whisky_poc.csv,unmatched,
,,亞伯樂 16年雙桶,,False,234857,TW,my9買酒網,,2026-05-30,overseas,2026-05_tw_whisky_poc.csv,unmatched,
,,赫文 第谷之星 單一麥芽威士忌,,False,183802,TW,my9買酒網,,2026-05-30,overseas,2026-05_tw_whisky_poc.csv,unmatched,
,,波摩 18年 大師鉅作系列 Aston Martin 聯名款,,False,592250,TW,my9買酒網,,2026-05-30,overseas,2026-05_tw_whisky_poc.csv,unmatched,
,,百富 25年經典三桶,,False,3012304,TW,my9買酒網,,2026-05-30,overseas,2026-05_tw_whisky_poc.csv,unmatched,
,,吉拉 桶藝系列 紅酒桶,,False,110281,TW,my9買酒網,,2026-05-30,overseas,2026-05_tw_whisky_poc.csv,unmatched,
,,百樂門 三次蒸餾2011限量版,,False,173590,TW,my9買酒網,,2026-05-30,overseas,2026-05_tw_whisky_poc.csv,unmatched,
,,大摩 璀璨21年,,False,2501743,TW,my9買酒網,,2026-05-30,overseas,2026-05_tw_whisky_poc.csv,unmatched,
,,百富 40年 Batch 5 草寫版,,False,27059673,TW,my9買酒網,,2026-05-30,overseas,2026-05_tw_whisky_poc.csv,unmatched,
,,百富 40年 Batch 4 草寫版,,False,27570234,TW,my9買酒網,,2026-05-30,overseas,2026-05_tw_whisky_poc.csv,unmatched,
,,約翰走路 金牌珍藏 (1L),1000,False,120493,TW,my9買酒網,,2026-05-30,overseas,2026-05_tw_whisky_poc.csv,unmatched,
,,傑克丹尼 田納西蘋果威士忌利口酒 迷你酒,,False,8169,TW,my9買酒網,,2026-05-30,overseas,2026-05_tw_whisky_poc.csv,unmatched,
,,麥卡倫 M BLACK 2022,,False,20218171,TW,my9買酒網,,2026-05-30,overseas,2026-05_tw_whisky_poc.csv,unmatched,
,,麥卡倫 絢儷系列M 2022,,False,19197051,TW,my9買酒網,,2026-05-30,overseas,2026-05_tw_whisky_poc.csv,unmatched,
,,傑克丹尼 田納西蜂蜜威士忌利口酒 迷你酒,,False,8169,TW,my9買酒網,,2026-05-30,overseas,2026-05_tw_whisky_poc.csv,unmatched,
,,戶河内 8年調和威士忌,,False,191971,TW,my9買酒網,,2026-05-30,overseas,2026-05_tw_whisky_poc.csv,unmatched,
,,櫻尾 單一麥芽威士忌,,False,270598,TW,my9買酒網,,2026-05-30,overseas,2026-05_tw_whisky_poc.csv,unmatched,
,,費特肯 18年,,False,600419,TW,my9買酒網,,2026-05-30,overseas,2026-05_tw_whisky_poc.csv,unmatched,
,,約翰走路 藍牌 (1L),1000,False,509539,TW,my9買酒網,,2026-05-30,overseas,2026-05_tw_whisky_poc.csv,unmatched,
,,皇家禮炮 38年,,False,3042936,TW,my9買酒網,,2026-05-30,overseas,2026-05_tw_whisky_poc.csv,unmatched,
,,艾樂奇 9年 精選葡萄萄酒桶特調,,False,232814,TW,my9買酒網,,2026-05-30,overseas,2026-05_tw_whisky_poc.csv,unmatched,
,,格蘭哥尼 15年,,False,183699,TW,my9買酒網,,2026-05-30,overseas,2026-05_tw_whisky_poc.csv,unmatched,
,,撒旦 肉桂威士忌利口酒,,False,66373,TW,my9買酒網,,2026-05-30,overseas,2026-05_tw_whisky_poc.csv,unmatched,
,,坦杜 限量批次雪莉桶原酒 NO.7,,False,428869,TW,my9買酒網,,2026-05-30,overseas,2026-05_tw_whisky_poc.csv,unmatched,
,,卡斯可 2000 Dumbarton 單桶蘇格蘭威士忌原酒,,False,694362,TW,my9買酒網,,2026-05-30,overseas,2026-05_tw_whisky_poc.csv,unmatched,
,,克里尼基 12年限量原酒 金眸豹貓 (帝亞吉歐2022臻選系列),,False,607566,TW,my9買酒網,,2026-05-30,overseas,2026-05_tw_whisky_poc.csv,unmatched,
,,蘇格登 15年限量原酒 至日女巫 (帝亞吉歐2022臻選系列),,False,385984,TW,my9買酒網,,2026-05-30,overseas,2026-05_tw_whisky_poc.csv,unmatched,
,,慕赫 限量原酒 血月夜梟 (帝亞吉歐2022臻選系列),,False,898585,TW,my9買酒網,,2026-05-30,overseas,2026-05_tw_whisky_poc.csv,unmatched,
,,歐本 10年限量原酒 極光聖使 (帝亞吉歐2022臻選系列),,False,396195,TW,my9買酒網,,2026-05-30,overseas,2026-05_tw_whisky_poc.csv,unmatched,
,,卡杜 16年限量原酒 曜岩仙境 (帝亞吉歐2022臻選系列),,False,600419,TW,my9買酒網,,2026-05-30,overseas,2026-05_tw_whisky_poc.csv,unmatched,
,,泰斯卡 11年限量原酒 深海燦光 (帝亞吉歐2022臻選系列),,False,357392,TW,my9買酒網,,2026-05-30,overseas,2026-05_tw_whisky_poc.csv,unmatched,
,,帝亞吉歐 2022年度原酒臻選系列套組 神話再現,,False,4901374,TW,my9買酒網,,2026-05-30,overseas,2026-05_tw_whisky_poc.csv,unmatched,
,,塔木嶺 玩桶系列 白蘇維濃葡萄酒桶,,False,71376,TW,my9買酒網,,2026-05-30,overseas,2026-05_tw_whisky_poc.csv,unmatched,
,,巴素海頓 波本威士忌 (1L),1000,False,142956,TW,my9買酒網,,2026-05-30,overseas,2026-05_tw_whisky_poc.csv,unmatched,
,,艾樂奇 21年 原酒裝瓶核心系列 第三批次,,False,2123929,TW,my9買酒網,,2026-05-30,overseas,2026-05_tw_whisky_poc.csv,unmatched,
,,格蘭冠 輕雪莉威士忌,,False,102112,TW,my9買酒網,,2026-05-30,overseas,2026-05_tw_whisky_poc.csv,unmatched,
,,格蘭冠 12年,,False,107217,TW,my9買酒網,,2026-05-30,overseas,2026-05_tw_whisky_poc.csv,unmatched,
,,響 櫻花 2022限定版,,False,908796,TW,my9買酒網,,2026-05-30,overseas,2026-05_tw_whisky_poc.csv,unmatched,
,,蘇魔克 龍舌蘭風味桶,,False,148063,TW,my9買酒網,,2026-05-30,overseas,2026-05_tw_whisky_poc.csv,unmatched,
,,格蘭傑 14年波特桶 2023新包裝,,False,134789,TW,my9買酒網,,2026-05-30,overseas,2026-05_tw_whisky_poc.csv,unmatched,
,,高原騎士 黑劍,,False,479927,TW,my9買酒網,,2026-05-30,overseas,2026-05_tw_whisky_poc.csv,unmatched,
,,亞伯樂 18年雙桶,,False,387924,TW,my9買酒網,,2026-05-30,overseas,2026-05_tw_whisky_poc.csv,unmatched,
,,坦杜 兔年生肖版 亞洲獨家限量版雪莉桶批次原酒,,False,304294,TW,my9買酒網,,2026-05-30,overseas,2026-05_tw_whisky_poc.csv,unmatched,
,,白色石楠花系列 21年,,False,510459,TW,my9買酒網,,2026-05-30,overseas,2026-05_tw_whisky_poc.csv,unmatched,
,,MacNair's Lum Reek 21年泥煤款純麥威士忌,,False,408347,TW,my9買酒網,,2026-05-30,overseas,2026-05_tw_whisky_poc.csv,unmatched,
,,MacNair's Lum Reek 12年泥煤款純麥威士忌,,False,188906,TW,my9買酒網,,2026-05-30,overseas,2026-05_tw_whisky_poc.csv,unmatched,
,,麥卡倫 阿拉比卡之旅,,False,500350,TW,my9買酒網,,2026-05-30,overseas,2026-05_tw_whisky_poc.csv,unmatched,
,,格蘭花格 福爾摩沙精選第三批次 2022年度臻選限量典藏組,,False,8761208,TW,my9買酒網,,2026-05-30,overseas,2026-05_tw_whisky_poc.csv,unmatched,
,,格蘭花格 福爾摩沙精選第三批次 1991#5680 單桶原酒,,False,2430265,TW,my9買酒網,,2026-05-30,overseas,2026-05_tw_whisky_poc.csv,unmatched,
,,格蘭花格 福爾摩沙精選第三批次 1990#9257 單桶原酒,,False,2634490,TW,my9買酒網,,2026-05-30,overseas,2026-05_tw_whisky_poc.csv,unmatched,
,,格蘭花格 福爾摩沙精選第三批次 1989#13032 單桶原酒,,False,2940824,TW,my9買酒網,,2026-05-30,overseas,2026-05_tw_whisky_poc.csv,unmatched,
,,白色石楠花系列 15年,,False,204122,TW,my9買酒網,,2026-05-30,overseas,2026-05_tw_whisky_poc.csv,unmatched,
,,約翰走路 藍牌 幽靈第五版,,False,815875,TW,my9買酒網,,2026-05-30,overseas,2026-05_tw_whisky_poc.csv,unmatched,
,,道格拉斯蘭恩 黃金鼠12年 蘇格蘭調和麥芽威士忌,,False,229752,TW,my9買酒網,,2026-05-30,overseas,2026-05_tw_whisky_poc.csv,unmatched,
,,格蘭哥尼 傳奇系列第三章,,False,199118,TW,my9買酒網,,2026-05-30,overseas,2026-05_tw_whisky_poc.csv,unmatched,
,,格蘭多納 GRANDEUR系列 28年 BATCH 11,,False,4288703,TW,my9買酒網,,2026-05-30,overseas,2026-05_tw_whisky_poc.csv,unmatched,
,,道格拉斯蘭恩 泥煤哥 聖誕限量版,,False,199118,TW,my9買酒網,,2026-05-30,overseas,2026-05_tw_whisky_poc.csv,unmatched,
,,噶瑪蘭 山川首席 葡萄酒風味桶,,False,137851,TW,my9買酒網,,2026-05-30,overseas,2026-05_tw_whisky_poc.csv,unmatched,
,,雅柏 黑暗神祕之地,,False,224647,TW,my9買酒網,,2026-05-30,overseas,2026-05_tw_whisky_poc.csv,unmatched,
,,坦杜 臻橡系列 美國白橡木雪莉桶,,False,469715,TW,my9買酒網,,2026-05-30,overseas,2026-05_tw_whisky_poc.csv,unmatched,
,,歐肯 21年,,False,377712,TW,my9買酒網,,2026-05-30,overseas,2026-05_tw_whisky_poc.csv,unmatched,
,,雅柏 特超新星 委員會限定版,,False,1613370,TW,my9買酒網,,2026-05-30,overseas,2026-05_tw_whisky_poc.csv,unmatched,
,,艾樂奇 11年 茶色波特桶 亞洲限定版原酒,,False,388026,TW,my9買酒網,,2026-05-30,overseas,2026-05_tw_whisky_poc.csv,unmatched,
,,艾樂奇 4年煙燻泥煤原酒 Billy Walker 50週年紀念款,,False,541193,TW,my9買酒網,,2026-05-30,overseas,2026-05_tw_whisky_poc.csv,unmatched,
,,艾樂奇 2011/11年 波特桶單桶原酒 #7460,,False,561616,TW,my9買酒網,,2026-05-30,overseas,2026-05_tw_whisky_poc.csv,unmatched,
,,泰斯卡 18年,,False,495243,TW,my9買酒網,,2026-05-30,overseas,2026-05_tw_whisky_poc.csv,unmatched,
,,穀蘊 雪莉桶 原桶強度 單一穀類威士忌,,False,306337,TW,my9買酒網,,2026-05-30,overseas,2026-05_tw_whisky_poc.csv,unmatched,
,,嘉之助蒸餾所 NEW POT (200ml),200,True,95985,TW,my9買酒網,,2026-05-30,overseas,2026-05_tw_whisky_poc.csv,excluded,non_unit
,,醉美珍稀調和原酒 1965/53年,,False,2532378,TW,my9買酒網,,2026-05-30,overseas,2026-05_tw_whisky_poc.csv,unmatched,
,,格蘭傑 1998,,False,2123929,TW,my9買酒網,,2026-05-30,overseas,2026-05_tw_whisky_poc.csv,unmatched,
,,高原騎士 NO.1+NO.2+NO.3 原酒套組,,False,1021018,TW,my9買酒網,,2026-05-30,overseas,2026-05_tw_whisky_poc.csv,unmatched,
,,艾樂奇 15年,,False,243026,TW,my9買酒網,,2026-05-30,overseas,2026-05_tw_whisky_poc.csv,unmatched,
,,皇家禮炮 30年 王者之鑰,,False,1072175,TW,my9買酒網,,2026-05-30,overseas,2026-05_tw_whisky_poc.csv,unmatched,
,,波摩 18年,,False,301230,TW,my9買酒網,,2026-05-30,overseas,2026-05_tw_whisky_poc.csv,unmatched,
,,麥卡倫 CLASSIC CUT 2022,,False,398237,TW,my9買酒網,,2026-05-30,overseas,2026-05_tw_whisky_poc.csv,unmatched,
,,麥卡倫 30年雪莉雙桶 (2022年),,False,13785118,TW,my9買酒網,,2026-05-30,overseas,2026-05_tw_whisky_poc.csv,unmatched,
,,麥卡倫 30年雪莉桶 (2022年),,False,18073819,TW,my9買酒網,,2026-05-30,overseas,2026-05_tw_whisky_poc.csv,unmatched,
,,麥卡倫 25年雪莉桶 (2022年),,False,7352063,TW,my9買酒網,,2026-05-30,overseas,2026-05_tw_whisky_poc.csv,unmatched,
,,雅柏 19年 第四版,,False,1531681,TW,my9買酒網,,2026-05-30,overseas,2026-05_tw_whisky_poc.csv,unmatched,
,,格蘭利威 12年 (1L),1000,False,110281,TW,my9買酒網,,2026-05-30,overseas,2026-05_tw_whisky_poc.csv,unmatched,
,,高原騎士 25年,,False,1889072,TW,my9買酒網,,2026-05-30,overseas,2026-05_tw_whisky_poc.csv,unmatched,
,,大摩 18年,,False,735206,TW,my9買酒網,,2026-05-30,overseas,2026-05_tw_whisky_poc.csv,unmatched,
,,翰格俱樂部 穀物威士忌,,False,77605,TW,my9買酒網,,2026-05-30,overseas,2026-05_tw_whisky_poc.csv,unmatched,
,,百富 15年 馬德拉桶,,False,312463,TW,my9買酒網,,2026-05-30,overseas,2026-05_tw_whisky_poc.csv,unmatched,
,,齊克倫 16年,,False,433976,TW,my9買酒網,,2026-05-30,overseas,2026-05_tw_whisky_poc.csv,unmatched,
,,齊克倫 12年,,False,178697,TW,my9買酒網,,2026-05-30,overseas,2026-05_tw_whisky_poc.csv,unmatched,
,,約翰走路 黑牌12年 (1L),1000,False,80158,TW,my9買酒網,,2026-05-30,overseas,2026-05_tw_whisky_poc.csv,unmatched,
,,艾樂奇 8年核心系列,,False,110281,TW,my9買酒網,,2026-05-30,overseas,2026-05_tw_whisky_poc.csv,unmatched,
,,高原騎士 18年單桶 #3165,,False,1715482,TW,my9買酒網,,2026-05-30,overseas,2026-05_tw_whisky_poc.csv,unmatched,
,,蘇格登 25年 歐版,,False,1424462,TW,my9買酒網,,2026-05-30,overseas,2026-05_tw_whisky_poc.csv,unmatched,
,,格蘭多納 27年單桶原酒 1991#8024,,False,2021817,TW,my9買酒網,,2026-05-30,overseas,2026-05_tw_whisky_poc.csv,unmatched,
,,格蘭多納 27年單桶原酒 1991#8025,,False,2021817,TW,my9買酒網,,2026-05-30,overseas,2026-05_tw_whisky_poc.csv,unmatched,
,,高原騎士 原酒 NO.2,,False,347180,TW,my9買酒網,,2026-05-30,overseas,2026-05_tw_whisky_poc.csv,unmatched,
,,蘇格登 時光協奏第二樂章 39年原酒,,False,8679517,TW,my9買酒網,,2026-05-30,overseas,2026-05_tw_whisky_poc.csv,unmatched,
,,格蘭傑 1996,,False,2123929,TW,my9買酒網,,2026-05-30,overseas,2026-05_tw_whisky_poc.csv,unmatched,
,,齊侯門 單桶原酒 2015#321,,False,357392,TW,my9買酒網,,2026-05-30,overseas,2026-05_tw_whisky_poc.csv,unmatched,
,,齊侯門 單桶原酒 2013#343,,False,357392,TW,my9買酒網,,2026-05-30,overseas,2026-05_tw_whisky_poc.csv,unmatched,
,,1776 波本威士忌,,False,155721,TW,my9買酒網,,2026-05-30,overseas,2026-05_tw_whisky_poc.csv,unmatched,
,,歐佛斯特 經典86波本威士忌,,False,66373,TW,my9買酒網,,2026-05-30,overseas,2026-05_tw_whisky_poc.csv,unmatched,
,,亞伯樂 A' Bunadh Alba 波本桶珍稀原酒,,False,183699,TW,my9買酒網,,2026-05-30,overseas,2026-05_tw_whisky_poc.csv,unmatched,
,,格蘭帝 25年,,False,2246464,TW,my9買酒網,,2026-05-30,overseas,2026-05_tw_whisky_poc.csv,unmatched,
,,百樂門 15年,,False,199118,TW,my9買酒網,,2026-05-30,overseas,2026-05_tw_whisky_poc.csv,unmatched,
,,蘇格登 醇金13年,,False,138873,TW,my9買酒網,,2026-05-30,overseas,2026-05_tw_whisky_poc.csv,unmatched,
,,老酋長 2006炫紫版 限量批次原酒,,False,898585,TW,my9買酒網,,2026-05-30,overseas,2026-05_tw_whisky_poc.csv,unmatched,
,,歐肯 白蘇維濃桶,,False,142856,TW,my9買酒網,,2026-05-30,overseas,2026-05_tw_whisky_poc.csv,unmatched,
,,泰斯卡 X系列 44年限量原酒,,False,15112572,TW,my9買酒網,,2026-05-30,overseas,2026-05_tw_whisky_poc.csv,unmatched,
,,格蘭利威 13年雪莉桶,,False,202182,TW,my9買酒網,,2026-05-30,overseas,2026-05_tw_whisky_poc.csv,unmatched,
,,格蘭花格 紅門窖藏原酒系列 2005,,False,385984,TW,my9買酒網,,2026-05-30,overseas,2026-05_tw_whisky_poc.csv,unmatched,
,,格蘭花格 紅門窖藏原酒系列 2007,,False,325737,TW,my9買酒網,,2026-05-30,overseas,2026-05_tw_whisky_poc.csv,unmatched,
,,格蘭花格 紅門窖藏原酒系列 2012,,False,214436,TW,my9買酒網,,2026-05-30,overseas,2026-05_tw_whisky_poc.csv,unmatched,
,,艾倫 雪莉桶,,False,150105,TW,my9買酒網,,2026-05-30,overseas,2026-05_tw_whisky_poc.csv,unmatched,
,,波摩 25年,,False,1725692,TW,my9買酒網,,2026-05-30,overseas,2026-05_tw_whisky_poc.csv,unmatched,
,,帝王 12年,,False,59020,TW,my9買酒網,,2026-05-30,overseas,2026-05_tw_whisky_poc.csv,unmatched,
,,山蹄士 泥煤原酒 單一麥芽威士忌 (700ml),700,False,248132,TW,my9買酒網,,2026-05-30,overseas,2026-05_tw_whisky_poc.csv,unmatched,
,,格蘭菲迪 26年干邑桶,,False,1926854,TW,my9買酒網,,2026-05-30,overseas,2026-05_tw_whisky_poc.csv,unmatched,
,,艾柏迪 28年 Oloroso雪莉桶,,False,2021817,TW,my9買酒網,,2026-05-30,overseas,2026-05_tw_whisky_poc.csv,unmatched,
,,麥卡倫 可可協奏曲,,False,500350,TW,my9買酒網,,2026-05-30,overseas,2026-05_tw_whisky_poc.csv,unmatched,
,,班瑞克 25年 1994#1849 PX單桶原酒,,False,1021018,TW,my9買酒網,,2026-05-30,overseas,2026-05_tw_whisky_poc.csv,unmatched,
,,格蘭路思 雪莉單桶印象系列套組,,False,2263822,TW,my9買酒網,,2026-05-30,overseas,2026-05_tw_whisky_poc.csv,unmatched,
,,卡爾里拉 25年,,False,1378511,TW,my9買酒網,,2026-05-30,overseas,2026-05_tw_whisky_poc.csv,unmatched,
,,魁列奇 27年法國蘇玳桶,,False,2450688,TW,my9買酒網,,2026-05-30,overseas,2026-05_tw_whisky_poc.csv,unmatched,
,,百富故事系列 A CLASSIC 經典之作,,False,172570,TW,my9買酒網,,2026-05-30,overseas,2026-05_tw_whisky_poc.csv,unmatched,
,,麥卡倫 絢儷系列M 2020,,False,19299164,TW,my9買酒網,,2026-05-30,overseas,2026-05_tw_whisky_poc.csv,unmatched,
,,噶瑪蘭 經典獨奏 MOSCATEL雪莉桶原酒,,False,776052,TW,my9買酒網,,2026-05-30,overseas,2026-05_tw_whisky_poc.csv,unmatched,
,,大摩 三重奏,,False,173488,TW,my9買酒網,,2026-05-30,overseas,2026-05_tw_whisky_poc.csv,unmatched,
,,大摩 四重奏,,False,275702,TW,my9買酒網,,2026-05-30,overseas,2026-05_tw_whisky_poc.csv,unmatched,
,,雅墨 21年,,False,561616,TW,my9買酒網,,2026-05-30,overseas,2026-05_tw_whisky_poc.csv,unmatched,
,,噶瑪蘭 經典獨奏 OLOROSO雪莉桶原酒,,False,334926,TW,my9買酒網,,2026-05-30,overseas,2026-05_tw_whisky_poc.csv,unmatched,
,,格蘭傑 1997,,False,2123929,TW,my9買酒網,,2026-05-30,overseas,2026-05_tw_whisky_poc.csv,unmatched,
,,百富 16年 法國皮諾甜酒桶,,False,345138,TW,my9買酒網,,2026-05-30,overseas,2026-05_tw_whisky_poc.csv,unmatched,
,,百樂門 10年,,False,102010,TW,my9買酒網,,2026-05-30,overseas,2026-05_tw_whisky_poc.csv,unmatched,
,,皇家禮炮 21年 (3L/附陳列鐵架),3000,False,1521469,TW,my9買酒網,,2026-05-30,overseas,2026-05_tw_whisky_poc.csv,unmatched,
,,OMAR 豐收系列 NO.1,,False,561616,TW,my9買酒網,,2026-05-30,overseas,2026-05_tw_whisky_poc.csv,unmatched,
,,OMAR 豐收系列 NO.3,,False,204122,TW,my9買酒網,,2026-05-30,overseas,2026-05_tw_whisky_poc.csv,unmatched,
,,金賓 波本威士忌 (1.75L),1750,False,91901,TW,my9買酒網,,2026-05-30,overseas,2026-05_tw_whisky_poc.csv,unmatched,
,,道格拉斯蘭恩 風暴 第四批次,,False,183802,TW,my9買酒網,,2026-05-30,overseas,2026-05_tw_whisky_poc.csv,unmatched,
,,道格拉斯蘭恩 大玩家 蘇格蘭調和麥芽威士忌,,False,127640,TW,my9買酒網,,2026-05-30,overseas,2026-05_tw_whisky_poc.csv,unmatched,
,,君霸 特陳蘇格蘭威士忌,,False,30532,TW,my9買酒網,,2026-05-30,overseas,2026-05_tw_whisky_poc.csv,unmatched,
,,道格拉斯蘭恩 大玩家12年 蘇格蘭調和麥芽威士忌,,False,171548,TW,my9買酒網,,2026-05-30,overseas,2026-05_tw_whisky_poc.csv,unmatched,
,,道格拉斯蘭恩 泥煤哥12年,,False,171548,TW,my9買酒網,,2026-05-30,overseas,2026-05_tw_whisky_poc.csv,unmatched,
,,波摩 21年 Aston Martin 大師鉅作系列 第一版,,False,3369696,TW,my9買酒網,,2026-05-30,overseas,2026-05_tw_whisky_poc.csv,unmatched,
,,格蘭花格 15年,,False,185844,TW,my9買酒網,,2026-05-30,overseas,2026-05_tw_whisky_poc.csv,unmatched,
,,裸鑽雪莉 初次雪莉桶 蘇格蘭威士忌,,False,70458,TW,my9買酒網,,2026-05-30,overseas,2026-05_tw_whisky_poc.csv,unmatched,
,,格蘭菲迪 12年 (1L),1000,False,97005,TW,my9買酒網,,2026-05-30,overseas,2026-05_tw_whisky_poc.csv,unmatched,
,,雅柏 25年,,False,4064056,TW,my9買酒網,,2026-05-30,overseas,2026-05_tw_whisky_poc.csv,unmatched,
,,麥卡倫 酒莊珍藏,,False,1378511,TW,my9買酒網,,2026-05-30,overseas,2026-05_tw_whisky_poc.csv,unmatched,
,,威斯克 限量62度愛爾蘭調和威士忌原酒,,False,102010,TW,my9買酒網,,2026-05-30,overseas,2026-05_tw_whisky_poc.csv,unmatched,
,,麥卡倫 CLASSIC CUT 2021,,False,611651,TW,my9買酒網,,2026-05-30,overseas,2026-05_tw_whisky_poc.csv,unmatched,
,,歐肯 18年,,False,296125,TW,my9買酒網,,2026-05-30,overseas,2026-05_tw_whisky_poc.csv,unmatched,
,,班瑞克 30年,,False,2021817,TW,my9買酒網,,2026-05-30,overseas,2026-05_tw_whisky_poc.csv,unmatched,
,,格蘭菲迪 23年 頂級法國葡萄桶,,False,765840,TW,my9買酒網,,2026-05-30,overseas,2026-05_tw_whisky_poc.csv,unmatched,
,,麥卡倫 湛藍,,False,806684,TW,my9買酒網,,2026-05-30,overseas,2026-05_tw_whisky_poc.csv,unmatched,
,,麥卡倫 25年雪莉桶 (2021年),,False,7352063,TW,my9買酒網,,2026-05-30,overseas,2026-05_tw_whisky_poc.csv,unmatched,
,,老酋長 蒸餾廠國際版 DAILUAINE23年,,False,684151,TW,my9買酒網,,2026-05-30,overseas,2026-05_tw_whisky_poc.csv,unmatched,
,,班瑞克 季節系列 地板發麥,,False,303272,TW,my9買酒網,,2026-05-30,overseas,2026-05_tw_whisky_poc.csv,unmatched,
,,班瑞克 季節系列 煙燻,,False,153167,TW,my9買酒網,,2026-05-30,overseas,2026-05_tw_whisky_poc.csv,unmatched,
,,泰斯卡 41年 極奢原酒1979-2020,,False,14091452,TW,my9買酒網,,2026-05-30,overseas,2026-05_tw_whisky_poc.csv,unmatched,
,,百富 12年 DOUBLEWOOD,,False,142447,TW,my9買酒網,,2026-05-30,overseas,2026-05_tw_whisky_poc.csv,unmatched,
,,泰斯卡 25年,,False,1531681,TW,my9買酒網,,2026-05-30,overseas,2026-05_tw_whisky_poc.csv,unmatched,
,,格蘭利威 12年首席三桶,,False,86694,TW,my9買酒網,,2026-05-30,overseas,2026-05_tw_whisky_poc.csv,unmatched,
,,蘇格登 19年限量原酒 (帝亞吉歐2021臻選系列),,False,490138,TW,my9買酒網,,2026-05-30,overseas,2026-05_tw_whisky_poc.csv,unmatched,
,,歐本 12年限量原酒 (帝亞吉歐2021臻選系列),,False,388026,TW,my9買酒網,,2026-05-30,overseas,2026-05_tw_whisky_poc.csv,unmatched,
,,泰斯卡 8年限量原酒 (帝亞吉歐2021臻選系列),,False,305314,TW,my9買酒網,,2026-05-30,overseas,2026-05_tw_whisky_poc.csv,unmatched,
,,卡杜 14年限量原酒 (帝亞吉歐2021臻選系列),,False,403342,TW,my9買酒網,,2026-05-30,overseas,2026-05_tw_whisky_poc.csv,unmatched,
,,慕赫 12年,,False,151125,TW,my9買酒網,,2026-05-30,overseas,2026-05_tw_whisky_poc.csv,unmatched,
,,噶瑪蘭 層豐雪莉三桶,,False,213414,TW,my9買酒網,,2026-05-30,overseas,2026-05_tw_whisky_poc.csv,unmatched,
,,金賓 白牌波本威士忌,,False,36761,TW,my9買酒網,,2026-05-30,overseas,2026-05_tw_whisky_poc.csv,unmatched,
,,麥卡倫 30年雪莉雙桶 (2021年),,False,14091452,TW,my9買酒網,,2026-05-30,overseas,2026-05_tw_whisky_poc.csv,unmatched,
,,麥卡倫 30年雪莉桶 (2021年),,False,18380156,TW,my9買酒網,,2026-05-30,overseas,2026-05_tw_whisky_poc.csv,unmatched,
,,漢特 經典調和蘇格蘭威士忌,,False,40846,TW,my9買酒網,,2026-05-30,overseas,2026-05_tw_whisky_poc.csv,unmatched,
,,渥福 精選裸麥威士忌,,False,130704,TW,my9買酒網,,2026-05-30,overseas,2026-05_tw_whisky_poc.csv,unmatched,
,,蘇格登 53年,,False,87816301,TW,my9買酒網,,2026-05-30,overseas,2026-05_tw_whisky_poc.csv,unmatched,
,,約翰走路 XR 23年,,False,385984,TW,my9買酒網,,2026-05-30,overseas,2026-05_tw_whisky_poc.csv,unmatched,
,,魁列奇 21年,,False,949642,TW,my9買酒網,,2026-05-30,overseas,2026-05_tw_whisky_poc.csv,unmatched,
,,噶瑪蘭 珍選 NO.2,,False,102010,TW,my9買酒網,,2026-05-30,overseas,2026-05_tw_whisky_poc.csv,unmatched,
,,格蘭冠 18年,,False,336969,TW,my9買酒網,,2026-05-30,overseas,2026-05_tw_whisky_poc.csv,unmatched,
,,百富 故事系列 21年傾城玫瑰,,False,1419357,TW,my9買酒網,,2026-05-30,overseas,2026-05_tw_whisky_poc.csv,unmatched,
,,布萊迪 1990/27年 HB桶,,False,1480624,TW,my9買酒網,,2026-05-30,overseas,2026-05_tw_whisky_poc.csv,unmatched,
,,仕高利達 金牌,,False,42888,TW,my9買酒網,,2026-05-30,overseas,2026-05_tw_whisky_poc.csv,unmatched,
,,蘇魔克 黃金蘭姆單一純麥威士忌,,False,148063,TW,my9買酒網,,2026-05-30,overseas,2026-05_tw_whisky_poc.csv,unmatched,
,,蘇魔克 雪莉炸彈,,False,172570,TW,my9買酒網,,2026-05-30,overseas,2026-05_tw_whisky_poc.csv,unmatched,
,,蘇魔克 白金58單一純麥威士忌,,False,153065,TW,my9買酒網,,2026-05-30,overseas,2026-05_tw_whisky_poc.csv,unmatched,
,,天空之島 12年,,False,53097,TW,my9買酒網,,2026-05-30,overseas,2026-05_tw_whisky_poc.csv,unmatched,
,,亞伯樂 首選原桶 #80,,False,183699,TW,my9買酒網,,2026-05-30,overseas,2026-05_tw_whisky_poc.csv,unmatched,
,,格蘭路思 30年,,False,3982367,TW,my9買酒網,,2026-05-30,overseas,2026-05_tw_whisky_poc.csv,unmatched,
,,白馬 調和式威士忌 (1L),1000,False,40744,TW,my9買酒網,,2026-05-30,overseas,2026-05_tw_whisky_poc.csv,unmatched,
,,白馬 調和式威士忌,,False,33697,TW,my9買酒網,,2026-05-30,overseas,2026-05_tw_whisky_poc.csv,unmatched,
,,麥卡倫 絢儷系列 NO.6,,False,10823869,TW,my9買酒網,,2026-05-30,overseas,2026-05_tw_whisky_poc.csv,unmatched,
,,低地之王 玫瑰河畔30年,,False,9802749,TW,my9買酒網,,2026-05-30,overseas,2026-05_tw_whisky_poc.csv,unmatched,
,,艾樂奇 12年,,False,151125,TW,my9買酒網,,2026-05-30,overseas,2026-05_tw_whisky_poc.csv,unmatched,
,,格蘭花格 21年精裝版,,False,439081,TW,my9買酒網,,2026-05-30,overseas,2026-05_tw_whisky_poc.csv,unmatched,
,,天空之島 18年,,False,122535,TW,my9買酒網,,2026-05-30,overseas,2026-05_tw_whisky_poc.csv,unmatched,
,,格蘭哥尼 傳奇系列第二章,,False,199118,TW,my9買酒網,,2026-05-30,overseas,2026-05_tw_whisky_poc.csv,unmatched,
,,雙人牌 綠標蘇格蘭威士忌,,False,38803,TW,my9買酒網,,2026-05-30,overseas,2026-05_tw_whisky_poc.csv,unmatched,
,,蘇魔克 43單一純麥威士忌,,False,107217,TW,my9買酒網,,2026-05-30,overseas,2026-05_tw_whisky_poc.csv,unmatched,
,,格蘭哥尼 21年,,False,510459,TW,my9買酒網,,2026-05-30,overseas,2026-05_tw_whisky_poc.csv,unmatched,
,,格蘭哥尼 18年,,False,345138,TW,my9買酒網,,2026-05-30,overseas,2026-05_tw_whisky_poc.csv,unmatched,
,,格蘭哥尼 12年,,False,110281,TW,my9買酒網,,2026-05-30,overseas,2026-05_tw_whisky_poc.csv,unmatched,
,,格蘭哥尼 25年雪莉桶,,False,1480624,TW,my9買酒網,,2026-05-30,overseas,2026-05_tw_whisky_poc.csv,unmatched,
,,美格 原桶強度波本威士忌,,False,214436,TW,my9買酒網,,2026-05-30,overseas,2026-05_tw_whisky_poc.csv,unmatched,
,,雅柏 10年,,False,142956,TW,my9買酒網,,2026-05-30,overseas,2026-05_tw_whisky_poc.csv,unmatched,
,,皇家禮炮21年 王者之鑽,,False,255177,TW,my9買酒網,,2026-05-30,overseas,2026-05_tw_whisky_poc.csv,unmatched,
,,皇家禮炮 25年,,False,765840,TW,my9買酒網,,2026-05-30,overseas,2026-05_tw_whisky_poc.csv,unmatched,
,,麥卡倫 SIR PETER BLAKE 限量版,,False,5258766,TW,my9買酒網,,2026-05-30,overseas,2026-05_tw_whisky_poc.csv,unmatched,
,,若鶴 Umesky 梅酒威士忌,,False,148063,TW,my9買酒網,,2026-05-30,overseas,2026-05_tw_whisky_poc.csv,unmatched,
,,羅伊 13年加強桶愛爾蘭威士忌,,False,204122,TW,my9買酒網,,2026-05-30,overseas,2026-05_tw_whisky_poc.csv,unmatched,
,,雅柏 5年煙燻小野獸,,False,120493,TW,my9買酒網,,2026-05-30,overseas,2026-05_tw_whisky_poc.csv,unmatched,
,,費特肯22年,,False,847530,TW,my9買酒網,,2026-05-30,overseas,2026-05_tw_whisky_poc.csv,unmatched,
,,泰斯卡 10年,,False,102010,TW,my9買酒網,,2026-05-30,overseas,2026-05_tw_whisky_poc.csv,unmatched,
,,雅墨 18年,,False,322675,TW,my9買酒網,,2026-05-30,overseas,2026-05_tw_whisky_poc.csv,unmatched,
,,雅墨 12年,,False,137851,TW,my9買酒網,,2026-05-30,overseas,2026-05_tw_whisky_poc.csv,unmatched,
,,威雀 金冠威士忌,,False,33594,TW,my9買酒網,,2026-05-30,overseas,2026-05_tw_whisky_poc.csv,unmatched,
,,OMAR 原桶強度 IPA桶,,False,454399,TW,my9買酒網,,2026-05-30,overseas,2026-05_tw_whisky_poc.csv,unmatched,
,,亞伯樂 14年雙桶,,False,167463,TW,my9買酒網,,2026-05-30,overseas,2026-05_tw_whisky_poc.csv,unmatched,
,,新響 威士忌,,False,212394,TW,my9買酒網,,2026-05-30,overseas,2026-05_tw_whisky_poc.csv,unmatched,
,,格蘭路思 19年單桶原酒 #1433,,False,1225344,TW,my9買酒網,,2026-05-30,overseas,2026-05_tw_whisky_poc.csv,unmatched,
,,皇家柏克萊 21年,,False,714681,TW,my9買酒網,,2026-05-30,overseas,2026-05_tw_whisky_poc.csv,unmatched,
,,皇家柏克萊 18年,,False,372708,TW,my9買酒網,,2026-05-30,overseas,2026-05_tw_whisky_poc.csv,unmatched,
,,艾柏迪 21年,,False,428869,TW,my9買酒網,,2026-05-30,overseas,2026-05_tw_whisky_poc.csv,unmatched,
,,蘇格登 時光協奏第一樂章 38年原酒,,False,8158747,TW,my9買酒網,,2026-05-30,overseas,2026-05_tw_whisky_poc.csv,unmatched,
,,皇家禮炮 21年(綠盒),,False,294083,TW,my9買酒網,,2026-05-30,overseas,2026-05_tw_whisky_poc.csv,unmatched,
,,約翰走路 ART DECO 大師典藏系列30年,,False,15827358,TW,my9買酒網,,2026-05-30,overseas,2026-05_tw_whisky_poc.csv,unmatched,
,,約翰走路 VICTORIAN 大師典藏系列30年,,False,15827358,TW,my9買酒網,,2026-05-30,overseas,2026-05_tw_whisky_poc.csv,unmatched,
,,約翰走路 約翰華克 50年紀念版,,False,76583983,TW,my9買酒網,,2026-05-30,overseas,2026-05_tw_whisky_poc.csv,unmatched,
,,約翰走路 約翰華克 40年紀念版,,False,58203827,TW,my9買酒網,,2026-05-30,overseas,2026-05_tw_whisky_poc.csv,unmatched,
,,約翰走路 約翰華克紀念版,,False,11742878,TW,my9買酒網,,2026-05-30,overseas,2026-05_tw_whisky_poc.csv,unmatched,
,,樂加維林 28年單桶原酒 1991-2019,,False,7658399,TW,my9買酒網,,2026-05-30,overseas,2026-05_tw_whisky_poc.csv,unmatched,
,,高原騎士 原酒 NO.1,,False,347180,TW,my9買酒網,,2026-05-30,overseas,2026-05_tw_whisky_poc.csv,unmatched,
,,麥卡倫 奢想 2020,,False,918905,TW,my9買酒網,,2026-05-30,overseas,2026-05_tw_whisky_poc.csv,unmatched,
,,班瑞克 12年煙燻,,False,107217,TW,my9買酒網,,2026-05-30,overseas,2026-05_tw_whisky_poc.csv,unmatched,
,,班瑞克 12年,,False,97005,TW,my9買酒網,,2026-05-30,overseas,2026-05_tw_whisky_poc.csv,unmatched,
,,班瑞克 10年,,False,101090,TW,my9買酒網,,2026-05-30,overseas,2026-05_tw_whisky_poc.csv,unmatched,
,,班瑞克 10年煙燻 新版白標,,False,91799,TW,my9買酒網,,2026-05-30,overseas,2026-05_tw_whisky_poc.csv,unmatched,
,,帝王 四重陳釀 27年限量版,,False,610629,TW,my9買酒網,,2026-05-30,overseas,2026-05_tw_whisky_poc.csv,unmatched,
,,帝王 四重陳釀 21年限量版,,False,345138,TW,my9買酒網,,2026-05-30,overseas,2026-05_tw_whisky_poc.csv,unmatched,
,,艾柏迪 12年,,False,102010,TW,my9買酒網,,2026-05-30,overseas,2026-05_tw_whisky_poc.csv,unmatched,
,,格蘭菲迪 12年天使雪莉,,False,89858,TW,my9買酒網,,2026-05-30,overseas,2026-05_tw_whisky_poc.csv,unmatched,
,,約翰走路 200週年復刻限定版,,False,173590,TW,my9買酒網,,2026-05-30,overseas,2026-05_tw_whisky_poc.csv,unmatched,
,,凱利 40年限量原酒,,False,2123929,TW,my9買酒網,,2026-05-30,overseas,2026-05_tw_whisky_poc.csv,unmatched,
,,約翰走路 XR 21年,,False,260386,TW,my9買酒網,,2026-05-30,overseas,2026-05_tw_whisky_poc.csv,unmatched,
,,塔木嶺 雪莉三桶,,False,70458,TW,my9買酒網,,2026-05-30,overseas,2026-05_tw_whisky_poc.csv,unmatched,
,,吉拉 12年雪莉桶,,False,89858,TW,my9買酒網,,2026-05-30,overseas,2026-05_tw_whisky_poc.csv,unmatched,
,,大摩 12年 雪莉三桶,,False,183699,TW,my9買酒網,,2026-05-30,overseas,2026-05_tw_whisky_poc.csv,unmatched,
,,蘇格登 12年雪莉桶,,False,122535,TW,my9買酒網,,2026-05-30,overseas,2026-05_tw_whisky_poc.csv,unmatched,
,,蘇格登 42年,,False,14091452,TW,my9買酒網,,2026-05-30,overseas,2026-05_tw_whisky_poc.csv,unmatched,
,,蘇格登 41年,,False,13070333,TW,my9買酒網,,2026-05-30,overseas,2026-05_tw_whisky_poc.csv,unmatched,
,,蘇格登 18年,,False,280807,TW,my9買酒網,,2026-05-30,overseas,2026-05_tw_whisky_poc.csv,unmatched,
,,蘇格登 15年,,False,180739,TW,my9買酒網,,2026-05-30,overseas,2026-05_tw_whisky_poc.csv,unmatched,
,,蘇格登 12年 歐版,,False,80669,TW,my9買酒網,,2026-05-30,overseas,2026-05_tw_whisky_poc.csv,unmatched,
,,蘇格登 12年,,False,99048,TW,my9買酒網,,2026-05-30,overseas,2026-05_tw_whisky_poc.csv,unmatched,
,,慕赫 18年,,False,510559,TW,my9買酒網,,2026-05-30,overseas,2026-05_tw_whisky_poc.csv,unmatched,
,,帝王 白牌威士忌,,False,47993,TW,my9買酒網,,2026-05-30,overseas,2026-05_tw_whisky_poc.csv,unmatched,
,,百富 故事系列 No.2 14年泥煤週,,False,245068,TW,my9買酒網,,2026-05-30,overseas,2026-05_tw_whisky_poc.csv,unmatched,
,,留名溪 波本威士忌,,False,101090,TW,my9買酒網,,2026-05-30,overseas,2026-05_tw_whisky_poc.csv,unmatched,
,,布納哈本 40年,,False,7045726,TW,my9買酒網,,2026-05-30,overseas,2026-05_tw_whisky_poc.csv,unmatched,
,,格蘭利威 15年雪莉桶,,False,260386,TW,my9買酒網,,2026-05-30,overseas,2026-05_tw_whisky_poc.csv,unmatched,
,,拉弗格 10年,,False,102112,TW,my9買酒網,,2026-05-30,overseas,2026-05_tw_whisky_poc.csv,unmatched,
,,富特尼 25Y(新版),,False,1409146,TW,my9買酒網,,2026-05-30,overseas,2026-05_tw_whisky_poc.csv,unmatched,
,,巴特 裸麥波本威士忌,,False,127640,TW,my9買酒網,,2026-05-30,overseas,2026-05_tw_whisky_poc.csv,unmatched,
,,巴特 波本威士忌,,False,117428,TW,my9買酒網,,2026-05-30,overseas,2026-05_tw_whisky_poc.csv,unmatched,
,,約翰走路 藍牌 豬年限定版,,False,610629,TW,my9買酒網,,2026-05-30,overseas,2026-05_tw_whisky_poc.csv,unmatched,
,,約翰走路 藍牌 鼠年限定版,,False,561616,TW,my9買酒網,,2026-05-30,overseas,2026-05_tw_whisky_poc.csv,unmatched,
,,達爾維尼 30年限量原酒 (帝亞吉歐2019臻選系列),,False,2144352,TW,my9買酒網,,2026-05-30,overseas,2026-05_tw_whisky_poc.csv,unmatched,
,,齊侯門 VINTAGE 2010,,False,265491,TW,my9買酒網,,2026-05-30,overseas,2026-05_tw_whisky_poc.csv,unmatched,
,,高原騎士 21年 2019限量版,,False,878164,TW,my9買酒網,,2026-05-30,overseas,2026-05_tw_whisky_poc.csv,unmatched,
,,亞伯樂 14年初次填充波本桶單桶原酒 #27659,,False,867953,TW,my9買酒網,,2026-05-30,overseas,2026-05_tw_whisky_poc.csv,unmatched,
,,亞伯樂 12年,,False,117326,TW,my9買酒網,,2026-05-30,overseas,2026-05_tw_whisky_poc.csv,unmatched,
,,帝王 15年,,False,89858,TW,my9買酒網,,2026-05-30,overseas,2026-05_tw_whisky_poc.csv,unmatched,
,,皇家柏克萊 12年,,False,142856,TW,my9買酒網,,2026-05-30,overseas,2026-05_tw_whisky_poc.csv,unmatched,
,,鉑仕麥 原創愛爾蘭威士忌,,False,60246,TW,my9買酒網,,2026-05-30,overseas,2026-05_tw_whisky_poc.csv,unmatched,
,,傑克丹尼 田納西威士忌 迷你酒,,False,8169,TW,my9買酒網,,2026-05-30,overseas,2026-05_tw_whisky_poc.csv,unmatched,
,,歐佛斯特 特色100波本威士忌,,False,73009,TW,my9買酒網,,2026-05-30,overseas,2026-05_tw_whisky_poc.csv,unmatched,
,,諾亞工坊 波本威士忌,,False,219540,TW,my9買酒網,,2026-05-30,overseas,2026-05_tw_whisky_poc.csv,unmatched,
,,渥福 精醇雙桶威士忌,,False,181759,TW,my9買酒網,,2026-05-30,overseas,2026-05_tw_whisky_poc.csv,unmatched,
,,仕高利達 12年,,False,71478,TW,my9買酒網,,2026-05-30,overseas,2026-05_tw_whisky_poc.csv,unmatched,
,,鉑仕麥 12年 瑪薩拉紅酒桶,,False,122535,TW,my9買酒網,,2026-05-30,overseas,2026-05_tw_whisky_poc.csv,unmatched,
,,鉑仕麥 黑樽愛爾蘭威士忌,,False,70967,TW,my9買酒網,,2026-05-30,overseas,2026-05_tw_whisky_poc.csv,unmatched,
,,坦杜 15年雪莉桶,,False,222605,TW,my9買酒網,,2026-05-30,overseas,2026-05_tw_whisky_poc.csv,unmatched,
,,約翰走路 雪莉桶15年,,False,102010,TW,my9買酒網,,2026-05-30,overseas,2026-05_tw_whisky_poc.csv,unmatched,
,,艾柏迪 16年,,False,168485,TW,my9買酒網,,2026-05-30,overseas,2026-05_tw_whisky_poc.csv,unmatched,
,,野火雞 81 波本威士忌 11/12,,False,74542,TW,my9買酒網,,2026-05-30,overseas,2026-05_tw_whisky_poc.csv,unmatched,
,,波摩 15年,,False,152147,TW,my9買酒網,,2026-05-30,overseas,2026-05_tw_whisky_poc.csv,unmatched,
,,1776 裸麥威士忌,,False,134278,TW,my9買酒網,,2026-05-30,overseas,2026-05_tw_whisky_poc.csv,unmatched,
,,OMAR 原桶強度 雪莉桶,,False,393131,TW,my9買酒網,,2026-05-30,overseas,2026-05_tw_whisky_poc.csv,unmatched,
,,OMAR 波本花香,,False,89858,TW,my9買酒網,,2026-05-30,overseas,2026-05_tw_whisky_poc.csv,unmatched,
,,OMAR 原桶強度 柳丁桶,,False,530982,TW,my9買酒網,,2026-05-30,overseas,2026-05_tw_whisky_poc.csv,unmatched,
,,OMAR 原桶強度 葡萄酒桶,,False,488096,TW,my9買酒網,,2026-05-30,overseas,2026-05_tw_whisky_poc.csv,unmatched,
,,OMAR 原桶強度 荔枝桶,,False,505454,TW,my9買酒網,,2026-05-30,overseas,2026-05_tw_whisky_poc.csv,unmatched,
,,角瓶 威士忌,,False,50035,TW,my9買酒網,,2026-05-30,overseas,2026-05_tw_whisky_poc.csv,unmatched,
,,OMAR 原桶強度 波本桶,,False,347180,TW,my9買酒網,,2026-05-30,overseas,2026-05_tw_whisky_poc.csv,unmatched,
,,OMAR 雪莉果乾,,False,101090,TW,my9買酒網,,2026-05-30,overseas,2026-05_tw_whisky_poc.csv,unmatched,
,,OMAR 原桶強度 泥煤新橡木桶,,False,403342,TW,my9買酒網,,2026-05-30,overseas,2026-05_tw_whisky_poc.csv,unmatched,
,,三隻猴子 100%麥芽威士忌,,False,61164,TW,my9買酒網,,2026-05-30,overseas,2026-05_tw_whisky_poc.csv,unmatched,
,,響 30年,,False,20218171,TW,my9買酒網,,2026-05-30,overseas,2026-05_tw_whisky_poc.csv,unmatched,
,,仕高利達 經典(紅) (1L),1000,False,39824,TW,my9買酒網,,2026-05-30,overseas,2026-05_tw_whisky_poc.csv,unmatched,
,,噶瑪蘭 經典獨奏 VINHO葡萄桶原酒,,False,324717,TW,my9買酒網,,2026-05-30,overseas,2026-05_tw_whisky_poc.csv,unmatched,
,,噶瑪蘭 珍選 NO.1,,False,102010,TW,my9買酒網,,2026-05-30,overseas,2026-05_tw_whisky_poc.csv,unmatched,
,,噶瑪蘭 經典獨奏 FINO雪莉桶原酒,,False,606544,TW,my9買酒網,,2026-05-30,overseas,2026-05_tw_whisky_poc.csv,unmatched,
,,噶瑪蘭 經典獨奏 波本桶原酒,,False,283871,TW,my9買酒網,,2026-05-30,overseas,2026-05_tw_whisky_poc.csv,unmatched,
,,噶瑪蘭 經典,,False,202182,TW,my9買酒網,,2026-05-30,overseas,2026-05_tw_whisky_poc.csv,unmatched,
,,噶瑪蘭 山川首席 波特風味桶,,False,137851,TW,my9買酒網,,2026-05-30,overseas,2026-05_tw_whisky_poc.csv,unmatched,
,,大摩 亞歷山大紀念款,,False,509539,TW,my9買酒網,,2026-05-30,overseas,2026-05_tw_whisky_poc.csv,unmatched,
,,大摩 15年,,False,283871,TW,my9買酒網,,2026-05-30,overseas,2026-05_tw_whisky_poc.csv,unmatched,
,,大摩 12年,,False,152147,TW,my9買酒網,,2026-05-30,overseas,2026-05_tw_whisky_poc.csv,unmatched,
,,安努克 12年,,False,100070,TW,my9買酒網,,2026-05-30,overseas,2026-05_tw_whisky_poc.csv,unmatched,
,,奧德摩爾 單一麥芽威士忌,,False,56162,TW,my9買酒網,,2026-05-30,overseas,2026-05_tw_whisky_poc.csv,unmatched,
,,尊美醇 愛爾蘭威士忌,,False,55140,TW,my9買酒網,,2026-05-30,overseas,2026-05_tw_whisky_poc.csv,unmatched,
,,山崎 18年,,False,2399631,TW,my9買酒網,,2026-05-30,overseas,2026-05_tw_whisky_poc.csv,unmatched,
,,山崎 12年,,False,459504,TW,my9買酒網,,2026-05-30,overseas,2026-05_tw_whisky_poc.csv,unmatched,
,,布納哈本 12年,,False,107217,TW,my9買酒網,,2026-05-30,overseas,2026-05_tw_whisky_poc.csv,unmatched,
,,布納哈本 25年,,False,1307033,TW,my9買酒網,,2026-05-30,overseas,2026-05_tw_whisky_poc.csv,unmatched,
,,格蘭傑 12年雪莉桶 2023新包裝,,False,117428,TW,my9買酒網,,2026-05-30,overseas,2026-05_tw_whisky_poc.csv,unmatched,
,,新山崎 威士忌,,False,263449,TW,my9買酒網,,2026-05-30,overseas,2026-05_tw_whisky_poc.csv,unmatched,
,,新白州 威士忌,,False,234756,TW,my9買酒網,,2026-05-30,overseas,2026-05_tw_whisky_poc.csv,unmatched,
,,格蘭利威 15年法國桶,,False,161336,TW,my9買酒網,,2026-05-30,overseas,2026-05_tw_whisky_poc.csv,unmatched,
,,格蘭利威 12年,,False,77605,TW,my9買酒網,,2026-05-30,overseas,2026-05_tw_whisky_poc.csv,unmatched,
,,格蘭利威 18年,,False,250175,TW,my9買酒網,,2026-05-30,overseas,2026-05_tw_whisky_poc.csv,unmatched,
,,格蘭菲迪15年,,False,120493,TW,my9買酒網,,2026-05-30,overseas,2026-05_tw_whisky_poc.csv,unmatched,
,,格蘭菲迪 18年,,False,191971,TW,my9買酒網,,2026-05-30,overseas,2026-05_tw_whisky_poc.csv,unmatched,
,,歐肯 美國桶,,False,71376,TW,my9買酒網,,2026-05-30,overseas,2026-05_tw_whisky_poc.csv,unmatched,
,,歐肯 12年,,False,81587,TW,my9買酒網,,2026-05-30,overseas,2026-05_tw_whisky_poc.csv,unmatched,
,,汀士頓 12年雪莉桶,,False,112324,TW,my9買酒網,,2026-05-30,overseas,2026-05_tw_whisky_poc.csv,unmatched,
,,波摩 12年,,False,86796,TW,my9買酒網,,2026-05-30,overseas,2026-05_tw_whisky_poc.csv,unmatched,
,,白州 18年,,False,1889072,TW,my9買酒網,,2026-05-30,overseas,2026-05_tw_whisky_poc.csv,unmatched,
,,渥福 精選波本威士忌,,False,127640,TW,my9買酒網,,2026-05-30,overseas,2026-05_tw_whisky_poc.csv,unmatched,
,,百富 加勒比海蘭姆桶14年,,False,191971,TW,my9買酒網,,2026-05-30,overseas,2026-05_tw_whisky_poc.csv,unmatched,
,,百富 40年 新版,,False,25323770,TW,my9買酒網,,2026-05-30,overseas,2026-05_tw_whisky_poc.csv,unmatched,
,,百富 21年,,False,602462,TW,my9買酒網,,2026-05-30,overseas,2026-05_tw_whisky_poc.csv,unmatched,
,,百齡罈 17年,,False,131724,TW,my9買酒網,,2026-05-30,overseas,2026-05_tw_whisky_poc.csv,unmatched,
,,百富 故事系列 12年糖心橡木,,False,158274,TW,my9買酒網,,2026-05-30,overseas,2026-05_tw_whisky_poc.csv,unmatched,
,,百齡罈 30年,,False,786263,TW,my9買酒網,,2026-05-30,overseas,2026-05_tw_whisky_poc.csv,unmatched,
,,百齡罈 紅璽,,False,38803,TW,my9買酒網,,2026-05-30,overseas,2026-05_tw_whisky_poc.csv,unmatched,
,,百齡罈 21年,,False,212394,TW,my9買酒網,,2026-05-30,overseas,2026-05_tw_whisky_poc.csv,unmatched,
,,皇家禮炮 21年(1L),1000,False,367399,TW,my9買酒網,,2026-05-30,overseas,2026-05_tw_whisky_poc.csv,unmatched,
,,皇家禮炮 21年,,False,260386,TW,my9買酒網,,2026-05-30,overseas,2026-05_tw_whisky_poc.csv,unmatched,
,,知多 單一穀物威士忌,,False,107217,TW,my9買酒網,,2026-05-30,overseas,2026-05_tw_whisky_poc.csv,unmatched,
,,約翰走路 18年,,False,183802,TW,my9買酒網,,2026-05-30,overseas,2026-05_tw_whisky_poc.csv,unmatched,
,,玫瑰 波本威士忌,,False,79647,TW,my9買酒網,,2026-05-30,overseas,2026-05_tw_whisky_poc.csv,unmatched,
,,約翰走路 雙黑牌(1L),1000,False,90881,TW,my9買酒網,,2026-05-30,overseas,2026-05_tw_whisky_poc.csv,unmatched,
,,約翰走路 黑牌 12年,,False,64842,TW,my9買酒網,,2026-05-30,overseas,2026-05_tw_whisky_poc.csv,unmatched,
,,約翰走路 紅牌,,False,40846,TW,my9買酒網,,2026-05-30,overseas,2026-05_tw_whisky_poc.csv,unmatched,
,,野牛仙蹤 波本威士忌,,False,81689,TW,my9買酒網,,2026-05-30,overseas,2026-05_tw_whisky_poc.csv,unmatched,
,,美國 玫瑰單桶原酒,,False,142956,TW,my9買酒網,,2026-05-30,overseas,2026-05_tw_whisky_poc.csv,unmatched,
,,傑克丹尼 田納西威士忌,,False,61164,TW,my9買酒網,,2026-05-30,overseas,2026-05_tw_whisky_poc.csv,unmatched,
,,美格 46波本威士忌,,False,117428,TW,my9買酒網,,2026-05-30,overseas,2026-05_tw_whisky_poc.csv,unmatched,
,,美格 波本威士忌,,False,79647,TW,my9買酒網,,2026-05-30,overseas,2026-05_tw_whisky_poc.csv,unmatched,
,,信州藏 調和威士忌,,False,55140,TW,my9買酒網,,2026-05-30,overseas,2026-05_tw_whisky_poc.csv,unmatched,
,,起瓦士 12年,,False,67904,TW,my9買酒網,,2026-05-30,overseas,2026-05_tw_whisky_poc.csv,unmatched,
,,雅柏 漩渦,,False,264471,TW,my9買酒網,,2026-05-30,overseas,2026-05_tw_whisky_poc.csv,unmatched,
,,響 21年,,False,1919704,TW,my9買酒網,,2026-05-30,overseas,2026-05_tw_whisky_poc.csv,unmatched,
,,克里尼基 14年,,False,141936,TW,my9買酒網,,2026-05-30,overseas,2026-05_tw_whisky_poc.csv,unmatched,
,,卡爾里拉 12年,,False,137851,TW,my9買酒網,,2026-05-30,overseas,2026-05_tw_whisky_poc.csv,unmatched,
,,塔木嶺 雙桶威士忌,,False,68416,TW,my9買酒網,,2026-05-30,overseas,2026-05_tw_whisky_poc.csv,unmatched,
,,坦杜 12年雪莉桶,,False,117428,TW,my9買酒網,,2026-05-30,overseas,2026-05_tw_whisky_poc.csv,unmatched,
,,泰斯卡 波特,,False,142856,TW,my9買酒網,,2026-05-30,overseas,2026-05_tw_whisky_poc.csv,unmatched,
,,泰斯卡 風暴,,False,120493,TW,my9買酒網,,2026-05-30,overseas,2026-05_tw_whisky_poc.csv,unmatched,
,,大摩 極尊波特桶,,False,204224,TW,my9買酒網,,2026-05-30,overseas,2026-05_tw_whisky_poc.csv,unmatched,
,,大摩 25年,,False,4748207,TW,my9買酒網,,2026-05-30,overseas,2026-05_tw_whisky_poc.csv,unmatched,
,,富特尼 12年,,False,97005,TW,my9買酒網,,2026-05-30,overseas,2026-05_tw_whisky_poc.csv,unmatched,
,,富特尼 HUDDART,,False,148063,TW,my9買酒網,,2026-05-30,overseas,2026-05_tw_whisky_poc.csv,unmatched,
,,慕赫 20年,,False,806684,TW,my9買酒網,,2026-05-30,overseas,2026-05_tw_whisky_poc.csv,unmatched,
,,拉弗格 四分之一桶,,False,117428,TW,my9買酒網,,2026-05-30,overseas,2026-05_tw_whisky_poc.csv,unmatched,
,,拉弗格 特選桶,,False,79647,TW,my9買酒網,,2026-05-30,overseas,2026-05_tw_whisky_poc.csv,unmatched,
,,格蘭8年,,False,39824,TW,my9買酒網,,2026-05-30,overseas,2026-05_tw_whisky_poc.csv,unmatched,
,,格蘭傑 18年,,False,294083,TW,my9買酒網,,2026-05-30,overseas,2026-05_tw_whisky_poc.csv,unmatched,
,,格蘭傑 稀印,,False,541193,TW,my9買酒網,,2026-05-30,overseas,2026-05_tw_whisky_poc.csv,unmatched,
,,格蘭利威 25年,,False,1215133,TW,my9買酒網,,2026-05-30,overseas,2026-05_tw_whisky_poc.csv,unmatched,
,,格蘭利威 21年,,False,602462,TW,my9買酒網,,2026-05-30,overseas,2026-05_tw_whisky_poc.csv,unmatched,
,,格蘭哥尼 30年,,False,3655610,TW,my9買酒網,,2026-05-30,overseas,2026-05_tw_whisky_poc.csv,unmatched,
,,格蘭帝 雙桶,,False,97005,TW,my9買酒網,,2026-05-30,overseas,2026-05_tw_whisky_poc.csv,unmatched,
,,格蘭花格 105原酒 22年,,False,1317245,TW,my9買酒網,,2026-05-30,overseas,2026-05_tw_whisky_poc.csv,unmatched,
,,格蘭花格 30年,,False,1817592,TW,my9買酒網,,2026-05-30,overseas,2026-05_tw_whisky_poc.csv,unmatched,
,,格蘭花格 25年,,False,579997,TW,my9買酒網,,2026-05-30,overseas,2026-05_tw_whisky_poc.csv,unmatched,
,,格蘭菲迪 22年雪莉酒桶,,False,579997,TW,my9買酒網,,2026-05-30,overseas,2026-05_tw_whisky_poc.csv,unmatched,
,,格蘭路思 25年,,False,1633689,TW,my9買酒網,,2026-05-30,overseas,2026-05_tw_whisky_poc.csv,unmatched,
,,格蘭路思 WHISKY MAKERS CUT,,False,159294,TW,my9買酒網,,2026-05-30,overseas,2026-05_tw_whisky_poc.csv,unmatched,
,,樂加維林 16年,,False,232814,TW,my9買酒網,,2026-05-30,overseas,2026-05_tw_whisky_poc.csv,unmatched,
,,歐本 14年,,False,172570,TW,my9買酒網,,2026-05-30,overseas,2026-05_tw_whisky_poc.csv,unmatched,
,,歐肯 三桶,,False,102010,TW,my9買酒網,,2026-05-30,overseas,2026-05_tw_whisky_poc.csv,unmatched,
,,汀士頓 1785傳承雪莉桶 二次陳釀,,False,86796,TW,my9買酒網,,2026-05-30,overseas,2026-05_tw_whisky_poc.csv,unmatched,
,,班瑞克 25年,,False,970065,TW,my9買酒網,,2026-05-30,overseas,2026-05_tw_whisky_poc.csv,unmatched,
,,班瑞克 21年,,False,408347,TW,my9買酒網,,2026-05-30,overseas,2026-05_tw_whisky_poc.csv,unmatched,
,,皇冠 蘇格蘭調和威士忌,,False,39824,TW,my9買酒網,,2026-05-30,overseas,2026-05_tw_whisky_poc.csv,unmatched,
,,約翰走路 藍牌,,False,408347,TW,my9買酒網,,2026-05-30,overseas,2026-05_tw_whisky_poc.csv,unmatched,
,,約翰走路 綠牌15年,,False,108239,TW,my9買酒網,,2026-05-30,overseas,2026-05_tw_whisky_poc.csv,unmatched,
,,約翰走路 喬治五世紀念版,,False,1582736,TW,my9買酒網,,2026-05-30,overseas,2026-05_tw_whisky_poc.csv,unmatched,
,,費特肯12年,,False,121513,TW,my9買酒網,,2026-05-30,overseas,2026-05_tw_whisky_poc.csv,unmatched,
,,酷狗 調和蘇格蘭威士忌,,False,63309,TW,my9買酒網,,2026-05-30,overseas,2026-05_tw_whisky_poc.csv,unmatched,
,,達爾維尼 15年,,False,122535,TW,my9買酒網,,2026-05-30,overseas,2026-05_tw_whisky_poc.csv,unmatched,
,,雅柏 ANOA,,False,163276,TW,my9買酒網,,2026-05-30,overseas,2026-05_tw_whisky_poc.csv,unmatched,
,,高原騎士 40年,,False,12253437,TW,my9買酒網,,2026-05-30,overseas,2026-05_tw_whisky_poc.csv,unmatched,
,,齊侯門 馬齊爾灣,,False,137851,TW,my9買酒網,,2026-05-30,overseas,2026-05_tw_whisky_poc.csv,unmatched,
,,齊侯門 SANAIG,,False,162359,TW,my9買酒網,,2026-05-30,overseas,2026-05_tw_whisky_poc.csv,unmatched,
,,齊侯門 原桶強度波本桶2011#465,,False,326757,TW,my9買酒網,,2026-05-30,overseas,2026-05_tw_whisky_poc.csv,unmatched,
,,噶瑪蘭山川首席雪莉風味桶單一麥芽威士忌禮盒,,False,132746,TW,橡木桶drinks,,2026-05-30,overseas,2026-05_tw_whisky_poc.csv,unmatched,
,,金車噶瑪蘭珍選單一麥芽威士忌NO. 2 40% 0.7L,700,False,98028,TW,橡木桶drinks,,2026-05-30,overseas,2026-05_tw_whisky_poc.csv,unmatched,
,,噶瑪蘭經典獨奏Moscatel雪莉桶威士忌原酒 0.75L,750,False,709679,TW,橡木桶drinks,,2026-05-30,overseas,2026-05_tw_whisky_poc.csv,unmatched,
,,金車噶瑪蘭珍選單一麥芽威士忌 40% 0.7L,700,False,98028,TW,橡木桶drinks,,2026-05-30,overseas,2026-05_tw_whisky_poc.csv,unmatched,
,,金車噶瑪蘭山川首席單一麥芽威士忌 40% 0.7L,700,False,132746,TW,橡木桶drinks,,2026-05-30,overseas,2026-05_tw_whisky_poc.csv,unmatched,
,,金車噶瑪蘭經典單一麥芽威士忌 40% 0.7L,700,False,185844,TW,橡木桶drinks,,2026-05-30,overseas,2026-05_tw_whisky_poc.csv,unmatched,
,,噶瑪蘭經典獨奏VINHO葡萄酒桶威士忌原酒  0.7L,700,False,310421,TW,橡木桶drinks,,2026-05-30,overseas,2026-05_tw_whisky_poc.csv,unmatched,
,,噶瑪蘭經典獨奏FINO雪莉桶威士忌 0.7L,700,False,587143,TW,橡木桶drinks,,2026-05-30,overseas,2026-05_tw_whisky_poc.csv,unmatched,
,,噶瑪蘭經典獨奏 波本原酒桶 0.7L,700,False,265491,TW,橡木桶drinks,,2026-05-30,overseas,2026-05_tw_whisky_poc.csv,unmatched,
,,百富16年法國皮諾甜酒桶單一麥芽威士忌 47.6%  0.7L,700,False,367603,TW,橡木桶drinks,,2026-05-30,overseas,2026-05_tw_whisky_poc.csv,unmatched,
,,百富 Tun 1509 蘇格蘭斯佩賽單一麥芽威士忌Batch 6  50.4% 0.7L,700,False,1276399,TW,橡木桶drinks,,2026-05-30,overseas,2026-05_tw_whisky_poc.csv,unmatched,
,,百富故事系列: 14年泥煤週單一麥芽威士忌 48.3% 0.7L,700,False,245068,TW,橡木桶drinks,,2026-05-30,overseas,2026-05_tw_whisky_poc.csv,unmatched,
,,百富故事系列: 12年糖心橡木單一麥芽威士忌 43% 0.7L,700,False,159192,TW,橡木桶drinks,,2026-05-30,overseas,2026-05_tw_whisky_poc.csv,unmatched,
,,百富21年單一麥芽蘇格蘭威士忌 43% 0.7L,700,False,615838,TW,橡木桶drinks,,2026-05-30,overseas,2026-05_tw_whisky_poc.csv,unmatched,
,,百富14年加勒比海蘭姆酒桶單一麥芽蘇格蘭威士忌 43% 0.7L,700,False,208207,TW,橡木桶drinks,,2026-05-30,overseas,2026-05_tw_whisky_poc.csv,unmatched,
,,百富12年單一麥芽蘇格蘭威士忌 40% 0.7L,700,False,149594,TW,橡木桶drinks,,2026-05-30,overseas,2026-05_tw_whisky_poc.csv,unmatched,
,,格蘭菲迪12年天使雪莉單一麥芽威士忌禮盒,,False,98945,TW,橡木桶drinks,,2026-05-30,overseas,2026-05_tw_whisky_poc.csv,unmatched,
,,"格蘭菲迪23年法國葡萄酒桶 700ml 40%, Glenfiddich Grand Cru 23 Year Old Whisky 700ml 40%",700,False,752564,TW,橡木桶drinks,,2026-05-30,overseas,2026-05_tw_whisky_poc.csv,unmatched,
,,格蘭菲迪22年雪莉酒桶單一麥芽蘇格蘭威士忌 44.3% 0.7L,700,False,584999,TW,橡木桶drinks,,2026-05-30,overseas,2026-05_tw_whisky_poc.csv,unmatched,
w199,글렌피딕 30년,"英國格蘭菲迪30年蘇格蘭單一麥芽威士忌 0.7L 43%,Glenfiddich 30YO  GBX 0.7L 43%",700,False,2093295,TW,橡木桶drinks,,2026-05-30,overseas,2026-05_tw_whisky_poc.csv,matched,
,,格蘭菲迪12年天使雪莉桶單一麥芽威士忌 43% 0.7L,700,False,99048,TW,橡木桶drinks,,2026-05-30,overseas,2026-05_tw_whisky_poc.csv,unmatched,
,,格蘭菲迪18年單一麥芽威士忌 40% 0.7L,700,False,199015,TW,橡木桶drinks,,2026-05-30,overseas,2026-05_tw_whisky_poc.csv,unmatched,
,,格蘭菲迪15年單一麥芽威士忌 40% 0.7L,700,False,126517,TW,橡木桶drinks,,2026-05-30,overseas,2026-05_tw_whisky_poc.csv,unmatched,
,,格蘭菲迪12年單一麥芽威士忌 40% 0.7L,700,False,94863,TW,橡木桶drinks,,2026-05-30,overseas,2026-05_tw_whisky_poc.csv,unmatched,
,,麥卡倫Harmony Collection 阿拉比卡之旅 單一麥芽威士忌 44% 6X0.7L,700,False,543235,TW,橡木桶drinks,,2026-05-30,overseas,2026-05_tw_whisky_poc.csv,unmatched,
,,麥卡倫雙桶12年單一麥芽蘇格蘭威士忌 40% 0.7L,700,False,166545,TW,橡木桶drinks,,2026-05-30,overseas,2026-05_tw_whisky_poc.csv,unmatched,
,,麥卡倫25年單一純麥蘇格蘭威士忌 43% 0.7L,700,False,6994671,TW,橡木桶drinks,,2026-05-30,overseas,2026-05_tw_whisky_poc.csv,unmatched,
,,麥卡倫18年SO單一純麥蘇格蘭威士忌 43% 0.7L,700,False,1307033,TW,橡木桶drinks,,2026-05-30,overseas,2026-05_tw_whisky_poc.csv,unmatched,
,,麥卡倫12年雪莉桶單一純麥威士忌 40% 0.7L,700,False,241801,TW,橡木桶drinks,,2026-05-30,overseas,2026-05_tw_whisky_poc.csv,unmatched,
